origin_date,target,horizon,target_end_date,location,output_type,output_type_id,value
2025-11-12,hospital admissions,1,2025-11-09,CY,quantile,0.010,0.0
2025-11-12,hospital admissions,1,2025-11-09,CY,quantile,0.025,0.0
2025-11-12,hospital admissions,1,2025-11-09,CY,quantile,0.050,0.0
2025-11-12,hospital admissions,1,2025-11-09,CY,quantile,0.100,0.0
2025-11-12,hospital admissions,1,2025-11-09,CY,quantile,0.150,0.0
2025-11-12,hospital admissions,1,2025-11-09,CY,quantile,0.200,0.0
2025-11-12,hospital admissions,1,2025-11-09,CY,quantile,0.250,0.0
2025-11-12,hospital admissions,1,2025-11-09,CY,quantile,0.300,0.0
2025-11-12,hospital admissions,1,2025-11-09,CY,quantile,0.350,0.0
2025-11-12,hospital admissions,1,2025-11-09,CY,quantile,0.400,0.0
2025-11-12,hospital admissions,1,2025-11-09,CY,quantile,0.450,8.0
2025-11-12,hospital admissions,1,2025-11-09,CY,quantile,0.500,18.0
2025-11-12,hospital admissions,1,2025-11-09,CY,quantile,0.550,30.0
2025-11-12,hospital admissions,1,2025-11-09,CY,quantile,0.600,40.0
2025-11-12,hospital admissions,1,2025-11-09,CY,quantile,0.650,52.0
2025-11-12,hospital admissions,1,2025-11-09,CY,quantile,0.700,64.0
2025-11-12,hospital admissions,1,2025-11-09,CY,quantile,0.750,78.0
2025-11-12,hospital admissions,1,2025-11-09,CY,quantile,0.800,93.0
2025-11-12,hospital admissions,1,2025-11-09,CY,quantile,0.850,108.0
2025-11-12,hospital admissions,1,2025-11-09,CY,quantile,0.900,128.10000000000036
2025-11-12,hospital admissions,1,2025-11-09,CY,quantile,0.950,163.0
2025-11-12,hospital admissions,1,2025-11-09,CY,quantile,0.975,192.0
2025-11-12,hospital admissions,1,2025-11-09,CY,quantile,0.990,230.0
2025-11-12,hospital admissions,1,2025-11-09,CY,median,,18.0
2025-11-12,hospital admissions,2,2025-11-16,CY,quantile,0.010,0.0
2025-11-12,hospital admissions,2,2025-11-16,CY,quantile,0.025,0.0
2025-11-12,hospital admissions,2,2025-11-16,CY,quantile,0.050,0.0
2025-11-12,hospital admissions,2,2025-11-16,CY,quantile,0.100,0.0
2025-11-12,hospital admissions,2,2025-11-16,CY,quantile,0.150,0.0
2025-11-12,hospital admissions,2,2025-11-16,CY,quantile,0.200,0.0
2025-11-12,hospital admissions,2,2025-11-16,CY,quantile,0.250,0.0
2025-11-12,hospital admissions,2,2025-11-16,CY,quantile,0.300,0.0
2025-11-12,hospital admissions,2,2025-11-16,CY,quantile,0.350,0.0
2025-11-12,hospital admissions,2,2025-11-16,CY,quantile,0.400,0.0
2025-11-12,hospital admissions,2,2025-11-16,CY,quantile,0.450,7.0
2025-11-12,hospital admissions,2,2025-11-16,CY,quantile,0.500,19.0
2025-11-12,hospital admissions,2,2025-11-16,CY,quantile,0.550,30.0
2025-11-12,hospital admissions,2,2025-11-16,CY,quantile,0.600,42.0
2025-11-12,hospital admissions,2,2025-11-16,CY,quantile,0.650,53.0
2025-11-12,hospital admissions,2,2025-11-16,CY,quantile,0.700,65.0
2025-11-12,hospital admissions,2,2025-11-16,CY,quantile,0.750,78.0
2025-11-12,hospital admissions,2,2025-11-16,CY,quantile,0.800,93.0
2025-11-12,hospital admissions,2,2025-11-16,CY,quantile,0.850,109.0
2025-11-12,hospital admissions,2,2025-11-16,CY,quantile,0.900,130.0
2025-11-12,hospital admissions,2,2025-11-16,CY,quantile,0.950,165.0
2025-11-12,hospital admissions,2,2025-11-16,CY,quantile,0.975,193.02499999999964
2025-11-12,hospital admissions,2,2025-11-16,CY,quantile,0.990,232.0
2025-11-12,hospital admissions,2,2025-11-16,CY,median,,19.0
2025-11-12,hospital admissions,3,2025-11-23,CY,quantile,0.010,0.0
2025-11-12,hospital admissions,3,2025-11-23,CY,quantile,0.025,0.0
2025-11-12,hospital admissions,3,2025-11-23,CY,quantile,0.050,0.0
2025-11-12,hospital admissions,3,2025-11-23,CY,quantile,0.100,0.0
2025-11-12,hospital admissions,3,2025-11-23,CY,quantile,0.150,0.0
2025-11-12,hospital admissions,3,2025-11-23,CY,quantile,0.200,0.0
2025-11-12,hospital admissions,3,2025-11-23,CY,quantile,0.250,0.0
2025-11-12,hospital admissions,3,2025-11-23,CY,quantile,0.300,0.0
2025-11-12,hospital admissions,3,2025-11-23,CY,quantile,0.350,0.0
2025-11-12,hospital admissions,3,2025-11-23,CY,quantile,0.400,0.0
2025-11-12,hospital admissions,3,2025-11-23,CY,quantile,0.450,7.0
2025-11-12,hospital admissions,3,2025-11-23,CY,quantile,0.500,19.0
2025-11-12,hospital admissions,3,2025-11-23,CY,quantile,0.550,30.0
2025-11-12,hospital admissions,3,2025-11-23,CY,quantile,0.600,41.0
2025-11-12,hospital admissions,3,2025-11-23,CY,quantile,0.650,53.0
2025-11-12,hospital admissions,3,2025-11-23,CY,quantile,0.700,65.0
2025-11-12,hospital admissions,3,2025-11-23,CY,quantile,0.750,78.0
2025-11-12,hospital admissions,3,2025-11-23,CY,quantile,0.800,94.0
2025-11-12,hospital admissions,3,2025-11-23,CY,quantile,0.850,111.0
2025-11-12,hospital admissions,3,2025-11-23,CY,quantile,0.900,131.0
2025-11-12,hospital admissions,3,2025-11-23,CY,quantile,0.950,167.0
2025-11-12,hospital admissions,3,2025-11-23,CY,quantile,0.975,197.0
2025-11-12,hospital admissions,3,2025-11-23,CY,quantile,0.990,228.0
2025-11-12,hospital admissions,3,2025-11-23,CY,median,,19.0
2025-11-12,hospital admissions,4,2025-11-30,CY,quantile,0.010,0.0
2025-11-12,hospital admissions,4,2025-11-30,CY,quantile,0.025,0.0
2025-11-12,hospital admissions,4,2025-11-30,CY,quantile,0.050,0.0
2025-11-12,hospital admissions,4,2025-11-30,CY,quantile,0.100,0.0
2025-11-12,hospital admissions,4,2025-11-30,CY,quantile,0.150,0.0
2025-11-12,hospital admissions,4,2025-11-30,CY,quantile,0.200,0.0
2025-11-12,hospital admissions,4,2025-11-30,CY,quantile,0.250,0.0
2025-11-12,hospital admissions,4,2025-11-30,CY,quantile,0.300,0.0
2025-11-12,hospital admissions,4,2025-11-30,CY,quantile,0.350,0.0
2025-11-12,hospital admissions,4,2025-11-30,CY,quantile,0.400,0.0
2025-11-12,hospital admissions,4,2025-11-30,CY,quantile,0.450,7.0
2025-11-12,hospital admissions,4,2025-11-30,CY,quantile,0.500,18.0
2025-11-12,hospital admissions,4,2025-11-30,CY,quantile,0.550,30.0
2025-11-12,hospital admissions,4,2025-11-30,CY,quantile,0.600,41.0
2025-11-12,hospital admissions,4,2025-11-30,CY,quantile,0.650,53.0
2025-11-12,hospital admissions,4,2025-11-30,CY,quantile,0.700,66.0
2025-11-12,hospital admissions,4,2025-11-30,CY,quantile,0.750,79.0
2025-11-12,hospital admissions,4,2025-11-30,CY,quantile,0.800,95.0
2025-11-12,hospital admissions,4,2025-11-30,CY,quantile,0.850,111.0
2025-11-12,hospital admissions,4,2025-11-30,CY,quantile,0.900,132.0
2025-11-12,hospital admissions,4,2025-11-30,CY,quantile,0.950,168.0
2025-11-12,hospital admissions,4,2025-11-30,CY,quantile,0.975,198.0
2025-11-12,hospital admissions,4,2025-11-30,CY,quantile,0.990,232.0
2025-11-12,hospital admissions,4,2025-11-30,CY,median,,18.0
2025-11-12,hospital admissions,1,2025-11-09,CZ,quantile,0.010,0.0
2025-11-12,hospital admissions,1,2025-11-09,CZ,quantile,0.025,0.0
2025-11-12,hospital admissions,1,2025-11-09,CZ,quantile,0.050,0.0
2025-11-12,hospital admissions,1,2025-11-09,CZ,quantile,0.100,23.0
2025-11-12,hospital admissions,1,2025-11-09,CZ,quantile,0.150,31.0
2025-11-12,hospital admissions,1,2025-11-09,CZ,quantile,0.200,38.0
2025-11-12,hospital admissions,1,2025-11-09,CZ,quantile,0.250,44.0
2025-11-12,hospital admissions,1,2025-11-09,CZ,quantile,0.300,46.0
2025-11-12,hospital admissions,1,2025-11-09,CZ,quantile,0.350,48.0
2025-11-12,hospital admissions,1,2025-11-09,CZ,quantile,0.400,49.0
2025-11-12,hospital admissions,1,2025-11-09,CZ,quantile,0.450,49.0
2025-11-12,hospital admissions,1,2025-11-09,CZ,quantile,0.500,50.0
2025-11-12,hospital admissions,1,2025-11-09,CZ,quantile,0.550,51.0
2025-11-12,hospital admissions,1,2025-11-09,CZ,quantile,0.600,51.0
2025-11-12,hospital admissions,1,2025-11-09,CZ,quantile,0.650,52.0
2025-11-12,hospital admissions,1,2025-11-09,CZ,quantile,0.700,53.0
2025-11-12,hospital admissions,1,2025-11-09,CZ,quantile,0.750,56.0
2025-11-12,hospital admissions,1,2025-11-09,CZ,quantile,0.800,62.0
2025-11-12,hospital admissions,1,2025-11-09,CZ,quantile,0.850,69.0
2025-11-12,hospital admissions,1,2025-11-09,CZ,quantile,0.900,76.0
2025-11-12,hospital admissions,1,2025-11-09,CZ,quantile,0.950,113.0
2025-11-12,hospital admissions,1,2025-11-09,CZ,quantile,0.975,159.0
2025-11-12,hospital admissions,1,2025-11-09,CZ,quantile,0.990,251.0
2025-11-12,hospital admissions,1,2025-11-09,CZ,median,,50.0
2025-11-12,hospital admissions,2,2025-11-16,CZ,quantile,0.010,0.0
2025-11-12,hospital admissions,2,2025-11-16,CZ,quantile,0.025,0.0
2025-11-12,hospital admissions,2,2025-11-16,CZ,quantile,0.050,0.0
2025-11-12,hospital admissions,2,2025-11-16,CZ,quantile,0.100,0.0
2025-11-12,hospital admissions,2,2025-11-16,CZ,quantile,0.150,9.0
2025-11-12,hospital admissions,2,2025-11-16,CZ,quantile,0.200,24.0
2025-11-12,hospital admissions,2,2025-11-16,CZ,quantile,0.250,31.0
2025-11-12,hospital admissions,2,2025-11-16,CZ,quantile,0.300,38.0
2025-11-12,hospital admissions,2,2025-11-16,CZ,quantile,0.350,43.0
2025-11-12,hospital admissions,2,2025-11-16,CZ,quantile,0.400,46.0
2025-11-12,hospital admissions,2,2025-11-16,CZ,quantile,0.450,48.0
2025-11-12,hospital admissions,2,2025-11-16,CZ,quantile,0.500,50.0
2025-11-12,hospital admissions,2,2025-11-16,CZ,quantile,0.550,51.0
2025-11-12,hospital admissions,2,2025-11-16,CZ,quantile,0.600,53.0
2025-11-12,hospital admissions,2,2025-11-16,CZ,quantile,0.650,56.0
2025-11-12,hospital admissions,2,2025-11-16,CZ,quantile,0.700,61.0
2025-11-12,hospital admissions,2,2025-11-16,CZ,quantile,0.750,67.0
2025-11-12,hospital admissions,2,2025-11-16,CZ,quantile,0.800,74.0
2025-11-12,hospital admissions,2,2025-11-16,CZ,quantile,0.850,89.0
2025-11-12,hospital admissions,2,2025-11-16,CZ,quantile,0.900,112.0
2025-11-12,hospital admissions,2,2025-11-16,CZ,quantile,0.950,160.0
2025-11-12,hospital admissions,2,2025-11-16,CZ,quantile,0.975,205.0
2025-11-12,hospital admissions,2,2025-11-16,CZ,quantile,0.990,272.0100000000002
2025-11-12,hospital admissions,2,2025-11-16,CZ,median,,50.0
2025-11-12,hospital admissions,3,2025-11-23,CZ,quantile,0.010,0.0
2025-11-12,hospital admissions,3,2025-11-23,CZ,quantile,0.025,0.0
2025-11-12,hospital admissions,3,2025-11-23,CZ,quantile,0.050,0.0
2025-11-12,hospital admissions,3,2025-11-23,CZ,quantile,0.100,0.0
2025-11-12,hospital admissions,3,2025-11-23,CZ,quantile,0.150,0.0
2025-11-12,hospital admissions,3,2025-11-23,CZ,quantile,0.200,8.800000000000182
2025-11-12,hospital admissions,3,2025-11-23,CZ,quantile,0.250,22.0
2025-11-12,hospital admissions,3,2025-11-23,CZ,quantile,0.300,30.0
2025-11-12,hospital admissions,3,2025-11-23,CZ,quantile,0.350,37.0
2025-11-12,hospital admissions,3,2025-11-23,CZ,quantile,0.400,42.0
2025-11-12,hospital admissions,3,2025-11-23,CZ,quantile,0.450,46.0
2025-11-12,hospital admissions,3,2025-11-23,CZ,quantile,0.500,50.0
2025-11-12,hospital admissions,3,2025-11-23,CZ,quantile,0.550,53.0
2025-11-12,hospital admissions,3,2025-11-23,CZ,quantile,0.600,57.0
2025-11-12,hospital admissions,3,2025-11-23,CZ,quantile,0.650,63.0
2025-11-12,hospital admissions,3,2025-11-23,CZ,quantile,0.700,69.0
2025-11-12,hospital admissions,3,2025-11-23,CZ,quantile,0.750,77.0
2025-11-12,hospital admissions,3,2025-11-23,CZ,quantile,0.800,90.0
2025-11-12,hospital admissions,3,2025-11-23,CZ,quantile,0.850,109.0
2025-11-12,hospital admissions,3,2025-11-23,CZ,quantile,0.900,138.0
2025-11-12,hospital admissions,3,2025-11-23,CZ,quantile,0.950,191.0
2025-11-12,hospital admissions,3,2025-11-23,CZ,quantile,0.975,245.0
2025-11-12,hospital admissions,3,2025-11-23,CZ,quantile,0.990,289.0
2025-11-12,hospital admissions,3,2025-11-23,CZ,median,,50.0
2025-11-12,hospital admissions,4,2025-11-30,CZ,quantile,0.010,0.0
2025-11-12,hospital admissions,4,2025-11-30,CZ,quantile,0.025,0.0
2025-11-12,hospital admissions,4,2025-11-30,CZ,quantile,0.050,0.0
2025-11-12,hospital admissions,4,2025-11-30,CZ,quantile,0.100,0.0
2025-11-12,hospital admissions,4,2025-11-30,CZ,quantile,0.150,0.0
2025-11-12,hospital admissions,4,2025-11-30,CZ,quantile,0.200,0.0
2025-11-12,hospital admissions,4,2025-11-30,CZ,quantile,0.250,11.0
2025-11-12,hospital admissions,4,2025-11-30,CZ,quantile,0.300,22.0
2025-11-12,hospital admissions,4,2025-11-30,CZ,quantile,0.350,31.0
2025-11-12,hospital admissions,4,2025-11-30,CZ,quantile,0.400,38.0
2025-11-12,hospital admissions,4,2025-11-30,CZ,quantile,0.450,44.0
2025-11-12,hospital admissions,4,2025-11-30,CZ,quantile,0.500,50.0
2025-11-12,hospital admissions,4,2025-11-30,CZ,quantile,0.550,55.0
2025-11-12,hospital admissions,4,2025-11-30,CZ,quantile,0.600,61.0
2025-11-12,hospital admissions,4,2025-11-30,CZ,quantile,0.650,69.0
2025-11-12,hospital admissions,4,2025-11-30,CZ,quantile,0.700,77.0
2025-11-12,hospital admissions,4,2025-11-30,CZ,quantile,0.750,89.0
2025-11-12,hospital admissions,4,2025-11-30,CZ,quantile,0.800,104.0
2025-11-12,hospital admissions,4,2025-11-30,CZ,quantile,0.850,127.0
2025-11-12,hospital admissions,4,2025-11-30,CZ,quantile,0.900,159.0
2025-11-12,hospital admissions,4,2025-11-30,CZ,quantile,0.950,208.0
2025-11-12,hospital admissions,4,2025-11-30,CZ,quantile,0.975,266.0
2025-11-12,hospital admissions,4,2025-11-30,CZ,quantile,0.990,308.0
2025-11-12,hospital admissions,4,2025-11-30,CZ,median,,50.0
2025-11-12,hospital admissions,1,2025-11-09,EE,quantile,0.010,0.0
2025-11-12,hospital admissions,1,2025-11-09,EE,quantile,0.025,0.0
2025-11-12,hospital admissions,1,2025-11-09,EE,quantile,0.050,0.0
2025-11-12,hospital admissions,1,2025-11-09,EE,quantile,0.100,0.0
2025-11-12,hospital admissions,1,2025-11-09,EE,quantile,0.150,0.0
2025-11-12,hospital admissions,1,2025-11-09,EE,quantile,0.200,0.0
2025-11-12,hospital admissions,1,2025-11-09,EE,quantile,0.250,0.0
2025-11-12,hospital admissions,1,2025-11-09,EE,quantile,0.300,1.0
2025-11-12,hospital admissions,1,2025-11-09,EE,quantile,0.350,2.0
2025-11-12,hospital admissions,1,2025-11-09,EE,quantile,0.400,3.0
2025-11-12,hospital admissions,1,2025-11-09,EE,quantile,0.450,4.0
2025-11-12,hospital admissions,1,2025-11-09,EE,quantile,0.500,5.0
2025-11-12,hospital admissions,1,2025-11-09,EE,quantile,0.550,6.0
2025-11-12,hospital admissions,1,2025-11-09,EE,quantile,0.600,7.0
2025-11-12,hospital admissions,1,2025-11-09,EE,quantile,0.650,8.0
2025-11-12,hospital admissions,1,2025-11-09,EE,quantile,0.700,9.0
2025-11-12,hospital admissions,1,2025-11-09,EE,quantile,0.750,11.0
2025-11-12,hospital admissions,1,2025-11-09,EE,quantile,0.800,13.0
2025-11-12,hospital admissions,1,2025-11-09,EE,quantile,0.850,14.0
2025-11-12,hospital admissions,1,2025-11-09,EE,quantile,0.900,17.0
2025-11-12,hospital admissions,1,2025-11-09,EE,quantile,0.950,23.0
2025-11-12,hospital admissions,1,2025-11-09,EE,quantile,0.975,35.0
2025-11-12,hospital admissions,1,2025-11-09,EE,quantile,0.990,49.19000000000415
2025-11-12,hospital admissions,1,2025-11-09,EE,median,,5.0
2025-11-12,hospital admissions,2,2025-11-16,EE,quantile,0.010,0.0
2025-11-12,hospital admissions,2,2025-11-16,EE,quantile,0.025,0.0
2025-11-12,hospital admissions,2,2025-11-16,EE,quantile,0.050,0.0
2025-11-12,hospital admissions,2,2025-11-16,EE,quantile,0.100,0.0
2025-11-12,hospital admissions,2,2025-11-16,EE,quantile,0.150,0.0
2025-11-12,hospital admissions,2,2025-11-16,EE,quantile,0.200,0.0
2025-11-12,hospital admissions,2,2025-11-16,EE,quantile,0.250,0.0
2025-11-12,hospital admissions,2,2025-11-16,EE,quantile,0.300,0.0
2025-11-12,hospital admissions,2,2025-11-16,EE,quantile,0.350,0.0
2025-11-12,hospital admissions,2,2025-11-16,EE,quantile,0.400,2.0
2025-11-12,hospital admissions,2,2025-11-16,EE,quantile,0.450,3.0
2025-11-12,hospital admissions,2,2025-11-16,EE,quantile,0.500,5.0
2025-11-12,hospital admissions,2,2025-11-16,EE,quantile,0.550,6.0
2025-11-12,hospital admissions,2,2025-11-16,EE,quantile,0.600,8.0
2025-11-12,hospital admissions,2,2025-11-16,EE,quantile,0.650,10.0
2025-11-12,hospital admissions,2,2025-11-16,EE,quantile,0.700,12.0
2025-11-12,hospital admissions,2,2025-11-16,EE,quantile,0.750,14.0
2025-11-12,hospital admissions,2,2025-11-16,EE,quantile,0.800,17.0
2025-11-12,hospital admissions,2,2025-11-16,EE,quantile,0.850,20.0
2025-11-12,hospital admissions,2,2025-11-16,EE,quantile,0.900,24.0
2025-11-12,hospital admissions,2,2025-11-16,EE,quantile,0.950,35.0
2025-11-12,hospital admissions,2,2025-11-16,EE,quantile,0.975,49.0
2025-11-12,hospital admissions,2,2025-11-16,EE,quantile,0.990,71.0
2025-11-12,hospital admissions,2,2025-11-16,EE,median,,5.0
2025-11-12,hospital admissions,3,2025-11-23,EE,quantile,0.010,0.0
2025-11-12,hospital admissions,3,2025-11-23,EE,quantile,0.025,0.0
2025-11-12,hospital admissions,3,2025-11-23,EE,quantile,0.050,0.0
2025-11-12,hospital admissions,3,2025-11-23,EE,quantile,0.100,0.0
2025-11-12,hospital admissions,3,2025-11-23,EE,quantile,0.150,0.0
2025-11-12,hospital admissions,3,2025-11-23,EE,quantile,0.200,0.0
2025-11-12,hospital admissions,3,2025-11-23,EE,quantile,0.250,0.0
2025-11-12,hospital admissions,3,2025-11-23,EE,quantile,0.300,0.0
2025-11-12,hospital admissions,3,2025-11-23,EE,quantile,0.350,0.0
2025-11-12,hospital admissions,3,2025-11-23,EE,quantile,0.400,1.0
2025-11-12,hospital admissions,3,2025-11-23,EE,quantile,0.450,3.0
2025-11-12,hospital admissions,3,2025-11-23,EE,quantile,0.500,5.0
2025-11-12,hospital admissions,3,2025-11-23,EE,quantile,0.550,7.0
2025-11-12,hospital admissions,3,2025-11-23,EE,quantile,0.600,9.0
2025-11-12,hospital admissions,3,2025-11-23,EE,quantile,0.650,12.0
2025-11-12,hospital admissions,3,2025-11-23,EE,quantile,0.700,14.0
2025-11-12,hospital admissions,3,2025-11-23,EE,quantile,0.750,17.0
2025-11-12,hospital admissions,3,2025-11-23,EE,quantile,0.800,20.0
2025-11-12,hospital admissions,3,2025-11-23,EE,quantile,0.850,25.0
2025-11-12,hospital admissions,3,2025-11-23,EE,quantile,0.900,31.0
2025-11-12,hospital admissions,3,2025-11-23,EE,quantile,0.950,44.0
2025-11-12,hospital admissions,3,2025-11-23,EE,quantile,0.975,59.0
2025-11-12,hospital admissions,3,2025-11-23,EE,quantile,0.990,76.0
2025-11-12,hospital admissions,3,2025-11-23,EE,median,,5.0
2025-11-12,hospital admissions,4,2025-11-30,EE,quantile,0.010,0.0
2025-11-12,hospital admissions,4,2025-11-30,EE,quantile,0.025,0.0
2025-11-12,hospital admissions,4,2025-11-30,EE,quantile,0.050,0.0
2025-11-12,hospital admissions,4,2025-11-30,EE,quantile,0.100,0.0
2025-11-12,hospital admissions,4,2025-11-30,EE,quantile,0.150,0.0
2025-11-12,hospital admissions,4,2025-11-30,EE,quantile,0.200,0.0
2025-11-12,hospital admissions,4,2025-11-30,EE,quantile,0.250,0.0
2025-11-12,hospital admissions,4,2025-11-30,EE,quantile,0.300,0.0
2025-11-12,hospital admissions,4,2025-11-30,EE,quantile,0.350,0.0
2025-11-12,hospital admissions,4,2025-11-30,EE,quantile,0.400,0.0
2025-11-12,hospital admissions,4,2025-11-30,EE,quantile,0.450,2.0
2025-11-12,hospital admissions,4,2025-11-30,EE,quantile,0.500,5.0
2025-11-12,hospital admissions,4,2025-11-30,EE,quantile,0.550,8.0
2025-11-12,hospital admissions,4,2025-11-30,EE,quantile,0.600,11.0
2025-11-12,hospital admissions,4,2025-11-30,EE,quantile,0.650,13.0
2025-11-12,hospital admissions,4,2025-11-30,EE,quantile,0.700,16.0
2025-11-12,hospital admissions,4,2025-11-30,EE,quantile,0.750,20.0
2025-11-12,hospital admissions,4,2025-11-30,EE,quantile,0.800,24.0
2025-11-12,hospital admissions,4,2025-11-30,EE,quantile,0.850,29.0
2025-11-12,hospital admissions,4,2025-11-30,EE,quantile,0.900,36.0
2025-11-12,hospital admissions,4,2025-11-30,EE,quantile,0.950,52.0
2025-11-12,hospital admissions,4,2025-11-30,EE,quantile,0.975,67.0
2025-11-12,hospital admissions,4,2025-11-30,EE,quantile,0.990,85.0
2025-11-12,hospital admissions,4,2025-11-30,EE,median,,5.0
2025-11-12,hospital admissions,1,2025-11-09,FR,quantile,0.010,0.0
2025-11-12,hospital admissions,1,2025-11-09,FR,quantile,0.025,0.0
2025-11-12,hospital admissions,1,2025-11-09,FR,quantile,0.050,0.0
2025-11-12,hospital admissions,1,2025-11-09,FR,quantile,0.100,0.0
2025-11-12,hospital admissions,1,2025-11-09,FR,quantile,0.150,0.0
2025-11-12,hospital admissions,1,2025-11-09,FR,quantile,0.200,0.0
2025-11-12,hospital admissions,1,2025-11-09,FR,quantile,0.250,0.0
2025-11-12,hospital admissions,1,2025-11-09,FR,quantile,0.300,0.0
2025-11-12,hospital admissions,1,2025-11-09,FR,quantile,0.350,0.0
2025-11-12,hospital admissions,1,2025-11-09,FR,quantile,0.400,0.0
2025-11-12,hospital admissions,1,2025-11-09,FR,quantile,0.450,0.0
2025-11-12,hospital admissions,1,2025-11-09,FR,quantile,0.500,4.0
2025-11-12,hospital admissions,1,2025-11-09,FR,quantile,0.550,10.0
2025-11-12,hospital admissions,1,2025-11-09,FR,quantile,0.600,15.0
2025-11-12,hospital admissions,1,2025-11-09,FR,quantile,0.650,21.0
2025-11-12,hospital admissions,1,2025-11-09,FR,quantile,0.700,27.0
2025-11-12,hospital admissions,1,2025-11-09,FR,quantile,0.750,34.0
2025-11-12,hospital admissions,1,2025-11-09,FR,quantile,0.800,41.0
2025-11-12,hospital admissions,1,2025-11-09,FR,quantile,0.850,50.0
2025-11-12,hospital admissions,1,2025-11-09,FR,quantile,0.900,62.0
2025-11-12,hospital admissions,1,2025-11-09,FR,quantile,0.950,79.0
2025-11-12,hospital admissions,1,2025-11-09,FR,quantile,0.975,94.0
2025-11-12,hospital admissions,1,2025-11-09,FR,quantile,0.990,110.01000000000022
2025-11-12,hospital admissions,1,2025-11-09,FR,median,,4.0
2025-11-12,hospital admissions,2,2025-11-16,FR,quantile,0.010,0.0
2025-11-12,hospital admissions,2,2025-11-16,FR,quantile,0.025,0.0
2025-11-12,hospital admissions,2,2025-11-16,FR,quantile,0.050,0.0
2025-11-12,hospital admissions,2,2025-11-16,FR,quantile,0.100,0.0
2025-11-12,hospital admissions,2,2025-11-16,FR,quantile,0.150,0.0
2025-11-12,hospital admissions,2,2025-11-16,FR,quantile,0.200,0.0
2025-11-12,hospital admissions,2,2025-11-16,FR,quantile,0.250,0.0
2025-11-12,hospital admissions,2,2025-11-16,FR,quantile,0.300,0.0
2025-11-12,hospital admissions,2,2025-11-16,FR,quantile,0.350,0.0
2025-11-12,hospital admissions,2,2025-11-16,FR,quantile,0.400,0.0
2025-11-12,hospital admissions,2,2025-11-16,FR,quantile,0.450,0.0
2025-11-12,hospital admissions,2,2025-11-16,FR,quantile,0.500,4.0
2025-11-12,hospital admissions,2,2025-11-16,FR,quantile,0.550,10.0
2025-11-12,hospital admissions,2,2025-11-16,FR,quantile,0.600,16.0
2025-11-12,hospital admissions,2,2025-11-16,FR,quantile,0.650,22.0
2025-11-12,hospital admissions,2,2025-11-16,FR,quantile,0.700,28.0
2025-11-12,hospital admissions,2,2025-11-16,FR,quantile,0.750,35.0
2025-11-12,hospital admissions,2,2025-11-16,FR,quantile,0.800,43.0
2025-11-12,hospital admissions,2,2025-11-16,FR,quantile,0.850,52.0
2025-11-12,hospital admissions,2,2025-11-16,FR,quantile,0.900,63.0
2025-11-12,hospital admissions,2,2025-11-16,FR,quantile,0.950,80.0
2025-11-12,hospital admissions,2,2025-11-16,FR,quantile,0.975,95.0
2025-11-12,hospital admissions,2,2025-11-16,FR,quantile,0.990,112.0
2025-11-12,hospital admissions,2,2025-11-16,FR,median,,4.0
2025-11-12,hospital admissions,3,2025-11-23,FR,quantile,0.010,0.0
2025-11-12,hospital admissions,3,2025-11-23,FR,quantile,0.025,0.0
2025-11-12,hospital admissions,3,2025-11-23,FR,quantile,0.050,0.0
2025-11-12,hospital admissions,3,2025-11-23,FR,quantile,0.100,0.0
2025-11-12,hospital admissions,3,2025-11-23,FR,quantile,0.150,0.0
2025-11-12,hospital admissions,3,2025-11-23,FR,quantile,0.200,0.0
2025-11-12,hospital admissions,3,2025-11-23,FR,quantile,0.250,0.0
2025-11-12,hospital admissions,3,2025-11-23,FR,quantile,0.300,0.0
2025-11-12,hospital admissions,3,2025-11-23,FR,quantile,0.350,0.0
2025-11-12,hospital admissions,3,2025-11-23,FR,quantile,0.400,0.0
2025-11-12,hospital admissions,3,2025-11-23,FR,quantile,0.450,0.0
2025-11-12,hospital admissions,3,2025-11-23,FR,quantile,0.500,3.0
2025-11-12,hospital admissions,3,2025-11-23,FR,quantile,0.550,10.0
2025-11-12,hospital admissions,3,2025-11-23,FR,quantile,0.600,15.0
2025-11-12,hospital admissions,3,2025-11-23,FR,quantile,0.650,22.0
2025-11-12,hospital admissions,3,2025-11-23,FR,quantile,0.700,28.0
2025-11-12,hospital admissions,3,2025-11-23,FR,quantile,0.750,35.0
2025-11-12,hospital admissions,3,2025-11-23,FR,quantile,0.800,43.0
2025-11-12,hospital admissions,3,2025-11-23,FR,quantile,0.850,52.0
2025-11-12,hospital admissions,3,2025-11-23,FR,quantile,0.900,64.0
2025-11-12,hospital admissions,3,2025-11-23,FR,quantile,0.950,80.0
2025-11-12,hospital admissions,3,2025-11-23,FR,quantile,0.975,96.02499999999964
2025-11-12,hospital admissions,3,2025-11-23,FR,quantile,0.990,113.01000000000022
2025-11-12,hospital admissions,3,2025-11-23,FR,median,,3.0
2025-11-12,hospital admissions,4,2025-11-30,FR,quantile,0.010,0.0
2025-11-12,hospital admissions,4,2025-11-30,FR,quantile,0.025,0.0
2025-11-12,hospital admissions,4,2025-11-30,FR,quantile,0.050,0.0
2025-11-12,hospital admissions,4,2025-11-30,FR,quantile,0.100,0.0
2025-11-12,hospital admissions,4,2025-11-30,FR,quantile,0.150,0.0
2025-11-12,hospital admissions,4,2025-11-30,FR,quantile,0.200,0.0
2025-11-12,hospital admissions,4,2025-11-30,FR,quantile,0.250,0.0
2025-11-12,hospital admissions,4,2025-11-30,FR,quantile,0.300,0.0
2025-11-12,hospital admissions,4,2025-11-30,FR,quantile,0.350,0.0
2025-11-12,hospital admissions,4,2025-11-30,FR,quantile,0.400,0.0
2025-11-12,hospital admissions,4,2025-11-30,FR,quantile,0.450,0.0
2025-11-12,hospital admissions,4,2025-11-30,FR,quantile,0.500,4.0
2025-11-12,hospital admissions,4,2025-11-30,FR,quantile,0.550,10.0
2025-11-12,hospital admissions,4,2025-11-30,FR,quantile,0.600,16.0
2025-11-12,hospital admissions,4,2025-11-30,FR,quantile,0.650,22.0
2025-11-12,hospital admissions,4,2025-11-30,FR,quantile,0.700,29.0
2025-11-12,hospital admissions,4,2025-11-30,FR,quantile,0.750,36.0
2025-11-12,hospital admissions,4,2025-11-30,FR,quantile,0.800,44.0
2025-11-12,hospital admissions,4,2025-11-30,FR,quantile,0.850,53.0
2025-11-12,hospital admissions,4,2025-11-30,FR,quantile,0.900,65.0
2025-11-12,hospital admissions,4,2025-11-30,FR,quantile,0.950,81.0
2025-11-12,hospital admissions,4,2025-11-30,FR,quantile,0.975,98.0
2025-11-12,hospital admissions,4,2025-11-30,FR,quantile,0.990,115.01000000000022
2025-11-12,hospital admissions,4,2025-11-30,FR,median,,4.0
2025-11-12,hospital admissions,1,2025-11-09,GR,quantile,0.010,0.0
2025-11-12,hospital admissions,1,2025-11-09,GR,quantile,0.025,0.0
2025-11-12,hospital admissions,1,2025-11-09,GR,quantile,0.050,0.0
2025-11-12,hospital admissions,1,2025-11-09,GR,quantile,0.100,0.0
2025-11-12,hospital admissions,1,2025-11-09,GR,quantile,0.150,0.0
2025-11-12,hospital admissions,1,2025-11-09,GR,quantile,0.200,0.0
2025-11-12,hospital admissions,1,2025-11-09,GR,quantile,0.250,44.0
2025-11-12,hospital admissions,1,2025-11-09,GR,quantile,0.300,88.0
2025-11-12,hospital admissions,1,2025-11-09,GR,quantile,0.350,125.0
2025-11-12,hospital admissions,1,2025-11-09,GR,quantile,0.400,162.0
2025-11-12,hospital admissions,1,2025-11-09,GR,quantile,0.450,194.0
2025-11-12,hospital admissions,1,2025-11-09,GR,quantile,0.500,228.0
2025-11-12,hospital admissions,1,2025-11-09,GR,quantile,0.550,263.0
2025-11-12,hospital admissions,1,2025-11-09,GR,quantile,0.600,297.0
2025-11-12,hospital admissions,1,2025-11-09,GR,quantile,0.650,333.0
2025-11-12,hospital admissions,1,2025-11-09,GR,quantile,0.700,368.0
2025-11-12,hospital admissions,1,2025-11-09,GR,quantile,0.750,415.0
2025-11-12,hospital admissions,1,2025-11-09,GR,quantile,0.800,461.0
2025-11-12,hospital admissions,1,2025-11-09,GR,quantile,0.850,522.1499999999996
2025-11-12,hospital admissions,1,2025-11-09,GR,quantile,0.900,605.0
2025-11-12,hospital admissions,1,2025-11-09,GR,quantile,0.950,727.0499999999993
2025-11-12,hospital admissions,1,2025-11-09,GR,quantile,0.975,828.0249999999996
2025-11-12,hospital admissions,1,2025-11-09,GR,quantile,0.990,968.0200000000004
2025-11-12,hospital admissions,1,2025-11-09,GR,median,,228.0
2025-11-12,hospital admissions,2,2025-11-16,GR,quantile,0.010,0.0
2025-11-12,hospital admissions,2,2025-11-16,GR,quantile,0.025,0.0
2025-11-12,hospital admissions,2,2025-11-16,GR,quantile,0.050,0.0
2025-11-12,hospital admissions,2,2025-11-16,GR,quantile,0.100,0.0
2025-11-12,hospital admissions,2,2025-11-16,GR,quantile,0.150,0.0
2025-11-12,hospital admissions,2,2025-11-16,GR,quantile,0.200,0.0
2025-11-12,hospital admissions,2,2025-11-16,GR,quantile,0.250,31.0
2025-11-12,hospital admissions,2,2025-11-16,GR,quantile,0.300,75.0
2025-11-12,hospital admissions,2,2025-11-16,GR,quantile,0.350,117.0
2025-11-12,hospital admissions,2,2025-11-16,GR,quantile,0.400,155.0
2025-11-12,hospital admissions,2,2025-11-16,GR,quantile,0.450,189.0
2025-11-12,hospital admissions,2,2025-11-16,GR,quantile,0.500,227.0
2025-11-12,hospital admissions,2,2025-11-16,GR,quantile,0.550,263.0
2025-11-12,hospital admissions,2,2025-11-16,GR,quantile,0.600,300.0
2025-11-12,hospital admissions,2,2025-11-16,GR,quantile,0.650,337.0
2025-11-12,hospital admissions,2,2025-11-16,GR,quantile,0.700,379.2999999999993
2025-11-12,hospital admissions,2,2025-11-16,GR,quantile,0.750,424.0
2025-11-12,hospital admissions,2,2025-11-16,GR,quantile,0.800,476.0
2025-11-12,hospital admissions,2,2025-11-16,GR,quantile,0.850,541.0
2025-11-12,hospital admissions,2,2025-11-16,GR,quantile,0.900,625.0
2025-11-12,hospital admissions,2,2025-11-16,GR,quantile,0.950,755.0
2025-11-12,hospital admissions,2,2025-11-16,GR,quantile,0.975,867.0
2025-11-12,hospital admissions,2,2025-11-16,GR,quantile,0.990,1018.0
2025-11-12,hospital admissions,2,2025-11-16,GR,median,,227.0
2025-11-12,hospital admissions,3,2025-11-23,GR,quantile,0.010,0.0
2025-11-12,hospital admissions,3,2025-11-23,GR,quantile,0.025,0.0
2025-11-12,hospital admissions,3,2025-11-23,GR,quantile,0.050,0.0
2025-11-12,hospital admissions,3,2025-11-23,GR,quantile,0.100,0.0
2025-11-12,hospital admissions,3,2025-11-23,GR,quantile,0.150,0.0
2025-11-12,hospital admissions,3,2025-11-23,GR,quantile,0.200,0.0
2025-11-12,hospital admissions,3,2025-11-23,GR,quantile,0.250,20.0
2025-11-12,hospital admissions,3,2025-11-23,GR,quantile,0.300,65.0
2025-11-12,hospital admissions,3,2025-11-23,GR,quantile,0.350,109.0
2025-11-12,hospital admissions,3,2025-11-23,GR,quantile,0.400,151.0
2025-11-12,hospital admissions,3,2025-11-23,GR,quantile,0.450,192.0
2025-11-12,hospital admissions,3,2025-11-23,GR,quantile,0.500,230.0
2025-11-12,hospital admissions,3,2025-11-23,GR,quantile,0.550,267.0
2025-11-12,hospital admissions,3,2025-11-23,GR,quantile,0.600,305.0
2025-11-12,hospital admissions,3,2025-11-23,GR,quantile,0.650,348.0
2025-11-12,hospital admissions,3,2025-11-23,GR,quantile,0.700,390.0
2025-11-12,hospital admissions,3,2025-11-23,GR,quantile,0.750,439.0
2025-11-12,hospital admissions,3,2025-11-23,GR,quantile,0.800,493.0
2025-11-12,hospital admissions,3,2025-11-23,GR,quantile,0.850,560.0
2025-11-12,hospital admissions,3,2025-11-23,GR,quantile,0.900,646.0
2025-11-12,hospital admissions,3,2025-11-23,GR,quantile,0.950,778.0499999999993
2025-11-12,hospital admissions,3,2025-11-23,GR,quantile,0.975,903.0499999999993
2025-11-12,hospital admissions,3,2025-11-23,GR,quantile,0.990,1051.0
2025-11-12,hospital admissions,3,2025-11-23,GR,median,,230.0
2025-11-12,hospital admissions,4,2025-11-30,GR,quantile,0.010,0.0
2025-11-12,hospital admissions,4,2025-11-30,GR,quantile,0.025,0.0
2025-11-12,hospital admissions,4,2025-11-30,GR,quantile,0.050,0.0
2025-11-12,hospital admissions,4,2025-11-30,GR,quantile,0.100,0.0
2025-11-12,hospital admissions,4,2025-11-30,GR,quantile,0.150,0.0
2025-11-12,hospital admissions,4,2025-11-30,GR,quantile,0.200,0.0
2025-11-12,hospital admissions,4,2025-11-30,GR,quantile,0.250,10.0
2025-11-12,hospital admissions,4,2025-11-30,GR,quantile,0.300,58.0
2025-11-12,hospital admissions,4,2025-11-30,GR,quantile,0.350,103.0
2025-11-12,hospital admissions,4,2025-11-30,GR,quantile,0.400,147.0
2025-11-12,hospital admissions,4,2025-11-30,GR,quantile,0.450,187.0
2025-11-12,hospital admissions,4,2025-11-30,GR,quantile,0.500,227.0
2025-11-12,hospital admissions,4,2025-11-30,GR,quantile,0.550,268.4500000000007
2025-11-12,hospital admissions,4,2025-11-30,GR,quantile,0.600,308.0
2025-11-12,hospital admissions,4,2025-11-30,GR,quantile,0.650,350.0
2025-11-12,hospital admissions,4,2025-11-30,GR,quantile,0.700,397.0
2025-11-12,hospital admissions,4,2025-11-30,GR,quantile,0.750,453.0
2025-11-12,hospital admissions,4,2025-11-30,GR,quantile,0.800,509.0
2025-11-12,hospital admissions,4,2025-11-30,GR,quantile,0.850,577.1499999999996
2025-11-12,hospital admissions,4,2025-11-30,GR,quantile,0.900,665.0
2025-11-12,hospital admissions,4,2025-11-30,GR,quantile,0.950,804.0499999999993
2025-11-12,hospital admissions,4,2025-11-30,GR,quantile,0.975,934.0249999999996
2025-11-12,hospital admissions,4,2025-11-30,GR,quantile,0.990,1076.0600000000013
2025-11-12,hospital admissions,4,2025-11-30,GR,median,,227.0
2025-11-12,hospital admissions,1,2025-11-09,HU,quantile,0.010,0.0
2025-11-12,hospital admissions,1,2025-11-09,HU,quantile,0.025,0.0
2025-11-12,hospital admissions,1,2025-11-09,HU,quantile,0.050,0.0
2025-11-12,hospital admissions,1,2025-11-09,HU,quantile,0.100,0.0
2025-11-12,hospital admissions,1,2025-11-09,HU,quantile,0.150,0.0
2025-11-12,hospital admissions,1,2025-11-09,HU,quantile,0.200,0.0
2025-11-12,hospital admissions,1,2025-11-09,HU,quantile,0.250,0.0
2025-11-12,hospital admissions,1,2025-11-09,HU,quantile,0.300,0.0
2025-11-12,hospital admissions,1,2025-11-09,HU,quantile,0.350,0.0
2025-11-12,hospital admissions,1,2025-11-09,HU,quantile,0.400,0.0
2025-11-12,hospital admissions,1,2025-11-09,HU,quantile,0.450,0.0
2025-11-12,hospital admissions,1,2025-11-09,HU,quantile,0.500,7.0
2025-11-12,hospital admissions,1,2025-11-09,HU,quantile,0.550,24.0
2025-11-12,hospital admissions,1,2025-11-09,HU,quantile,0.600,42.0
2025-11-12,hospital admissions,1,2025-11-09,HU,quantile,0.650,60.0
2025-11-12,hospital admissions,1,2025-11-09,HU,quantile,0.700,78.0
2025-11-12,hospital admissions,1,2025-11-09,HU,quantile,0.750,99.0
2025-11-12,hospital admissions,1,2025-11-09,HU,quantile,0.800,120.0
2025-11-12,hospital admissions,1,2025-11-09,HU,quantile,0.850,147.0
2025-11-12,hospital admissions,1,2025-11-09,HU,quantile,0.900,180.0
2025-11-12,hospital admissions,1,2025-11-09,HU,quantile,0.950,230.04999999999927
2025-11-12,hospital admissions,1,2025-11-09,HU,quantile,0.975,273.0
2025-11-12,hospital admissions,1,2025-11-09,HU,quantile,0.990,321.0100000000002
2025-11-12,hospital admissions,1,2025-11-09,HU,median,,7.0
2025-11-12,hospital admissions,2,2025-11-16,HU,quantile,0.010,0.0
2025-11-12,hospital admissions,2,2025-11-16,HU,quantile,0.025,0.0
2025-11-12,hospital admissions,2,2025-11-16,HU,quantile,0.050,0.0
2025-11-12,hospital admissions,2,2025-11-16,HU,quantile,0.100,0.0
2025-11-12,hospital admissions,2,2025-11-16,HU,quantile,0.150,0.0
2025-11-12,hospital admissions,2,2025-11-16,HU,quantile,0.200,0.0
2025-11-12,hospital admissions,2,2025-11-16,HU,quantile,0.250,0.0
2025-11-12,hospital admissions,2,2025-11-16,HU,quantile,0.300,0.0
2025-11-12,hospital admissions,2,2025-11-16,HU,quantile,0.350,0.0
2025-11-12,hospital admissions,2,2025-11-16,HU,quantile,0.400,0.0
2025-11-12,hospital admissions,2,2025-11-16,HU,quantile,0.450,0.0
2025-11-12,hospital admissions,2,2025-11-16,HU,quantile,0.500,5.0
2025-11-12,hospital admissions,2,2025-11-16,HU,quantile,0.550,23.0
2025-11-12,hospital admissions,2,2025-11-16,HU,quantile,0.600,42.0
2025-11-12,hospital admissions,2,2025-11-16,HU,quantile,0.650,61.0
2025-11-12,hospital admissions,2,2025-11-16,HU,quantile,0.700,80.0
2025-11-12,hospital admissions,2,2025-11-16,HU,quantile,0.750,100.0
2025-11-12,hospital admissions,2,2025-11-16,HU,quantile,0.800,121.0
2025-11-12,hospital admissions,2,2025-11-16,HU,quantile,0.850,148.0
2025-11-12,hospital admissions,2,2025-11-16,HU,quantile,0.900,181.0
2025-11-12,hospital admissions,2,2025-11-16,HU,quantile,0.950,232.0
2025-11-12,hospital admissions,2,2025-11-16,HU,quantile,0.975,275.0
2025-11-12,hospital admissions,2,2025-11-16,HU,quantile,0.990,327.0
2025-11-12,hospital admissions,2,2025-11-16,HU,median,,5.0
2025-11-12,hospital admissions,3,2025-11-23,HU,quantile,0.010,0.0
2025-11-12,hospital admissions,3,2025-11-23,HU,quantile,0.025,0.0
2025-11-12,hospital admissions,3,2025-11-23,HU,quantile,0.050,0.0
2025-11-12,hospital admissions,3,2025-11-23,HU,quantile,0.100,0.0
2025-11-12,hospital admissions,3,2025-11-23,HU,quantile,0.150,0.0
2025-11-12,hospital admissions,3,2025-11-23,HU,quantile,0.200,0.0
2025-11-12,hospital admissions,3,2025-11-23,HU,quantile,0.250,0.0
2025-11-12,hospital admissions,3,2025-11-23,HU,quantile,0.300,0.0
2025-11-12,hospital admissions,3,2025-11-23,HU,quantile,0.350,0.0
2025-11-12,hospital admissions,3,2025-11-23,HU,quantile,0.400,0.0
2025-11-12,hospital admissions,3,2025-11-23,HU,quantile,0.450,0.0
2025-11-12,hospital admissions,3,2025-11-23,HU,quantile,0.500,6.0
2025-11-12,hospital admissions,3,2025-11-23,HU,quantile,0.550,24.0
2025-11-12,hospital admissions,3,2025-11-23,HU,quantile,0.600,42.0
2025-11-12,hospital admissions,3,2025-11-23,HU,quantile,0.650,61.0
2025-11-12,hospital admissions,3,2025-11-23,HU,quantile,0.700,81.0
2025-11-12,hospital admissions,3,2025-11-23,HU,quantile,0.750,100.25
2025-11-12,hospital admissions,3,2025-11-23,HU,quantile,0.800,121.0
2025-11-12,hospital admissions,3,2025-11-23,HU,quantile,0.850,149.0
2025-11-12,hospital admissions,3,2025-11-23,HU,quantile,0.900,185.0
2025-11-12,hospital admissions,3,2025-11-23,HU,quantile,0.950,234.0
2025-11-12,hospital admissions,3,2025-11-23,HU,quantile,0.975,276.0
2025-11-12,hospital admissions,3,2025-11-23,HU,quantile,0.990,328.0
2025-11-12,hospital admissions,3,2025-11-23,HU,median,,6.0
2025-11-12,hospital admissions,4,2025-11-30,HU,quantile,0.010,0.0
2025-11-12,hospital admissions,4,2025-11-30,HU,quantile,0.025,0.0
2025-11-12,hospital admissions,4,2025-11-30,HU,quantile,0.050,0.0
2025-11-12,hospital admissions,4,2025-11-30,HU,quantile,0.100,0.0
2025-11-12,hospital admissions,4,2025-11-30,HU,quantile,0.150,0.0
2025-11-12,hospital admissions,4,2025-11-30,HU,quantile,0.200,0.0
2025-11-12,hospital admissions,4,2025-11-30,HU,quantile,0.250,0.0
2025-11-12,hospital admissions,4,2025-11-30,HU,quantile,0.300,0.0
2025-11-12,hospital admissions,4,2025-11-30,HU,quantile,0.350,0.0
2025-11-12,hospital admissions,4,2025-11-30,HU,quantile,0.400,0.0
2025-11-12,hospital admissions,4,2025-11-30,HU,quantile,0.450,0.0
2025-11-12,hospital admissions,4,2025-11-30,HU,quantile,0.500,7.0
2025-11-12,hospital admissions,4,2025-11-30,HU,quantile,0.550,23.0
2025-11-12,hospital admissions,4,2025-11-30,HU,quantile,0.600,43.0
2025-11-12,hospital admissions,4,2025-11-30,HU,quantile,0.650,62.350000000000364
2025-11-12,hospital admissions,4,2025-11-30,HU,quantile,0.700,83.0
2025-11-12,hospital admissions,4,2025-11-30,HU,quantile,0.750,102.0
2025-11-12,hospital admissions,4,2025-11-30,HU,quantile,0.800,125.0
2025-11-12,hospital admissions,4,2025-11-30,HU,quantile,0.850,151.0
2025-11-12,hospital admissions,4,2025-11-30,HU,quantile,0.900,187.0
2025-11-12,hospital admissions,4,2025-11-30,HU,quantile,0.950,239.0
2025-11-12,hospital admissions,4,2025-11-30,HU,quantile,0.975,282.0
2025-11-12,hospital admissions,4,2025-11-30,HU,quantile,0.990,328.0100000000002
2025-11-12,hospital admissions,4,2025-11-30,HU,median,,7.0
2025-11-12,hospital admissions,1,2025-11-09,IE,quantile,0.010,0.0
2025-11-12,hospital admissions,1,2025-11-09,IE,quantile,0.025,0.0
2025-11-12,hospital admissions,1,2025-11-09,IE,quantile,0.050,0.0
2025-11-12,hospital admissions,1,2025-11-09,IE,quantile,0.100,11.0
2025-11-12,hospital admissions,1,2025-11-09,IE,quantile,0.150,20.0
2025-11-12,hospital admissions,1,2025-11-09,IE,quantile,0.200,35.0
2025-11-12,hospital admissions,1,2025-11-09,IE,quantile,0.250,41.0
2025-11-12,hospital admissions,1,2025-11-09,IE,quantile,0.300,48.0
2025-11-12,hospital admissions,1,2025-11-09,IE,quantile,0.350,53.0
2025-11-12,hospital admissions,1,2025-11-09,IE,quantile,0.400,56.0
2025-11-12,hospital admissions,1,2025-11-09,IE,quantile,0.450,61.0
2025-11-12,hospital admissions,1,2025-11-09,IE,quantile,0.500,64.0
2025-11-12,hospital admissions,1,2025-11-09,IE,quantile,0.550,68.0
2025-11-12,hospital admissions,1,2025-11-09,IE,quantile,0.600,73.0
2025-11-12,hospital admissions,1,2025-11-09,IE,quantile,0.650,76.0
2025-11-12,hospital admissions,1,2025-11-09,IE,quantile,0.700,81.0
2025-11-12,hospital admissions,1,2025-11-09,IE,quantile,0.750,87.0
2025-11-12,hospital admissions,1,2025-11-09,IE,quantile,0.800,93.0
2025-11-12,hospital admissions,1,2025-11-09,IE,quantile,0.850,108.0
2025-11-12,hospital admissions,1,2025-11-09,IE,quantile,0.900,117.0
2025-11-12,hospital admissions,1,2025-11-09,IE,quantile,0.950,146.0
2025-11-12,hospital admissions,1,2025-11-09,IE,quantile,0.975,172.0
2025-11-12,hospital admissions,1,2025-11-09,IE,quantile,0.990,213.0
2025-11-12,hospital admissions,1,2025-11-09,IE,median,,64.0
2025-11-12,hospital admissions,2,2025-11-16,IE,quantile,0.010,0.0
2025-11-12,hospital admissions,2,2025-11-16,IE,quantile,0.025,0.0
2025-11-12,hospital admissions,2,2025-11-16,IE,quantile,0.050,0.0
2025-11-12,hospital admissions,2,2025-11-16,IE,quantile,0.100,0.0
2025-11-12,hospital admissions,2,2025-11-16,IE,quantile,0.150,0.0
2025-11-12,hospital admissions,2,2025-11-16,IE,quantile,0.200,14.0
2025-11-12,hospital admissions,2,2025-11-16,IE,quantile,0.250,25.0
2025-11-12,hospital admissions,2,2025-11-16,IE,quantile,0.300,34.0
2025-11-12,hospital admissions,2,2025-11-16,IE,quantile,0.350,42.0
2025-11-12,hospital admissions,2,2025-11-16,IE,quantile,0.400,50.0
2025-11-12,hospital admissions,2,2025-11-16,IE,quantile,0.450,57.0
2025-11-12,hospital admissions,2,2025-11-16,IE,quantile,0.500,64.0
2025-11-12,hospital admissions,2,2025-11-16,IE,quantile,0.550,70.0
2025-11-12,hospital admissions,2,2025-11-16,IE,quantile,0.600,77.0
2025-11-12,hospital admissions,2,2025-11-16,IE,quantile,0.650,84.0
2025-11-12,hospital admissions,2,2025-11-16,IE,quantile,0.700,92.0
2025-11-12,hospital admissions,2,2025-11-16,IE,quantile,0.750,103.0
2025-11-12,hospital admissions,2,2025-11-16,IE,quantile,0.800,114.0
2025-11-12,hospital admissions,2,2025-11-16,IE,quantile,0.850,127.0
2025-11-12,hospital admissions,2,2025-11-16,IE,quantile,0.900,145.0
2025-11-12,hospital admissions,2,2025-11-16,IE,quantile,0.950,176.04999999999927
2025-11-12,hospital admissions,2,2025-11-16,IE,quantile,0.975,207.02499999999964
2025-11-12,hospital admissions,2,2025-11-16,IE,quantile,0.990,250.01000000000022
2025-11-12,hospital admissions,2,2025-11-16,IE,median,,64.0
2025-11-12,hospital admissions,3,2025-11-23,IE,quantile,0.010,0.0
2025-11-12,hospital admissions,3,2025-11-23,IE,quantile,0.025,0.0
2025-11-12,hospital admissions,3,2025-11-23,IE,quantile,0.050,0.0
2025-11-12,hospital admissions,3,2025-11-23,IE,quantile,0.100,0.0
2025-11-12,hospital admissions,3,2025-11-23,IE,quantile,0.150,0.0
2025-11-12,hospital admissions,3,2025-11-23,IE,quantile,0.200,0.0
2025-11-12,hospital admissions,3,2025-11-23,IE,quantile,0.250,13.0
2025-11-12,hospital admissions,3,2025-11-23,IE,quantile,0.300,26.0
2025-11-12,hospital admissions,3,2025-11-23,IE,quantile,0.350,35.0
2025-11-12,hospital admissions,3,2025-11-23,IE,quantile,0.400,45.0
2025-11-12,hospital admissions,3,2025-11-23,IE,quantile,0.450,54.0
2025-11-12,hospital admissions,3,2025-11-23,IE,quantile,0.500,63.0
2025-11-12,hospital admissions,3,2025-11-23,IE,quantile,0.550,72.0
2025-11-12,hospital admissions,3,2025-11-23,IE,quantile,0.600,81.0
2025-11-12,hospital admissions,3,2025-11-23,IE,quantile,0.650,92.0
2025-11-12,hospital admissions,3,2025-11-23,IE,quantile,0.700,103.0
2025-11-12,hospital admissions,3,2025-11-23,IE,quantile,0.750,115.0
2025-11-12,hospital admissions,3,2025-11-23,IE,quantile,0.800,128.0
2025-11-12,hospital admissions,3,2025-11-23,IE,quantile,0.850,145.0
2025-11-12,hospital admissions,3,2025-11-23,IE,quantile,0.900,167.0
2025-11-12,hospital admissions,3,2025-11-23,IE,quantile,0.950,201.0
2025-11-12,hospital admissions,3,2025-11-23,IE,quantile,0.975,236.02499999999964
2025-11-12,hospital admissions,3,2025-11-23,IE,quantile,0.990,282.0100000000002
2025-11-12,hospital admissions,3,2025-11-23,IE,median,,63.0
2025-11-12,hospital admissions,4,2025-11-30,IE,quantile,0.010,0.0
2025-11-12,hospital admissions,4,2025-11-30,IE,quantile,0.025,0.0
2025-11-12,hospital admissions,4,2025-11-30,IE,quantile,0.050,0.0
2025-11-12,hospital admissions,4,2025-11-30,IE,quantile,0.100,0.0
2025-11-12,hospital admissions,4,2025-11-30,IE,quantile,0.150,0.0
2025-11-12,hospital admissions,4,2025-11-30,IE,quantile,0.200,0.0
2025-11-12,hospital admissions,4,2025-11-30,IE,quantile,0.250,3.0
2025-11-12,hospital admissions,4,2025-11-30,IE,quantile,0.300,17.0
2025-11-12,hospital admissions,4,2025-11-30,IE,quantile,0.350,29.0
2025-11-12,hospital admissions,4,2025-11-30,IE,quantile,0.400,40.0
2025-11-12,hospital admissions,4,2025-11-30,IE,quantile,0.450,52.0
2025-11-12,hospital admissions,4,2025-11-30,IE,quantile,0.500,63.0
2025-11-12,hospital admissions,4,2025-11-30,IE,quantile,0.550,74.0
2025-11-12,hospital admissions,4,2025-11-30,IE,quantile,0.600,86.0
2025-11-12,hospital admissions,4,2025-11-30,IE,quantile,0.650,98.0
2025-11-12,hospital admissions,4,2025-11-30,IE,quantile,0.700,111.0
2025-11-12,hospital admissions,4,2025-11-30,IE,quantile,0.750,125.0
2025-11-12,hospital admissions,4,2025-11-30,IE,quantile,0.800,141.0
2025-11-12,hospital admissions,4,2025-11-30,IE,quantile,0.850,160.0
2025-11-12,hospital admissions,4,2025-11-30,IE,quantile,0.900,183.0
2025-11-12,hospital admissions,4,2025-11-30,IE,quantile,0.950,224.04999999999927
2025-11-12,hospital admissions,4,2025-11-30,IE,quantile,0.975,264.02499999999964
2025-11-12,hospital admissions,4,2025-11-30,IE,quantile,0.990,313.0
2025-11-12,hospital admissions,4,2025-11-30,IE,median,,63.0
2025-11-12,hospital admissions,1,2025-11-09,IT,quantile,0.010,0.0
2025-11-12,hospital admissions,1,2025-11-09,IT,quantile,0.025,0.0
2025-11-12,hospital admissions,1,2025-11-09,IT,quantile,0.050,0.0
2025-11-12,hospital admissions,1,2025-11-09,IT,quantile,0.100,0.0
2025-11-12,hospital admissions,1,2025-11-09,IT,quantile,0.150,0.0
2025-11-12,hospital admissions,1,2025-11-09,IT,quantile,0.200,0.0
2025-11-12,hospital admissions,1,2025-11-09,IT,quantile,0.250,0.0
2025-11-12,hospital admissions,1,2025-11-09,IT,quantile,0.300,0.0
2025-11-12,hospital admissions,1,2025-11-09,IT,quantile,0.350,0.0
2025-11-12,hospital admissions,1,2025-11-09,IT,quantile,0.400,0.0
2025-11-12,hospital admissions,1,2025-11-09,IT,quantile,0.450,0.0
2025-11-12,hospital admissions,1,2025-11-09,IT,quantile,0.500,15.5
2025-11-12,hospital admissions,1,2025-11-09,IT,quantile,0.550,147.45000000000073
2025-11-12,hospital admissions,1,2025-11-09,IT,quantile,0.600,283.0
2025-11-12,hospital admissions,1,2025-11-09,IT,quantile,0.650,420.35000000000036
2025-11-12,hospital admissions,1,2025-11-09,IT,quantile,0.700,567.0
2025-11-12,hospital admissions,1,2025-11-09,IT,quantile,0.750,727.25
2025-11-12,hospital admissions,1,2025-11-09,IT,quantile,0.800,909.0
2025-11-12,hospital admissions,1,2025-11-09,IT,quantile,0.850,1131.0
2025-11-12,hospital admissions,1,2025-11-09,IT,quantile,0.900,1409.0
2025-11-12,hospital admissions,1,2025-11-09,IT,quantile,0.950,1814.0
2025-11-12,hospital admissions,1,2025-11-09,IT,quantile,0.975,2116.0499999999993
2025-11-12,hospital admissions,1,2025-11-09,IT,quantile,0.990,2504.01
2025-11-12,hospital admissions,1,2025-11-09,IT,median,,15.5
2025-11-12,hospital admissions,2,2025-11-16,IT,quantile,0.010,0.0
2025-11-12,hospital admissions,2,2025-11-16,IT,quantile,0.025,0.0
2025-11-12,hospital admissions,2,2025-11-16,IT,quantile,0.050,0.0
2025-11-12,hospital admissions,2,2025-11-16,IT,quantile,0.100,0.0
2025-11-12,hospital admissions,2,2025-11-16,IT,quantile,0.150,0.0
2025-11-12,hospital admissions,2,2025-11-16,IT,quantile,0.200,0.0
2025-11-12,hospital admissions,2,2025-11-16,IT,quantile,0.250,0.0
2025-11-12,hospital admissions,2,2025-11-16,IT,quantile,0.300,0.0
2025-11-12,hospital admissions,2,2025-11-16,IT,quantile,0.350,0.0
2025-11-12,hospital admissions,2,2025-11-16,IT,quantile,0.400,0.0
2025-11-12,hospital admissions,2,2025-11-16,IT,quantile,0.450,0.0
2025-11-12,hospital admissions,2,2025-11-16,IT,quantile,0.500,15.0
2025-11-12,hospital admissions,2,2025-11-16,IT,quantile,0.550,152.0
2025-11-12,hospital admissions,2,2025-11-16,IT,quantile,0.600,287.0
2025-11-12,hospital admissions,2,2025-11-16,IT,quantile,0.650,427.35000000000036
2025-11-12,hospital admissions,2,2025-11-16,IT,quantile,0.700,575.2999999999993
2025-11-12,hospital admissions,2,2025-11-16,IT,quantile,0.750,731.0
2025-11-12,hospital admissions,2,2025-11-16,IT,quantile,0.800,917.2000000000007
2025-11-12,hospital admissions,2,2025-11-16,IT,quantile,0.850,1141.0
2025-11-12,hospital admissions,2,2025-11-16,IT,quantile,0.900,1430.1000000000004
2025-11-12,hospital admissions,2,2025-11-16,IT,quantile,0.950,1833.0
2025-11-12,hospital admissions,2,2025-11-16,IT,quantile,0.975,2151.0249999999996
2025-11-12,hospital admissions,2,2025-11-16,IT,quantile,0.990,2512.0200000000004
2025-11-12,hospital admissions,2,2025-11-16,IT,median,,15.0
2025-11-12,hospital admissions,3,2025-11-23,IT,quantile,0.010,0.0
2025-11-12,hospital admissions,3,2025-11-23,IT,quantile,0.025,0.0
2025-11-12,hospital admissions,3,2025-11-23,IT,quantile,0.050,0.0
2025-11-12,hospital admissions,3,2025-11-23,IT,quantile,0.100,0.0
2025-11-12,hospital admissions,3,2025-11-23,IT,quantile,0.150,0.0
2025-11-12,hospital admissions,3,2025-11-23,IT,quantile,0.200,0.0
2025-11-12,hospital admissions,3,2025-11-23,IT,quantile,0.250,0.0
2025-11-12,hospital admissions,3,2025-11-23,IT,quantile,0.300,0.0
2025-11-12,hospital admissions,3,2025-11-23,IT,quantile,0.350,0.0
2025-11-12,hospital admissions,3,2025-11-23,IT,quantile,0.400,0.0
2025-11-12,hospital admissions,3,2025-11-23,IT,quantile,0.450,0.0
2025-11-12,hospital admissions,3,2025-11-23,IT,quantile,0.500,13.0
2025-11-12,hospital admissions,3,2025-11-23,IT,quantile,0.550,157.45000000000073
2025-11-12,hospital admissions,3,2025-11-23,IT,quantile,0.600,292.0
2025-11-12,hospital admissions,3,2025-11-23,IT,quantile,0.650,427.35000000000036
2025-11-12,hospital admissions,3,2025-11-23,IT,quantile,0.700,582.2999999999993
2025-11-12,hospital admissions,3,2025-11-23,IT,quantile,0.750,740.0
2025-11-12,hospital admissions,3,2025-11-23,IT,quantile,0.800,941.0
2025-11-12,hospital admissions,3,2025-11-23,IT,quantile,0.850,1163.1499999999996
2025-11-12,hospital admissions,3,2025-11-23,IT,quantile,0.900,1446.1000000000004
2025-11-12,hospital admissions,3,2025-11-23,IT,quantile,0.950,1858.0
2025-11-12,hospital admissions,3,2025-11-23,IT,quantile,0.975,2168.0999999999985
2025-11-12,hospital admissions,3,2025-11-23,IT,quantile,0.990,2525.0
2025-11-12,hospital admissions,3,2025-11-23,IT,median,,13.0
2025-11-12,hospital admissions,4,2025-11-30,IT,quantile,0.010,0.0
2025-11-12,hospital admissions,4,2025-11-30,IT,quantile,0.025,0.0
2025-11-12,hospital admissions,4,2025-11-30,IT,quantile,0.050,0.0
2025-11-12,hospital admissions,4,2025-11-30,IT,quantile,0.100,0.0
2025-11-12,hospital admissions,4,2025-11-30,IT,quantile,0.150,0.0
2025-11-12,hospital admissions,4,2025-11-30,IT,quantile,0.200,0.0
2025-11-12,hospital admissions,4,2025-11-30,IT,quantile,0.250,0.0
2025-11-12,hospital admissions,4,2025-11-30,IT,quantile,0.300,0.0
2025-11-12,hospital admissions,4,2025-11-30,IT,quantile,0.350,0.0
2025-11-12,hospital admissions,4,2025-11-30,IT,quantile,0.400,0.0
2025-11-12,hospital admissions,4,2025-11-30,IT,quantile,0.450,0.0
2025-11-12,hospital admissions,4,2025-11-30,IT,quantile,0.500,5.5
2025-11-12,hospital admissions,4,2025-11-30,IT,quantile,0.550,156.0
2025-11-12,hospital admissions,4,2025-11-30,IT,quantile,0.600,295.0
2025-11-12,hospital admissions,4,2025-11-30,IT,quantile,0.650,437.35000000000036
2025-11-12,hospital admissions,4,2025-11-30,IT,quantile,0.700,601.2999999999993
2025-11-12,hospital admissions,4,2025-11-30,IT,quantile,0.750,765.0
2025-11-12,hospital admissions,4,2025-11-30,IT,quantile,0.800,954.0
2025-11-12,hospital admissions,4,2025-11-30,IT,quantile,0.850,1172.1499999999996
2025-11-12,hospital admissions,4,2025-11-30,IT,quantile,0.900,1468.1000000000004
2025-11-12,hospital admissions,4,2025-11-30,IT,quantile,0.950,1886.1499999999978
2025-11-12,hospital admissions,4,2025-11-30,IT,quantile,0.975,2193.0
2025-11-12,hospital admissions,4,2025-11-30,IT,quantile,0.990,2532.040000000001
2025-11-12,hospital admissions,4,2025-11-30,IT,median,,5.5
2025-11-12,hospital admissions,1,2025-11-09,LV,quantile,0.010,0.0
2025-11-12,hospital admissions,1,2025-11-09,LV,quantile,0.025,0.0
2025-11-12,hospital admissions,1,2025-11-09,LV,quantile,0.050,0.0
2025-11-12,hospital admissions,1,2025-11-09,LV,quantile,0.100,9.0
2025-11-12,hospital admissions,1,2025-11-09,LV,quantile,0.150,16.0
2025-11-12,hospital admissions,1,2025-11-09,LV,quantile,0.200,20.0
2025-11-12,hospital admissions,1,2025-11-09,LV,quantile,0.250,24.0
2025-11-12,hospital admissions,1,2025-11-09,LV,quantile,0.300,26.0
2025-11-12,hospital admissions,1,2025-11-09,LV,quantile,0.350,29.0
2025-11-12,hospital admissions,1,2025-11-09,LV,quantile,0.400,31.0
2025-11-12,hospital admissions,1,2025-11-09,LV,quantile,0.450,34.0
2025-11-12,hospital admissions,1,2025-11-09,LV,quantile,0.500,36.0
2025-11-12,hospital admissions,1,2025-11-09,LV,quantile,0.550,37.0
2025-11-12,hospital admissions,1,2025-11-09,LV,quantile,0.600,40.0
2025-11-12,hospital admissions,1,2025-11-09,LV,quantile,0.650,42.0
2025-11-12,hospital admissions,1,2025-11-09,LV,quantile,0.700,44.0
2025-11-12,hospital admissions,1,2025-11-09,LV,quantile,0.750,48.0
2025-11-12,hospital admissions,1,2025-11-09,LV,quantile,0.800,51.0
2025-11-12,hospital admissions,1,2025-11-09,LV,quantile,0.850,55.0
2025-11-12,hospital admissions,1,2025-11-09,LV,quantile,0.900,63.0
2025-11-12,hospital admissions,1,2025-11-09,LV,quantile,0.950,94.0
2025-11-12,hospital admissions,1,2025-11-09,LV,quantile,0.975,110.0
2025-11-12,hospital admissions,1,2025-11-09,LV,quantile,0.990,282.0
2025-11-12,hospital admissions,1,2025-11-09,LV,median,,36.0
2025-11-12,hospital admissions,2,2025-11-16,LV,quantile,0.010,0.0
2025-11-12,hospital admissions,2,2025-11-16,LV,quantile,0.025,0.0
2025-11-12,hospital admissions,2,2025-11-16,LV,quantile,0.050,0.0
2025-11-12,hospital admissions,2,2025-11-16,LV,quantile,0.100,0.0
2025-11-12,hospital admissions,2,2025-11-16,LV,quantile,0.150,8.0
2025-11-12,hospital admissions,2,2025-11-16,LV,quantile,0.200,15.0
2025-11-12,hospital admissions,2,2025-11-16,LV,quantile,0.250,20.0
2025-11-12,hospital admissions,2,2025-11-16,LV,quantile,0.300,23.0
2025-11-12,hospital admissions,2,2025-11-16,LV,quantile,0.350,27.0
2025-11-12,hospital admissions,2,2025-11-16,LV,quantile,0.400,30.0
2025-11-12,hospital admissions,2,2025-11-16,LV,quantile,0.450,33.0
2025-11-12,hospital admissions,2,2025-11-16,LV,quantile,0.500,35.5
2025-11-12,hospital admissions,2,2025-11-16,LV,quantile,0.550,38.0
2025-11-12,hospital admissions,2,2025-11-16,LV,quantile,0.600,41.0
2025-11-12,hospital admissions,2,2025-11-16,LV,quantile,0.650,44.0
2025-11-12,hospital admissions,2,2025-11-16,LV,quantile,0.700,48.0
2025-11-12,hospital admissions,2,2025-11-16,LV,quantile,0.750,52.0
2025-11-12,hospital admissions,2,2025-11-16,LV,quantile,0.800,57.0
2025-11-12,hospital admissions,2,2025-11-16,LV,quantile,0.850,64.0
2025-11-12,hospital admissions,2,2025-11-16,LV,quantile,0.900,78.0
2025-11-12,hospital admissions,2,2025-11-16,LV,quantile,0.950,107.0
2025-11-12,hospital admissions,2,2025-11-16,LV,quantile,0.975,130.0
2025-11-12,hospital admissions,2,2025-11-16,LV,quantile,0.990,288.0
2025-11-12,hospital admissions,2,2025-11-16,LV,median,,35.5
2025-11-12,hospital admissions,3,2025-11-23,LV,quantile,0.010,0.0
2025-11-12,hospital admissions,3,2025-11-23,LV,quantile,0.025,0.0
2025-11-12,hospital admissions,3,2025-11-23,LV,quantile,0.050,0.0
2025-11-12,hospital admissions,3,2025-11-23,LV,quantile,0.100,0.0
2025-11-12,hospital admissions,3,2025-11-23,LV,quantile,0.150,1.0
2025-11-12,hospital admissions,3,2025-11-23,LV,quantile,0.200,10.0
2025-11-12,hospital admissions,3,2025-11-23,LV,quantile,0.250,16.0
2025-11-12,hospital admissions,3,2025-11-23,LV,quantile,0.300,20.699999999999818
2025-11-12,hospital admissions,3,2025-11-23,LV,quantile,0.350,25.0
2025-11-12,hospital admissions,3,2025-11-23,LV,quantile,0.400,29.0
2025-11-12,hospital admissions,3,2025-11-23,LV,quantile,0.450,32.0
2025-11-12,hospital admissions,3,2025-11-23,LV,quantile,0.500,36.0
2025-11-12,hospital admissions,3,2025-11-23,LV,quantile,0.550,39.0
2025-11-12,hospital admissions,3,2025-11-23,LV,quantile,0.600,43.0
2025-11-12,hospital admissions,3,2025-11-23,LV,quantile,0.650,47.0
2025-11-12,hospital admissions,3,2025-11-23,LV,quantile,0.700,51.0
2025-11-12,hospital admissions,3,2025-11-23,LV,quantile,0.750,56.0
2025-11-12,hospital admissions,3,2025-11-23,LV,quantile,0.800,62.0
2025-11-12,hospital admissions,3,2025-11-23,LV,quantile,0.850,72.0
2025-11-12,hospital admissions,3,2025-11-23,LV,quantile,0.900,89.0
2025-11-12,hospital admissions,3,2025-11-23,LV,quantile,0.950,114.0
2025-11-12,hospital admissions,3,2025-11-23,LV,quantile,0.975,240.12499999999818
2025-11-12,hospital admissions,3,2025-11-23,LV,quantile,0.990,294.0
2025-11-12,hospital admissions,3,2025-11-23,LV,median,,36.0
2025-11-12,hospital admissions,4,2025-11-30,LV,quantile,0.010,0.0
2025-11-12,hospital admissions,4,2025-11-30,LV,quantile,0.025,0.0
2025-11-12,hospital admissions,4,2025-11-30,LV,quantile,0.050,0.0
2025-11-12,hospital admissions,4,2025-11-30,LV,quantile,0.100,0.0
2025-11-12,hospital admissions,4,2025-11-30,LV,quantile,0.150,0.0
2025-11-12,hospital admissions,4,2025-11-30,LV,quantile,0.200,4.0
2025-11-12,hospital admissions,4,2025-11-30,LV,quantile,0.250,12.0
2025-11-12,hospital admissions,4,2025-11-30,LV,quantile,0.300,18.0
2025-11-12,hospital admissions,4,2025-11-30,LV,quantile,0.350,23.0
2025-11-12,hospital admissions,4,2025-11-30,LV,quantile,0.400,27.0
2025-11-12,hospital admissions,4,2025-11-30,LV,quantile,0.450,31.0
2025-11-12,hospital admissions,4,2025-11-30,LV,quantile,0.500,35.0
2025-11-12,hospital admissions,4,2025-11-30,LV,quantile,0.550,40.0
2025-11-12,hospital admissions,4,2025-11-30,LV,quantile,0.600,44.0
2025-11-12,hospital admissions,4,2025-11-30,LV,quantile,0.650,49.0
2025-11-12,hospital admissions,4,2025-11-30,LV,quantile,0.700,54.0
2025-11-12,hospital admissions,4,2025-11-30,LV,quantile,0.750,60.0
2025-11-12,hospital admissions,4,2025-11-30,LV,quantile,0.800,68.0
2025-11-12,hospital admissions,4,2025-11-30,LV,quantile,0.850,80.0
2025-11-12,hospital admissions,4,2025-11-30,LV,quantile,0.900,98.0
2025-11-12,hospital admissions,4,2025-11-30,LV,quantile,0.950,127.0
2025-11-12,hospital admissions,4,2025-11-30,LV,quantile,0.975,272.0
2025-11-12,hospital admissions,4,2025-11-30,LV,quantile,0.990,300.0
2025-11-12,hospital admissions,4,2025-11-30,LV,median,,35.0
2025-11-12,hospital admissions,1,2025-11-09,LT,quantile,0.010,0.0
2025-11-12,hospital admissions,1,2025-11-09,LT,quantile,0.025,0.0
2025-11-12,hospital admissions,1,2025-11-09,LT,quantile,0.050,0.0
2025-11-12,hospital admissions,1,2025-11-09,LT,quantile,0.100,13.0
2025-11-12,hospital admissions,1,2025-11-09,LT,quantile,0.150,23.0
2025-11-12,hospital admissions,1,2025-11-09,LT,quantile,0.200,30.0
2025-11-12,hospital admissions,1,2025-11-09,LT,quantile,0.250,37.0
2025-11-12,hospital admissions,1,2025-11-09,LT,quantile,0.300,41.0
2025-11-12,hospital admissions,1,2025-11-09,LT,quantile,0.350,44.0
2025-11-12,hospital admissions,1,2025-11-09,LT,quantile,0.400,47.0
2025-11-12,hospital admissions,1,2025-11-09,LT,quantile,0.450,49.0
2025-11-12,hospital admissions,1,2025-11-09,LT,quantile,0.500,50.0
2025-11-12,hospital admissions,1,2025-11-09,LT,quantile,0.550,52.0
2025-11-12,hospital admissions,1,2025-11-09,LT,quantile,0.600,54.0
2025-11-12,hospital admissions,1,2025-11-09,LT,quantile,0.650,57.0
2025-11-12,hospital admissions,1,2025-11-09,LT,quantile,0.700,60.0
2025-11-12,hospital admissions,1,2025-11-09,LT,quantile,0.750,64.0
2025-11-12,hospital admissions,1,2025-11-09,LT,quantile,0.800,72.0
2025-11-12,hospital admissions,1,2025-11-09,LT,quantile,0.850,79.0
2025-11-12,hospital admissions,1,2025-11-09,LT,quantile,0.900,90.0
2025-11-12,hospital admissions,1,2025-11-09,LT,quantile,0.950,115.0
2025-11-12,hospital admissions,1,2025-11-09,LT,quantile,0.975,132.0
2025-11-12,hospital admissions,1,2025-11-09,LT,quantile,0.990,194.01000000000022
2025-11-12,hospital admissions,1,2025-11-09,LT,median,,50.0
2025-11-12,hospital admissions,2,2025-11-16,LT,quantile,0.010,0.0
2025-11-12,hospital admissions,2,2025-11-16,LT,quantile,0.025,0.0
2025-11-12,hospital admissions,2,2025-11-16,LT,quantile,0.050,0.0
2025-11-12,hospital admissions,2,2025-11-16,LT,quantile,0.100,0.0
2025-11-12,hospital admissions,2,2025-11-16,LT,quantile,0.150,14.0
2025-11-12,hospital admissions,2,2025-11-16,LT,quantile,0.200,23.0
2025-11-12,hospital admissions,2,2025-11-16,LT,quantile,0.250,30.0
2025-11-12,hospital admissions,2,2025-11-16,LT,quantile,0.300,36.0
2025-11-12,hospital admissions,2,2025-11-16,LT,quantile,0.350,41.0
2025-11-12,hospital admissions,2,2025-11-16,LT,quantile,0.400,44.0
2025-11-12,hospital admissions,2,2025-11-16,LT,quantile,0.450,47.0
2025-11-12,hospital admissions,2,2025-11-16,LT,quantile,0.500,50.0
2025-11-12,hospital admissions,2,2025-11-16,LT,quantile,0.550,53.0
2025-11-12,hospital admissions,2,2025-11-16,LT,quantile,0.600,57.0
2025-11-12,hospital admissions,2,2025-11-16,LT,quantile,0.650,61.0
2025-11-12,hospital admissions,2,2025-11-16,LT,quantile,0.700,66.0
2025-11-12,hospital admissions,2,2025-11-16,LT,quantile,0.750,72.0
2025-11-12,hospital admissions,2,2025-11-16,LT,quantile,0.800,79.0
2025-11-12,hospital admissions,2,2025-11-16,LT,quantile,0.850,89.0
2025-11-12,hospital admissions,2,2025-11-16,LT,quantile,0.900,105.0
2025-11-12,hospital admissions,2,2025-11-16,LT,quantile,0.950,128.0
2025-11-12,hospital admissions,2,2025-11-16,LT,quantile,0.975,170.02499999999964
2025-11-12,hospital admissions,2,2025-11-16,LT,quantile,0.990,201.0
2025-11-12,hospital admissions,2,2025-11-16,LT,median,,50.0
2025-11-12,hospital admissions,3,2025-11-23,LT,quantile,0.010,0.0
2025-11-12,hospital admissions,3,2025-11-23,LT,quantile,0.025,0.0
2025-11-12,hospital admissions,3,2025-11-23,LT,quantile,0.050,0.0
2025-11-12,hospital admissions,3,2025-11-23,LT,quantile,0.100,0.0
2025-11-12,hospital admissions,3,2025-11-23,LT,quantile,0.150,4.0
2025-11-12,hospital admissions,3,2025-11-23,LT,quantile,0.200,16.0
2025-11-12,hospital admissions,3,2025-11-23,LT,quantile,0.250,24.0
2025-11-12,hospital admissions,3,2025-11-23,LT,quantile,0.300,31.0
2025-11-12,hospital admissions,3,2025-11-23,LT,quantile,0.350,37.0
2025-11-12,hospital admissions,3,2025-11-23,LT,quantile,0.400,42.0
2025-11-12,hospital admissions,3,2025-11-23,LT,quantile,0.450,46.0
2025-11-12,hospital admissions,3,2025-11-23,LT,quantile,0.500,51.0
2025-11-12,hospital admissions,3,2025-11-23,LT,quantile,0.550,55.0
2025-11-12,hospital admissions,3,2025-11-23,LT,quantile,0.600,59.0
2025-11-12,hospital admissions,3,2025-11-23,LT,quantile,0.650,64.0
2025-11-12,hospital admissions,3,2025-11-23,LT,quantile,0.700,70.0
2025-11-12,hospital admissions,3,2025-11-23,LT,quantile,0.750,77.0
2025-11-12,hospital admissions,3,2025-11-23,LT,quantile,0.800,86.0
2025-11-12,hospital admissions,3,2025-11-23,LT,quantile,0.850,98.0
2025-11-12,hospital admissions,3,2025-11-23,LT,quantile,0.900,114.0
2025-11-12,hospital admissions,3,2025-11-23,LT,quantile,0.950,144.0
2025-11-12,hospital admissions,3,2025-11-23,LT,quantile,0.975,188.02499999999964
2025-11-12,hospital admissions,3,2025-11-23,LT,quantile,0.990,215.0
2025-11-12,hospital admissions,3,2025-11-23,LT,median,,51.0
2025-11-12,hospital admissions,4,2025-11-30,LT,quantile,0.010,0.0
2025-11-12,hospital admissions,4,2025-11-30,LT,quantile,0.025,0.0
2025-11-12,hospital admissions,4,2025-11-30,LT,quantile,0.050,0.0
2025-11-12,hospital admissions,4,2025-11-30,LT,quantile,0.100,0.0
2025-11-12,hospital admissions,4,2025-11-30,LT,quantile,0.150,0.0
2025-11-12,hospital admissions,4,2025-11-30,LT,quantile,0.200,10.0
2025-11-12,hospital admissions,4,2025-11-30,LT,quantile,0.250,19.0
2025-11-12,hospital admissions,4,2025-11-30,LT,quantile,0.300,27.0
2025-11-12,hospital admissions,4,2025-11-30,LT,quantile,0.350,34.0
2025-11-12,hospital admissions,4,2025-11-30,LT,quantile,0.400,40.0
2025-11-12,hospital admissions,4,2025-11-30,LT,quantile,0.450,45.55000000000018
2025-11-12,hospital admissions,4,2025-11-30,LT,quantile,0.500,51.0
2025-11-12,hospital admissions,4,2025-11-30,LT,quantile,0.550,56.0
2025-11-12,hospital admissions,4,2025-11-30,LT,quantile,0.600,61.0
2025-11-12,hospital admissions,4,2025-11-30,LT,quantile,0.650,67.0
2025-11-12,hospital admissions,4,2025-11-30,LT,quantile,0.700,74.0
2025-11-12,hospital admissions,4,2025-11-30,LT,quantile,0.750,82.0
2025-11-12,hospital admissions,4,2025-11-30,LT,quantile,0.800,92.0
2025-11-12,hospital admissions,4,2025-11-30,LT,quantile,0.850,105.0
2025-11-12,hospital admissions,4,2025-11-30,LT,quantile,0.900,123.0
2025-11-12,hospital admissions,4,2025-11-30,LT,quantile,0.950,161.0
2025-11-12,hospital admissions,4,2025-11-30,LT,quantile,0.975,194.0
2025-11-12,hospital admissions,4,2025-11-30,LT,quantile,0.990,231.0
2025-11-12,hospital admissions,4,2025-11-30,LT,median,,51.0
2025-11-12,hospital admissions,1,2025-11-09,MT,quantile,0.010,0.0
2025-11-12,hospital admissions,1,2025-11-09,MT,quantile,0.025,0.0
2025-11-12,hospital admissions,1,2025-11-09,MT,quantile,0.050,0.0
2025-11-12,hospital admissions,1,2025-11-09,MT,quantile,0.100,0.0
2025-11-12,hospital admissions,1,2025-11-09,MT,quantile,0.150,2.0
2025-11-12,hospital admissions,1,2025-11-09,MT,quantile,0.200,6.0
2025-11-12,hospital admissions,1,2025-11-09,MT,quantile,0.250,8.0
2025-11-12,hospital admissions,1,2025-11-09,MT,quantile,0.300,10.0
2025-11-12,hospital admissions,1,2025-11-09,MT,quantile,0.350,12.0
2025-11-12,hospital admissions,1,2025-11-09,MT,quantile,0.400,13.0
2025-11-12,hospital admissions,1,2025-11-09,MT,quantile,0.450,15.0
2025-11-12,hospital admissions,1,2025-11-09,MT,quantile,0.500,16.0
2025-11-12,hospital admissions,1,2025-11-09,MT,quantile,0.550,18.0
2025-11-12,hospital admissions,1,2025-11-09,MT,quantile,0.600,19.0
2025-11-12,hospital admissions,1,2025-11-09,MT,quantile,0.650,21.0
2025-11-12,hospital admissions,1,2025-11-09,MT,quantile,0.700,23.0
2025-11-12,hospital admissions,1,2025-11-09,MT,quantile,0.750,25.0
2025-11-12,hospital admissions,1,2025-11-09,MT,quantile,0.800,27.0
2025-11-12,hospital admissions,1,2025-11-09,MT,quantile,0.850,30.0
2025-11-12,hospital admissions,1,2025-11-09,MT,quantile,0.900,35.0
2025-11-12,hospital admissions,1,2025-11-09,MT,quantile,0.950,43.0
2025-11-12,hospital admissions,1,2025-11-09,MT,quantile,0.975,51.0
2025-11-12,hospital admissions,1,2025-11-09,MT,quantile,0.990,60.0
2025-11-12,hospital admissions,1,2025-11-09,MT,median,,16.0
2025-11-12,hospital admissions,2,2025-11-16,MT,quantile,0.010,0.0
2025-11-12,hospital admissions,2,2025-11-16,MT,quantile,0.025,0.0
2025-11-12,hospital admissions,2,2025-11-16,MT,quantile,0.050,0.0
2025-11-12,hospital admissions,2,2025-11-16,MT,quantile,0.100,0.0
2025-11-12,hospital admissions,2,2025-11-16,MT,quantile,0.150,0.0
2025-11-12,hospital admissions,2,2025-11-16,MT,quantile,0.200,3.0
2025-11-12,hospital admissions,2,2025-11-16,MT,quantile,0.250,6.0
2025-11-12,hospital admissions,2,2025-11-16,MT,quantile,0.300,8.0
2025-11-12,hospital admissions,2,2025-11-16,MT,quantile,0.350,10.0
2025-11-12,hospital admissions,2,2025-11-16,MT,quantile,0.400,13.0
2025-11-12,hospital admissions,2,2025-11-16,MT,quantile,0.450,15.0
2025-11-12,hospital admissions,2,2025-11-16,MT,quantile,0.500,16.0
2025-11-12,hospital admissions,2,2025-11-16,MT,quantile,0.550,18.0
2025-11-12,hospital admissions,2,2025-11-16,MT,quantile,0.600,20.0
2025-11-12,hospital admissions,2,2025-11-16,MT,quantile,0.650,22.0
2025-11-12,hospital admissions,2,2025-11-16,MT,quantile,0.700,24.0
2025-11-12,hospital admissions,2,2025-11-16,MT,quantile,0.750,27.0
2025-11-12,hospital admissions,2,2025-11-16,MT,quantile,0.800,30.0
2025-11-12,hospital admissions,2,2025-11-16,MT,quantile,0.850,33.0
2025-11-12,hospital admissions,2,2025-11-16,MT,quantile,0.900,38.0
2025-11-12,hospital admissions,2,2025-11-16,MT,quantile,0.950,47.0
2025-11-12,hospital admissions,2,2025-11-16,MT,quantile,0.975,55.0
2025-11-12,hospital admissions,2,2025-11-16,MT,quantile,0.990,65.0
2025-11-12,hospital admissions,2,2025-11-16,MT,median,,16.0
2025-11-12,hospital admissions,3,2025-11-23,MT,quantile,0.010,0.0
2025-11-12,hospital admissions,3,2025-11-23,MT,quantile,0.025,0.0
2025-11-12,hospital admissions,3,2025-11-23,MT,quantile,0.050,0.0
2025-11-12,hospital admissions,3,2025-11-23,MT,quantile,0.100,0.0
2025-11-12,hospital admissions,3,2025-11-23,MT,quantile,0.150,0.0
2025-11-12,hospital admissions,3,2025-11-23,MT,quantile,0.200,1.0
2025-11-12,hospital admissions,3,2025-11-23,MT,quantile,0.250,4.0
2025-11-12,hospital admissions,3,2025-11-23,MT,quantile,0.300,7.0
2025-11-12,hospital admissions,3,2025-11-23,MT,quantile,0.350,10.0
2025-11-12,hospital admissions,3,2025-11-23,MT,quantile,0.400,12.0
2025-11-12,hospital admissions,3,2025-11-23,MT,quantile,0.450,14.0
2025-11-12,hospital admissions,3,2025-11-23,MT,quantile,0.500,17.0
2025-11-12,hospital admissions,3,2025-11-23,MT,quantile,0.550,19.0
2025-11-12,hospital admissions,3,2025-11-23,MT,quantile,0.600,21.0
2025-11-12,hospital admissions,3,2025-11-23,MT,quantile,0.650,23.0
2025-11-12,hospital admissions,3,2025-11-23,MT,quantile,0.700,26.0
2025-11-12,hospital admissions,3,2025-11-23,MT,quantile,0.750,29.0
2025-11-12,hospital admissions,3,2025-11-23,MT,quantile,0.800,32.0
2025-11-12,hospital admissions,3,2025-11-23,MT,quantile,0.850,36.0
2025-11-12,hospital admissions,3,2025-11-23,MT,quantile,0.900,42.0
2025-11-12,hospital admissions,3,2025-11-23,MT,quantile,0.950,51.0
2025-11-12,hospital admissions,3,2025-11-23,MT,quantile,0.975,58.0
2025-11-12,hospital admissions,3,2025-11-23,MT,quantile,0.990,69.0
2025-11-12,hospital admissions,3,2025-11-23,MT,median,,17.0
2025-11-12,hospital admissions,4,2025-11-30,MT,quantile,0.010,0.0
2025-11-12,hospital admissions,4,2025-11-30,MT,quantile,0.025,0.0
2025-11-12,hospital admissions,4,2025-11-30,MT,quantile,0.050,0.0
2025-11-12,hospital admissions,4,2025-11-30,MT,quantile,0.100,0.0
2025-11-12,hospital admissions,4,2025-11-30,MT,quantile,0.150,0.0
2025-11-12,hospital admissions,4,2025-11-30,MT,quantile,0.200,0.0
2025-11-12,hospital admissions,4,2025-11-30,MT,quantile,0.250,3.0
2025-11-12,hospital admissions,4,2025-11-30,MT,quantile,0.300,6.0
2025-11-12,hospital admissions,4,2025-11-30,MT,quantile,0.350,9.0
2025-11-12,hospital admissions,4,2025-11-30,MT,quantile,0.400,12.0
2025-11-12,hospital admissions,4,2025-11-30,MT,quantile,0.450,14.0
2025-11-12,hospital admissions,4,2025-11-30,MT,quantile,0.500,17.0
2025-11-12,hospital admissions,4,2025-11-30,MT,quantile,0.550,19.0
2025-11-12,hospital admissions,4,2025-11-30,MT,quantile,0.600,22.0
2025-11-12,hospital admissions,4,2025-11-30,MT,quantile,0.650,24.0
2025-11-12,hospital admissions,4,2025-11-30,MT,quantile,0.700,27.0
2025-11-12,hospital admissions,4,2025-11-30,MT,quantile,0.750,30.0
2025-11-12,hospital admissions,4,2025-11-30,MT,quantile,0.800,34.0
2025-11-12,hospital admissions,4,2025-11-30,MT,quantile,0.850,38.0
2025-11-12,hospital admissions,4,2025-11-30,MT,quantile,0.900,44.0
2025-11-12,hospital admissions,4,2025-11-30,MT,quantile,0.950,53.0
2025-11-12,hospital admissions,4,2025-11-30,MT,quantile,0.975,62.0
2025-11-12,hospital admissions,4,2025-11-30,MT,quantile,0.990,73.0
2025-11-12,hospital admissions,4,2025-11-30,MT,median,,17.0
2025-11-12,hospital admissions,1,2025-11-09,NL,quantile,0.010,0.0
2025-11-12,hospital admissions,1,2025-11-09,NL,quantile,0.025,0.0
2025-11-12,hospital admissions,1,2025-11-09,NL,quantile,0.050,0.0
2025-11-12,hospital admissions,1,2025-11-09,NL,quantile,0.100,0.0
2025-11-12,hospital admissions,1,2025-11-09,NL,quantile,0.150,0.0
2025-11-12,hospital admissions,1,2025-11-09,NL,quantile,0.200,0.0
2025-11-12,hospital admissions,1,2025-11-09,NL,quantile,0.250,0.0
2025-11-12,hospital admissions,1,2025-11-09,NL,quantile,0.300,0.0
2025-11-12,hospital admissions,1,2025-11-09,NL,quantile,0.350,0.0
2025-11-12,hospital admissions,1,2025-11-09,NL,quantile,0.400,0.0
2025-11-12,hospital admissions,1,2025-11-09,NL,quantile,0.450,0.0
2025-11-12,hospital admissions,1,2025-11-09,NL,quantile,0.500,73.0
2025-11-12,hospital admissions,1,2025-11-09,NL,quantile,0.550,171.0
2025-11-12,hospital admissions,1,2025-11-09,NL,quantile,0.600,269.0
2025-11-12,hospital admissions,1,2025-11-09,NL,quantile,0.650,369.0
2025-11-12,hospital admissions,1,2025-11-09,NL,quantile,0.700,465.2999999999993
2025-11-12,hospital admissions,1,2025-11-09,NL,quantile,0.750,580.25
2025-11-12,hospital admissions,1,2025-11-09,NL,quantile,0.800,708.0
2025-11-12,hospital admissions,1,2025-11-09,NL,quantile,0.850,850.1499999999996
2025-11-12,hospital admissions,1,2025-11-09,NL,quantile,0.900,1033.1000000000004
2025-11-12,hospital admissions,1,2025-11-09,NL,quantile,0.950,1299.0
2025-11-12,hospital admissions,1,2025-11-09,NL,quantile,0.975,1529.0249999999996
2025-11-12,hospital admissions,1,2025-11-09,NL,quantile,0.990,1792.0200000000004
2025-11-12,hospital admissions,1,2025-11-09,NL,median,,73.0
2025-11-12,hospital admissions,2,2025-11-16,NL,quantile,0.010,0.0
2025-11-12,hospital admissions,2,2025-11-16,NL,quantile,0.025,0.0
2025-11-12,hospital admissions,2,2025-11-16,NL,quantile,0.050,0.0
2025-11-12,hospital admissions,2,2025-11-16,NL,quantile,0.100,0.0
2025-11-12,hospital admissions,2,2025-11-16,NL,quantile,0.150,0.0
2025-11-12,hospital admissions,2,2025-11-16,NL,quantile,0.200,0.0
2025-11-12,hospital admissions,2,2025-11-16,NL,quantile,0.250,0.0
2025-11-12,hospital admissions,2,2025-11-16,NL,quantile,0.300,0.0
2025-11-12,hospital admissions,2,2025-11-16,NL,quantile,0.350,0.0
2025-11-12,hospital admissions,2,2025-11-16,NL,quantile,0.400,0.0
2025-11-12,hospital admissions,2,2025-11-16,NL,quantile,0.450,0.0
2025-11-12,hospital admissions,2,2025-11-16,NL,quantile,0.500,74.5
2025-11-12,hospital admissions,2,2025-11-16,NL,quantile,0.550,177.0
2025-11-12,hospital admissions,2,2025-11-16,NL,quantile,0.600,273.0
2025-11-12,hospital admissions,2,2025-11-16,NL,quantile,0.650,371.0
2025-11-12,hospital admissions,2,2025-11-16,NL,quantile,0.700,471.0
2025-11-12,hospital admissions,2,2025-11-16,NL,quantile,0.750,581.0
2025-11-12,hospital admissions,2,2025-11-16,NL,quantile,0.800,709.0
2025-11-12,hospital admissions,2,2025-11-16,NL,quantile,0.850,861.1499999999996
2025-11-12,hospital admissions,2,2025-11-16,NL,quantile,0.900,1046.1000000000004
2025-11-12,hospital admissions,2,2025-11-16,NL,quantile,0.950,1315.0
2025-11-12,hospital admissions,2,2025-11-16,NL,quantile,0.975,1531.0499999999993
2025-11-12,hospital admissions,2,2025-11-16,NL,quantile,0.990,1807.0100000000002
2025-11-12,hospital admissions,2,2025-11-16,NL,median,,74.5
2025-11-12,hospital admissions,3,2025-11-23,NL,quantile,0.010,0.0
2025-11-12,hospital admissions,3,2025-11-23,NL,quantile,0.025,0.0
2025-11-12,hospital admissions,3,2025-11-23,NL,quantile,0.050,0.0
2025-11-12,hospital admissions,3,2025-11-23,NL,quantile,0.100,0.0
2025-11-12,hospital admissions,3,2025-11-23,NL,quantile,0.150,0.0
2025-11-12,hospital admissions,3,2025-11-23,NL,quantile,0.200,0.0
2025-11-12,hospital admissions,3,2025-11-23,NL,quantile,0.250,0.0
2025-11-12,hospital admissions,3,2025-11-23,NL,quantile,0.300,0.0
2025-11-12,hospital admissions,3,2025-11-23,NL,quantile,0.350,0.0
2025-11-12,hospital admissions,3,2025-11-23,NL,quantile,0.400,0.0
2025-11-12,hospital admissions,3,2025-11-23,NL,quantile,0.450,0.0
2025-11-12,hospital admissions,3,2025-11-23,NL,quantile,0.500,78.0
2025-11-12,hospital admissions,3,2025-11-23,NL,quantile,0.550,183.0
2025-11-12,hospital admissions,3,2025-11-23,NL,quantile,0.600,276.0
2025-11-12,hospital admissions,3,2025-11-23,NL,quantile,0.650,373.0
2025-11-12,hospital admissions,3,2025-11-23,NL,quantile,0.700,473.0
2025-11-12,hospital admissions,3,2025-11-23,NL,quantile,0.750,591.0
2025-11-12,hospital admissions,3,2025-11-23,NL,quantile,0.800,712.2000000000007
2025-11-12,hospital admissions,3,2025-11-23,NL,quantile,0.850,872.0
2025-11-12,hospital admissions,3,2025-11-23,NL,quantile,0.900,1048.0
2025-11-12,hospital admissions,3,2025-11-23,NL,quantile,0.950,1323.0499999999993
2025-11-12,hospital admissions,3,2025-11-23,NL,quantile,0.975,1559.0
2025-11-12,hospital admissions,3,2025-11-23,NL,quantile,0.990,1808.0200000000004
2025-11-12,hospital admissions,3,2025-11-23,NL,median,,78.0
2025-11-12,hospital admissions,4,2025-11-30,NL,quantile,0.010,0.0
2025-11-12,hospital admissions,4,2025-11-30,NL,quantile,0.025,0.0
2025-11-12,hospital admissions,4,2025-11-30,NL,quantile,0.050,0.0
2025-11-12,hospital admissions,4,2025-11-30,NL,quantile,0.100,0.0
2025-11-12,hospital admissions,4,2025-11-30,NL,quantile,0.150,0.0
2025-11-12,hospital admissions,4,2025-11-30,NL,quantile,0.200,0.0
2025-11-12,hospital admissions,4,2025-11-30,NL,quantile,0.250,0.0
2025-11-12,hospital admissions,4,2025-11-30,NL,quantile,0.300,0.0
2025-11-12,hospital admissions,4,2025-11-30,NL,quantile,0.350,0.0
2025-11-12,hospital admissions,4,2025-11-30,NL,quantile,0.400,0.0
2025-11-12,hospital admissions,4,2025-11-30,NL,quantile,0.450,0.0
2025-11-12,hospital admissions,4,2025-11-30,NL,quantile,0.500,77.0
2025-11-12,hospital admissions,4,2025-11-30,NL,quantile,0.550,180.0
2025-11-12,hospital admissions,4,2025-11-30,NL,quantile,0.600,275.0
2025-11-12,hospital admissions,4,2025-11-30,NL,quantile,0.650,372.35000000000036
2025-11-12,hospital admissions,4,2025-11-30,NL,quantile,0.700,476.0
2025-11-12,hospital admissions,4,2025-11-30,NL,quantile,0.750,588.25
2025-11-12,hospital admissions,4,2025-11-30,NL,quantile,0.800,720.0
2025-11-12,hospital admissions,4,2025-11-30,NL,quantile,0.850,876.0
2025-11-12,hospital admissions,4,2025-11-30,NL,quantile,0.900,1053.0
2025-11-12,hospital admissions,4,2025-11-30,NL,quantile,0.950,1333.0
2025-11-12,hospital admissions,4,2025-11-30,NL,quantile,0.975,1578.0499999999993
2025-11-12,hospital admissions,4,2025-11-30,NL,quantile,0.990,1823.1900000000041
2025-11-12,hospital admissions,4,2025-11-30,NL,median,,77.0
2025-11-12,hospital admissions,1,2025-11-09,PL,quantile,0.010,0.0
2025-11-12,hospital admissions,1,2025-11-09,PL,quantile,0.025,35.0
2025-11-12,hospital admissions,1,2025-11-09,PL,quantile,0.050,46.0
2025-11-12,hospital admissions,1,2025-11-09,PL,quantile,0.100,58.0
2025-11-12,hospital admissions,1,2025-11-09,PL,quantile,0.150,61.0
2025-11-12,hospital admissions,1,2025-11-09,PL,quantile,0.200,64.0
2025-11-12,hospital admissions,1,2025-11-09,PL,quantile,0.250,67.0
2025-11-12,hospital admissions,1,2025-11-09,PL,quantile,0.300,69.0
2025-11-12,hospital admissions,1,2025-11-09,PL,quantile,0.350,71.0
2025-11-12,hospital admissions,1,2025-11-09,PL,quantile,0.400,73.0
2025-11-12,hospital admissions,1,2025-11-09,PL,quantile,0.450,73.0
2025-11-12,hospital admissions,1,2025-11-09,PL,quantile,0.500,74.0
2025-11-12,hospital admissions,1,2025-11-09,PL,quantile,0.550,75.0
2025-11-12,hospital admissions,1,2025-11-09,PL,quantile,0.600,75.0
2025-11-12,hospital admissions,1,2025-11-09,PL,quantile,0.650,76.0
2025-11-12,hospital admissions,1,2025-11-09,PL,quantile,0.700,79.0
2025-11-12,hospital admissions,1,2025-11-09,PL,quantile,0.750,81.0
2025-11-12,hospital admissions,1,2025-11-09,PL,quantile,0.800,84.0
2025-11-12,hospital admissions,1,2025-11-09,PL,quantile,0.850,87.0
2025-11-12,hospital admissions,1,2025-11-09,PL,quantile,0.900,90.0
2025-11-12,hospital admissions,1,2025-11-09,PL,quantile,0.950,104.0
2025-11-12,hospital admissions,1,2025-11-09,PL,quantile,0.975,115.0
2025-11-12,hospital admissions,1,2025-11-09,PL,quantile,0.990,175.0
2025-11-12,hospital admissions,1,2025-11-09,PL,median,,74.0
2025-11-12,hospital admissions,2,2025-11-16,PL,quantile,0.010,0.0
2025-11-12,hospital admissions,2,2025-11-16,PL,quantile,0.025,1.0
2025-11-12,hospital admissions,2,2025-11-16,PL,quantile,0.050,32.0
2025-11-12,hospital admissions,2,2025-11-16,PL,quantile,0.100,46.0
2025-11-12,hospital admissions,2,2025-11-16,PL,quantile,0.150,54.0
2025-11-12,hospital admissions,2,2025-11-16,PL,quantile,0.200,58.0
2025-11-12,hospital admissions,2,2025-11-16,PL,quantile,0.250,62.0
2025-11-12,hospital admissions,2,2025-11-16,PL,quantile,0.300,65.0
2025-11-12,hospital admissions,2,2025-11-16,PL,quantile,0.350,67.0
2025-11-12,hospital admissions,2,2025-11-16,PL,quantile,0.400,70.0
2025-11-12,hospital admissions,2,2025-11-16,PL,quantile,0.450,72.0
2025-11-12,hospital admissions,2,2025-11-16,PL,quantile,0.500,74.0
2025-11-12,hospital admissions,2,2025-11-16,PL,quantile,0.550,75.0
2025-11-12,hospital admissions,2,2025-11-16,PL,quantile,0.600,78.0
2025-11-12,hospital admissions,2,2025-11-16,PL,quantile,0.650,81.0
2025-11-12,hospital admissions,2,2025-11-16,PL,quantile,0.700,83.0
2025-11-12,hospital admissions,2,2025-11-16,PL,quantile,0.750,86.0
2025-11-12,hospital admissions,2,2025-11-16,PL,quantile,0.800,90.0
2025-11-12,hospital admissions,2,2025-11-16,PL,quantile,0.850,95.0
2025-11-12,hospital admissions,2,2025-11-16,PL,quantile,0.900,103.0
2025-11-12,hospital admissions,2,2025-11-16,PL,quantile,0.950,119.0
2025-11-12,hospital admissions,2,2025-11-16,PL,quantile,0.975,150.02499999999964
2025-11-12,hospital admissions,2,2025-11-16,PL,quantile,0.990,176.0
2025-11-12,hospital admissions,2,2025-11-16,PL,median,,74.0
2025-11-12,hospital admissions,3,2025-11-23,PL,quantile,0.010,0.0
2025-11-12,hospital admissions,3,2025-11-23,PL,quantile,0.025,0.0
2025-11-12,hospital admissions,3,2025-11-23,PL,quantile,0.050,14.0
2025-11-12,hospital admissions,3,2025-11-23,PL,quantile,0.100,37.0
2025-11-12,hospital admissions,3,2025-11-23,PL,quantile,0.150,47.0
2025-11-12,hospital admissions,3,2025-11-23,PL,quantile,0.200,53.0
2025-11-12,hospital admissions,3,2025-11-23,PL,quantile,0.250,58.0
2025-11-12,hospital admissions,3,2025-11-23,PL,quantile,0.300,61.0
2025-11-12,hospital admissions,3,2025-11-23,PL,quantile,0.350,65.0
2025-11-12,hospital admissions,3,2025-11-23,PL,quantile,0.400,68.0
2025-11-12,hospital admissions,3,2025-11-23,PL,quantile,0.450,71.0
2025-11-12,hospital admissions,3,2025-11-23,PL,quantile,0.500,74.0
2025-11-12,hospital admissions,3,2025-11-23,PL,quantile,0.550,77.0
2025-11-12,hospital admissions,3,2025-11-23,PL,quantile,0.600,80.0
2025-11-12,hospital admissions,3,2025-11-23,PL,quantile,0.650,83.0
2025-11-12,hospital admissions,3,2025-11-23,PL,quantile,0.700,87.0
2025-11-12,hospital admissions,3,2025-11-23,PL,quantile,0.750,91.0
2025-11-12,hospital admissions,3,2025-11-23,PL,quantile,0.800,96.0
2025-11-12,hospital admissions,3,2025-11-23,PL,quantile,0.850,103.0
2025-11-12,hospital admissions,3,2025-11-23,PL,quantile,0.900,113.0
2025-11-12,hospital admissions,3,2025-11-23,PL,quantile,0.950,137.0
2025-11-12,hospital admissions,3,2025-11-23,PL,quantile,0.975,167.0
2025-11-12,hospital admissions,3,2025-11-23,PL,quantile,0.990,184.01000000000022
2025-11-12,hospital admissions,3,2025-11-23,PL,median,,74.0
2025-11-12,hospital admissions,4,2025-11-30,PL,quantile,0.010,0.0
2025-11-12,hospital admissions,4,2025-11-30,PL,quantile,0.025,0.0
2025-11-12,hospital admissions,4,2025-11-30,PL,quantile,0.050,0.0
2025-11-12,hospital admissions,4,2025-11-30,PL,quantile,0.100,28.0
2025-11-12,hospital admissions,4,2025-11-30,PL,quantile,0.150,40.0
2025-11-12,hospital admissions,4,2025-11-30,PL,quantile,0.200,48.0
2025-11-12,hospital admissions,4,2025-11-30,PL,quantile,0.250,53.0
2025-11-12,hospital admissions,4,2025-11-30,PL,quantile,0.300,58.0
2025-11-12,hospital admissions,4,2025-11-30,PL,quantile,0.350,62.0
2025-11-12,hospital admissions,4,2025-11-30,PL,quantile,0.400,66.0
2025-11-12,hospital admissions,4,2025-11-30,PL,quantile,0.450,70.0
2025-11-12,hospital admissions,4,2025-11-30,PL,quantile,0.500,74.0
2025-11-12,hospital admissions,4,2025-11-30,PL,quantile,0.550,77.0
2025-11-12,hospital admissions,4,2025-11-30,PL,quantile,0.600,81.0
2025-11-12,hospital admissions,4,2025-11-30,PL,quantile,0.650,85.35000000000036
2025-11-12,hospital admissions,4,2025-11-30,PL,quantile,0.700,90.0
2025-11-12,hospital admissions,4,2025-11-30,PL,quantile,0.750,95.0
2025-11-12,hospital admissions,4,2025-11-30,PL,quantile,0.800,101.0
2025-11-12,hospital admissions,4,2025-11-30,PL,quantile,0.850,108.0
2025-11-12,hospital admissions,4,2025-11-30,PL,quantile,0.900,122.0
2025-11-12,hospital admissions,4,2025-11-30,PL,quantile,0.950,150.0
2025-11-12,hospital admissions,4,2025-11-30,PL,quantile,0.975,175.0
2025-11-12,hospital admissions,4,2025-11-30,PL,quantile,0.990,193.0
2025-11-12,hospital admissions,4,2025-11-30,PL,median,,74.0
2025-11-12,hospital admissions,1,2025-11-09,PT,quantile,0.010,0.0
2025-11-12,hospital admissions,1,2025-11-09,PT,quantile,0.025,0.0
2025-11-12,hospital admissions,1,2025-11-09,PT,quantile,0.050,0.0
2025-11-12,hospital admissions,1,2025-11-09,PT,quantile,0.100,0.0
2025-11-12,hospital admissions,1,2025-11-09,PT,quantile,0.150,0.0
2025-11-12,hospital admissions,1,2025-11-09,PT,quantile,0.200,0.0
2025-11-12,hospital admissions,1,2025-11-09,PT,quantile,0.250,0.0
2025-11-12,hospital admissions,1,2025-11-09,PT,quantile,0.300,0.0
2025-11-12,hospital admissions,1,2025-11-09,PT,quantile,0.350,0.0
2025-11-12,hospital admissions,1,2025-11-09,PT,quantile,0.400,0.0
2025-11-12,hospital admissions,1,2025-11-09,PT,quantile,0.450,0.0
2025-11-12,hospital admissions,1,2025-11-09,PT,quantile,0.500,0.0
2025-11-12,hospital admissions,1,2025-11-09,PT,quantile,0.550,5.0
2025-11-12,hospital admissions,1,2025-11-09,PT,quantile,0.600,11.0
2025-11-12,hospital admissions,1,2025-11-09,PT,quantile,0.650,18.0
2025-11-12,hospital admissions,1,2025-11-09,PT,quantile,0.700,25.0
2025-11-12,hospital admissions,1,2025-11-09,PT,quantile,0.750,34.0
2025-11-12,hospital admissions,1,2025-11-09,PT,quantile,0.800,46.0
2025-11-12,hospital admissions,1,2025-11-09,PT,quantile,0.850,59.0
2025-11-12,hospital admissions,1,2025-11-09,PT,quantile,0.900,76.0
2025-11-12,hospital admissions,1,2025-11-09,PT,quantile,0.950,105.0
2025-11-12,hospital admissions,1,2025-11-09,PT,quantile,0.975,130.0
2025-11-12,hospital admissions,1,2025-11-09,PT,quantile,0.990,158.01000000000022
2025-11-12,hospital admissions,1,2025-11-09,PT,median,,0.0
2025-11-12,hospital admissions,2,2025-11-16,PT,quantile,0.010,0.0
2025-11-12,hospital admissions,2,2025-11-16,PT,quantile,0.025,0.0
2025-11-12,hospital admissions,2,2025-11-16,PT,quantile,0.050,0.0
2025-11-12,hospital admissions,2,2025-11-16,PT,quantile,0.100,0.0
2025-11-12,hospital admissions,2,2025-11-16,PT,quantile,0.150,0.0
2025-11-12,hospital admissions,2,2025-11-16,PT,quantile,0.200,0.0
2025-11-12,hospital admissions,2,2025-11-16,PT,quantile,0.250,0.0
2025-11-12,hospital admissions,2,2025-11-16,PT,quantile,0.300,0.0
2025-11-12,hospital admissions,2,2025-11-16,PT,quantile,0.350,0.0
2025-11-12,hospital admissions,2,2025-11-16,PT,quantile,0.400,0.0
2025-11-12,hospital admissions,2,2025-11-16,PT,quantile,0.450,0.0
2025-11-12,hospital admissions,2,2025-11-16,PT,quantile,0.500,0.0
2025-11-12,hospital admissions,2,2025-11-16,PT,quantile,0.550,7.0
2025-11-12,hospital admissions,2,2025-11-16,PT,quantile,0.600,15.0
2025-11-12,hospital admissions,2,2025-11-16,PT,quantile,0.650,23.0
2025-11-12,hospital admissions,2,2025-11-16,PT,quantile,0.700,32.0
2025-11-12,hospital admissions,2,2025-11-16,PT,quantile,0.750,42.0
2025-11-12,hospital admissions,2,2025-11-16,PT,quantile,0.800,54.0
2025-11-12,hospital admissions,2,2025-11-16,PT,quantile,0.850,69.0
2025-11-12,hospital admissions,2,2025-11-16,PT,quantile,0.900,88.0
2025-11-12,hospital admissions,2,2025-11-16,PT,quantile,0.950,118.04999999999927
2025-11-12,hospital admissions,2,2025-11-16,PT,quantile,0.975,145.0
2025-11-12,hospital admissions,2,2025-11-16,PT,quantile,0.990,174.0
2025-11-12,hospital admissions,2,2025-11-16,PT,median,,0.0
2025-11-12,hospital admissions,3,2025-11-23,PT,quantile,0.010,0.0
2025-11-12,hospital admissions,3,2025-11-23,PT,quantile,0.025,0.0
2025-11-12,hospital admissions,3,2025-11-23,PT,quantile,0.050,0.0
2025-11-12,hospital admissions,3,2025-11-23,PT,quantile,0.100,0.0
2025-11-12,hospital admissions,3,2025-11-23,PT,quantile,0.150,0.0
2025-11-12,hospital admissions,3,2025-11-23,PT,quantile,0.200,0.0
2025-11-12,hospital admissions,3,2025-11-23,PT,quantile,0.250,0.0
2025-11-12,hospital admissions,3,2025-11-23,PT,quantile,0.300,0.0
2025-11-12,hospital admissions,3,2025-11-23,PT,quantile,0.350,0.0
2025-11-12,hospital admissions,3,2025-11-23,PT,quantile,0.400,0.0
2025-11-12,hospital admissions,3,2025-11-23,PT,quantile,0.450,0.0
2025-11-12,hospital admissions,3,2025-11-23,PT,quantile,0.500,0.0
2025-11-12,hospital admissions,3,2025-11-23,PT,quantile,0.550,9.0
2025-11-12,hospital admissions,3,2025-11-23,PT,quantile,0.600,18.0
2025-11-12,hospital admissions,3,2025-11-23,PT,quantile,0.650,27.0
2025-11-12,hospital admissions,3,2025-11-23,PT,quantile,0.700,37.0
2025-11-12,hospital admissions,3,2025-11-23,PT,quantile,0.750,48.0
2025-11-12,hospital admissions,3,2025-11-23,PT,quantile,0.800,61.0
2025-11-12,hospital admissions,3,2025-11-23,PT,quantile,0.850,77.0
2025-11-12,hospital admissions,3,2025-11-23,PT,quantile,0.900,99.0
2025-11-12,hospital admissions,3,2025-11-23,PT,quantile,0.950,130.0
2025-11-12,hospital admissions,3,2025-11-23,PT,quantile,0.975,159.0
2025-11-12,hospital admissions,3,2025-11-23,PT,quantile,0.990,194.01000000000022
2025-11-12,hospital admissions,3,2025-11-23,PT,median,,0.0
2025-11-12,hospital admissions,4,2025-11-30,PT,quantile,0.010,0.0
2025-11-12,hospital admissions,4,2025-11-30,PT,quantile,0.025,0.0
2025-11-12,hospital admissions,4,2025-11-30,PT,quantile,0.050,0.0
2025-11-12,hospital admissions,4,2025-11-30,PT,quantile,0.100,0.0
2025-11-12,hospital admissions,4,2025-11-30,PT,quantile,0.150,0.0
2025-11-12,hospital admissions,4,2025-11-30,PT,quantile,0.200,0.0
2025-11-12,hospital admissions,4,2025-11-30,PT,quantile,0.250,0.0
2025-11-12,hospital admissions,4,2025-11-30,PT,quantile,0.300,0.0
2025-11-12,hospital admissions,4,2025-11-30,PT,quantile,0.350,0.0
2025-11-12,hospital admissions,4,2025-11-30,PT,quantile,0.400,0.0
2025-11-12,hospital admissions,4,2025-11-30,PT,quantile,0.450,0.0
2025-11-12,hospital admissions,4,2025-11-30,PT,quantile,0.500,1.0
2025-11-12,hospital admissions,4,2025-11-30,PT,quantile,0.550,11.0
2025-11-12,hospital admissions,4,2025-11-30,PT,quantile,0.600,21.0
2025-11-12,hospital admissions,4,2025-11-30,PT,quantile,0.650,31.0
2025-11-12,hospital admissions,4,2025-11-30,PT,quantile,0.700,41.0
2025-11-12,hospital admissions,4,2025-11-30,PT,quantile,0.750,53.0
2025-11-12,hospital admissions,4,2025-11-30,PT,quantile,0.800,68.0
2025-11-12,hospital admissions,4,2025-11-30,PT,quantile,0.850,85.0
2025-11-12,hospital admissions,4,2025-11-30,PT,quantile,0.900,107.0
2025-11-12,hospital admissions,4,2025-11-30,PT,quantile,0.950,141.04999999999927
2025-11-12,hospital admissions,4,2025-11-30,PT,quantile,0.975,169.0
2025-11-12,hospital admissions,4,2025-11-30,PT,quantile,0.990,213.0
2025-11-12,hospital admissions,4,2025-11-30,PT,median,,1.0
2025-11-12,hospital admissions,1,2025-11-09,SK,quantile,0.010,0.0
2025-11-12,hospital admissions,1,2025-11-09,SK,quantile,0.025,0.0
2025-11-12,hospital admissions,1,2025-11-09,SK,quantile,0.050,14.0
2025-11-12,hospital admissions,1,2025-11-09,SK,quantile,0.100,21.0
2025-11-12,hospital admissions,1,2025-11-09,SK,quantile,0.150,24.0
2025-11-12,hospital admissions,1,2025-11-09,SK,quantile,0.200,27.0
2025-11-12,hospital admissions,1,2025-11-09,SK,quantile,0.250,31.0
2025-11-12,hospital admissions,1,2025-11-09,SK,quantile,0.300,33.0
2025-11-12,hospital admissions,1,2025-11-09,SK,quantile,0.350,33.0
2025-11-12,hospital admissions,1,2025-11-09,SK,quantile,0.400,34.0
2025-11-12,hospital admissions,1,2025-11-09,SK,quantile,0.450,35.0
2025-11-12,hospital admissions,1,2025-11-09,SK,quantile,0.500,35.0
2025-11-12,hospital admissions,1,2025-11-09,SK,quantile,0.550,35.0
2025-11-12,hospital admissions,1,2025-11-09,SK,quantile,0.600,36.0
2025-11-12,hospital admissions,1,2025-11-09,SK,quantile,0.650,36.0
2025-11-12,hospital admissions,1,2025-11-09,SK,quantile,0.700,37.0
2025-11-12,hospital admissions,1,2025-11-09,SK,quantile,0.750,39.0
2025-11-12,hospital admissions,1,2025-11-09,SK,quantile,0.800,42.0
2025-11-12,hospital admissions,1,2025-11-09,SK,quantile,0.850,46.0
2025-11-12,hospital admissions,1,2025-11-09,SK,quantile,0.900,49.0
2025-11-12,hospital admissions,1,2025-11-09,SK,quantile,0.950,56.0
2025-11-12,hospital admissions,1,2025-11-09,SK,quantile,0.975,89.0
2025-11-12,hospital admissions,1,2025-11-09,SK,quantile,0.990,118.0
2025-11-12,hospital admissions,1,2025-11-09,SK,median,,35.0
2025-11-12,hospital admissions,2,2025-11-16,SK,quantile,0.010,0.0
2025-11-12,hospital admissions,2,2025-11-16,SK,quantile,0.025,0.0
2025-11-12,hospital admissions,2,2025-11-16,SK,quantile,0.050,0.0
2025-11-12,hospital admissions,2,2025-11-16,SK,quantile,0.100,11.0
2025-11-12,hospital admissions,2,2025-11-16,SK,quantile,0.150,19.0
2025-11-12,hospital admissions,2,2025-11-16,SK,quantile,0.200,22.0
2025-11-12,hospital admissions,2,2025-11-16,SK,quantile,0.250,25.0
2025-11-12,hospital admissions,2,2025-11-16,SK,quantile,0.300,28.0
2025-11-12,hospital admissions,2,2025-11-16,SK,quantile,0.350,31.0
2025-11-12,hospital admissions,2,2025-11-16,SK,quantile,0.400,33.0
2025-11-12,hospital admissions,2,2025-11-16,SK,quantile,0.450,34.0
2025-11-12,hospital admissions,2,2025-11-16,SK,quantile,0.500,35.0
2025-11-12,hospital admissions,2,2025-11-16,SK,quantile,0.550,36.0
2025-11-12,hospital admissions,2,2025-11-16,SK,quantile,0.600,38.0
2025-11-12,hospital admissions,2,2025-11-16,SK,quantile,0.650,39.0
2025-11-12,hospital admissions,2,2025-11-16,SK,quantile,0.700,42.0
2025-11-12,hospital admissions,2,2025-11-16,SK,quantile,0.750,45.0
2025-11-12,hospital admissions,2,2025-11-16,SK,quantile,0.800,48.0
2025-11-12,hospital admissions,2,2025-11-16,SK,quantile,0.850,51.149999999999636
2025-11-12,hospital admissions,2,2025-11-16,SK,quantile,0.900,58.0
2025-11-12,hospital admissions,2,2025-11-16,SK,quantile,0.950,89.0
2025-11-12,hospital admissions,2,2025-11-16,SK,quantile,0.975,117.0
2025-11-12,hospital admissions,2,2025-11-16,SK,quantile,0.990,142.01000000000022
2025-11-12,hospital admissions,2,2025-11-16,SK,median,,35.0
2025-11-12,hospital admissions,3,2025-11-23,SK,quantile,0.010,0.0
2025-11-12,hospital admissions,3,2025-11-23,SK,quantile,0.025,0.0
2025-11-12,hospital admissions,3,2025-11-23,SK,quantile,0.050,0.0
2025-11-12,hospital admissions,3,2025-11-23,SK,quantile,0.100,0.0
2025-11-12,hospital admissions,3,2025-11-23,SK,quantile,0.150,10.0
2025-11-12,hospital admissions,3,2025-11-23,SK,quantile,0.200,17.0
2025-11-12,hospital admissions,3,2025-11-23,SK,quantile,0.250,21.0
2025-11-12,hospital admissions,3,2025-11-23,SK,quantile,0.300,24.0
2025-11-12,hospital admissions,3,2025-11-23,SK,quantile,0.350,28.0
2025-11-12,hospital admissions,3,2025-11-23,SK,quantile,0.400,31.0
2025-11-12,hospital admissions,3,2025-11-23,SK,quantile,0.450,33.0
2025-11-12,hospital admissions,3,2025-11-23,SK,quantile,0.500,35.0
2025-11-12,hospital admissions,3,2025-11-23,SK,quantile,0.550,37.0
2025-11-12,hospital admissions,3,2025-11-23,SK,quantile,0.600,39.0
2025-11-12,hospital admissions,3,2025-11-23,SK,quantile,0.650,42.0
2025-11-12,hospital admissions,3,2025-11-23,SK,quantile,0.700,45.0
2025-11-12,hospital admissions,3,2025-11-23,SK,quantile,0.750,48.0
2025-11-12,hospital admissions,3,2025-11-23,SK,quantile,0.800,52.0
2025-11-12,hospital admissions,3,2025-11-23,SK,quantile,0.850,58.0
2025-11-12,hospital admissions,3,2025-11-23,SK,quantile,0.900,73.10000000000036
2025-11-12,hospital admissions,3,2025-11-23,SK,quantile,0.950,105.0
2025-11-12,hospital admissions,3,2025-11-23,SK,quantile,0.975,125.0
2025-11-12,hospital admissions,3,2025-11-23,SK,quantile,0.990,171.0
2025-11-12,hospital admissions,3,2025-11-23,SK,median,,35.0
2025-11-12,hospital admissions,4,2025-11-30,SK,quantile,0.010,0.0
2025-11-12,hospital admissions,4,2025-11-30,SK,quantile,0.025,0.0
2025-11-12,hospital admissions,4,2025-11-30,SK,quantile,0.050,0.0
2025-11-12,hospital admissions,4,2025-11-30,SK,quantile,0.100,0.0
2025-11-12,hospital admissions,4,2025-11-30,SK,quantile,0.150,2.0
2025-11-12,hospital admissions,4,2025-11-30,SK,quantile,0.200,11.0
2025-11-12,hospital admissions,4,2025-11-30,SK,quantile,0.250,17.0
2025-11-12,hospital admissions,4,2025-11-30,SK,quantile,0.300,22.0
2025-11-12,hospital admissions,4,2025-11-30,SK,quantile,0.350,26.0
2025-11-12,hospital admissions,4,2025-11-30,SK,quantile,0.400,29.0
2025-11-12,hospital admissions,4,2025-11-30,SK,quantile,0.450,32.0
2025-11-12,hospital admissions,4,2025-11-30,SK,quantile,0.500,35.0
2025-11-12,hospital admissions,4,2025-11-30,SK,quantile,0.550,38.0
2025-11-12,hospital admissions,4,2025-11-30,SK,quantile,0.600,41.0
2025-11-12,hospital admissions,4,2025-11-30,SK,quantile,0.650,44.0
2025-11-12,hospital admissions,4,2025-11-30,SK,quantile,0.700,48.0
2025-11-12,hospital admissions,4,2025-11-30,SK,quantile,0.750,52.0
2025-11-12,hospital admissions,4,2025-11-30,SK,quantile,0.800,58.0
2025-11-12,hospital admissions,4,2025-11-30,SK,quantile,0.850,68.0
2025-11-12,hospital admissions,4,2025-11-30,SK,quantile,0.900,86.10000000000036
2025-11-12,hospital admissions,4,2025-11-30,SK,quantile,0.950,118.0
2025-11-12,hospital admissions,4,2025-11-30,SK,quantile,0.975,141.0
2025-11-12,hospital admissions,4,2025-11-30,SK,quantile,0.990,180.0
2025-11-12,hospital admissions,4,2025-11-30,SK,median,,35.0
