origin_date,target,target_end_date,horizon,location,output_type,output_type_id,value
2025-12-17,hospital admissions,2025-12-14,1,EE,median,,5.067326545715332
2025-12-17,hospital admissions,2025-12-21,2,EE,median,,5.235444068908691
2025-12-17,hospital admissions,2025-12-28,3,EE,median,,5.741096019744873
2025-12-17,hospital admissions,2026-01-04,4,EE,median,,10.421016693115234
2025-12-17,hospital admissions,2025-12-14,1,EE,quantile,0.01,0.0
2025-12-17,hospital admissions,2025-12-21,2,EE,quantile,0.01,0.0
2025-12-17,hospital admissions,2025-12-28,3,EE,quantile,0.01,0.0
2025-12-17,hospital admissions,2026-01-04,4,EE,quantile,0.01,0.0
2025-12-17,hospital admissions,2025-12-14,1,EE,quantile,0.025,0.0
2025-12-17,hospital admissions,2025-12-21,2,EE,quantile,0.025,0.0
2025-12-17,hospital admissions,2025-12-28,3,EE,quantile,0.025,0.0
2025-12-17,hospital admissions,2026-01-04,4,EE,quantile,0.025,0.0
2025-12-17,hospital admissions,2025-12-14,1,EE,quantile,0.05,0.0
2025-12-17,hospital admissions,2025-12-21,2,EE,quantile,0.05,0.0
2025-12-17,hospital admissions,2025-12-28,3,EE,quantile,0.05,0.0
2025-12-17,hospital admissions,2026-01-04,4,EE,quantile,0.05,0.0
2025-12-17,hospital admissions,2025-12-14,1,EE,quantile,0.1,0.831726610660553
2025-12-17,hospital admissions,2025-12-21,2,EE,quantile,0.1,0.1568482518196106
2025-12-17,hospital admissions,2025-12-28,3,EE,quantile,0.1,0.0
2025-12-17,hospital admissions,2026-01-04,4,EE,quantile,0.1,0.0
2025-12-17,hospital admissions,2025-12-14,1,EE,quantile,0.15,1.5196261703968048
2025-12-17,hospital admissions,2025-12-21,2,EE,quantile,0.15,0.93279293179512
2025-12-17,hospital admissions,2025-12-28,3,EE,quantile,0.15,0.49631616473197915
2025-12-17,hospital admissions,2026-01-04,4,EE,quantile,0.15,0.4929823875427244
2025-12-17,hospital admissions,2025-12-14,1,EE,quantile,0.2,2.2075257301330566
2025-12-17,hospital admissions,2025-12-21,2,EE,quantile,0.2,1.7087376117706299
2025-12-17,hospital admissions,2025-12-28,3,EE,quantile,0.2,1.3745712041854858
2025-12-17,hospital admissions,2026-01-04,4,EE,quantile,0.2,1.8418948650360107
2025-12-17,hospital admissions,2025-12-14,1,EE,quantile,0.25,2.703843355178833
2025-12-17,hospital admissions,2025-12-21,2,EE,quantile,0.25,2.299579620361328
2025-12-17,hospital admissions,2025-12-28,3,EE,quantile,0.25,2.069059669971466
2025-12-17,hospital admissions,2026-01-04,4,EE,quantile,0.25,3.0136862993240356
2025-12-17,hospital admissions,2025-12-14,1,EE,quantile,0.3,3.2001609802246094
2025-12-17,hospital admissions,2025-12-21,2,EE,quantile,0.3,2.8904216289520264
2025-12-17,hospital admissions,2025-12-28,3,EE,quantile,0.3,2.7635481357574463
2025-12-17,hospital admissions,2026-01-04,4,EE,quantile,0.3,4.1854777336120605
2025-12-17,hospital admissions,2025-12-14,1,EE,quantile,0.35,3.654688119888305
2025-12-17,hospital admissions,2025-12-21,2,EE,quantile,0.35,3.4541219472885127
2025-12-17,hospital admissions,2025-12-28,3,EE,quantile,0.35,3.4608217477798457
2025-12-17,hospital admissions,2026-01-04,4,EE,quantile,0.35,5.569504022598266
2025-12-17,hospital admissions,2025-12-14,1,EE,quantile,0.4,4.109215259552002
2025-12-17,hospital admissions,2025-12-21,2,EE,quantile,0.4,4.017822265625
2025-12-17,hospital admissions,2025-12-28,3,EE,quantile,0.4,4.158095359802246
2025-12-17,hospital admissions,2026-01-04,4,EE,quantile,0.4,6.953530311584473
2025-12-17,hospital admissions,2025-12-14,1,EE,quantile,0.45,4.588270902633667
2025-12-17,hospital admissions,2025-12-21,2,EE,quantile,0.45,4.626633167266846
2025-12-17,hospital admissions,2025-12-28,3,EE,quantile,0.45,4.94959568977356
2025-12-17,hospital admissions,2026-01-04,4,EE,quantile,0.45,8.687273502349854
2025-12-17,hospital admissions,2025-12-14,1,EE,quantile,0.5,5.067326545715332
2025-12-17,hospital admissions,2025-12-21,2,EE,quantile,0.5,5.235444068908691
2025-12-17,hospital admissions,2025-12-28,3,EE,quantile,0.5,5.741096019744873
2025-12-17,hospital admissions,2026-01-04,4,EE,quantile,0.5,10.421016693115234
2025-12-17,hospital admissions,2025-12-14,1,EE,quantile,0.55,5.626939535140992
2025-12-17,hospital admissions,2025-12-21,2,EE,quantile,0.55,5.971999168395997
2025-12-17,hospital admissions,2025-12-28,3,EE,quantile,0.55,6.730421781539918
2025-12-17,hospital admissions,2026-01-04,4,EE,quantile,0.55,12.771505355834964
2025-12-17,hospital admissions,2025-12-14,1,EE,quantile,0.6,6.18655252456665
2025-12-17,hospital admissions,2025-12-21,2,EE,quantile,0.6,6.708554267883301
2025-12-17,hospital admissions,2025-12-28,3,EE,quantile,0.6,7.719747543334961
2025-12-17,hospital admissions,2026-01-04,4,EE,quantile,0.6,15.121994018554688
2025-12-17,hospital admissions,2025-12-14,1,EE,quantile,0.65,6.902894020080567
2025-12-17,hospital admissions,2025-12-21,2,EE,quantile,0.65,7.658963203430177
2025-12-17,hospital admissions,2025-12-28,3,EE,quantile,0.65,9.014795303344728
2025-12-17,hospital admissions,2026-01-04,4,EE,quantile,0.65,19.078259468078617
2025-12-17,hospital admissions,2025-12-14,1,EE,quantile,0.7,7.619235515594482
2025-12-17,hospital admissions,2025-12-21,2,EE,quantile,0.7,8.60937213897705
2025-12-17,hospital admissions,2025-12-28,3,EE,quantile,0.7,10.309843063354492
2025-12-17,hospital admissions,2026-01-04,4,EE,quantile,0.7,23.03452491760254
2025-12-17,hospital admissions,2025-12-14,1,EE,quantile,0.75,8.62919020652771
2025-12-17,hospital admissions,2025-12-21,2,EE,quantile,0.75,9.99834680557251
2025-12-17,hospital admissions,2025-12-28,3,EE,quantile,0.75,12.40674877166748
2025-12-17,hospital admissions,2026-01-04,4,EE,quantile,0.75,30.986178398132324
2025-12-17,hospital admissions,2025-12-14,1,EE,quantile,0.8,9.639144897460938
2025-12-17,hospital admissions,2025-12-21,2,EE,quantile,0.8,11.387321472167969
2025-12-17,hospital admissions,2025-12-28,3,EE,quantile,0.8,14.503654479980469
2025-12-17,hospital admissions,2026-01-04,4,EE,quantile,0.8,38.93783187866211
2025-12-17,hospital admissions,2025-12-14,1,EE,quantile,0.85,11.517775058746336
2025-12-17,hospital admissions,2025-12-21,2,EE,quantile,0.85,14.220138549804684
2025-12-17,hospital admissions,2025-12-28,3,EE,quantile,0.85,19.308617591857903
2025-12-17,hospital admissions,2026-01-04,4,EE,quantile,0.85,77.55090522766109
2025-12-17,hospital admissions,2025-12-14,1,EE,quantile,0.9,13.396405220031738
2025-12-17,hospital admissions,2025-12-21,2,EE,quantile,0.9,16.654954882495396
2025-12-17,hospital admissions,2025-12-28,3,EE,quantile,0.9,22.27374244352262
2025-12-17,hospital admissions,2026-01-04,4,EE,quantile,0.9,83.03100993869126
2025-12-17,hospital admissions,2025-12-14,1,EE,quantile,0.95,13.511390998081271
2025-12-17,hospital admissions,2025-12-21,2,EE,quantile,0.95,17.052955627441406
2025-12-17,hospital admissions,2025-12-28,3,EE,quantile,0.95,24.11358070373535
2025-12-17,hospital admissions,2026-01-04,4,EE,quantile,0.95,94.34395206524746
2025-12-17,hospital admissions,2025-12-14,1,EE,quantile,0.975,14.987469578973068
2025-12-17,hospital admissions,2025-12-21,2,EE,quantile,0.975,18.61596751422883
2025-12-17,hospital admissions,2025-12-28,3,EE,quantile,0.975,25.044352491722417
2025-12-17,hospital admissions,2026-01-04,4,EE,quantile,0.975,107.49769213823056
2025-12-17,hospital admissions,2025-12-14,1,EE,quantile,0.99,16.703729926029126
2025-12-17,hospital admissions,2025-12-21,2,EE,quantile,0.99,20.896068494954907
2025-12-17,hospital admissions,2025-12-28,3,EE,quantile,0.99,28.265785431971118
2025-12-17,hospital admissions,2026-01-04,4,EE,quantile,0.99,116.16397857666016
2025-12-17,hospital admissions,2025-12-14,1,IE,median,,51.946922302246094
2025-12-17,hospital admissions,2025-12-21,2,IE,median,,55.66215896606445
2025-12-17,hospital admissions,2025-12-28,3,IE,median,,61.409629821777344
2025-12-17,hospital admissions,2026-01-04,4,IE,median,,198.4217987060547
2025-12-17,hospital admissions,2025-12-14,1,IE,quantile,0.01,9.210057440064752
2025-12-17,hospital admissions,2025-12-21,2,IE,quantile,0.01,0.0
2025-12-17,hospital admissions,2025-12-28,3,IE,quantile,0.01,0.0
2025-12-17,hospital admissions,2026-01-04,4,IE,quantile,0.01,0.0
2025-12-17,hospital admissions,2025-12-14,1,IE,quantile,0.025,16.1481319489286
2025-12-17,hospital admissions,2025-12-21,2,IE,quantile,0.025,0.564642003568494
2025-12-17,hospital admissions,2025-12-28,3,IE,quantile,0.025,0.0
2025-12-17,hospital admissions,2026-01-04,4,IE,quantile,0.025,0.0
2025-12-17,hospital admissions,2025-12-14,1,IE,quantile,0.05,22.115258785327395
2025-12-17,hospital admissions,2025-12-21,2,IE,quantile,0.05,10.101701539752021
2025-12-17,hospital admissions,2025-12-28,3,IE,quantile,0.05,0.0
2025-12-17,hospital admissions,2026-01-04,4,IE,quantile,0.05,0.0
2025-12-17,hospital admissions,2025-12-14,1,IE,quantile,0.1,30.741098403930664
2025-12-17,hospital admissions,2025-12-21,2,IE,quantile,0.1,26.69744873046875
2025-12-17,hospital admissions,2025-12-28,3,IE,quantile,0.1,20.2001953125
2025-12-17,hospital admissions,2026-01-04,4,IE,quantile,0.1,15.478103637695312
2025-12-17,hospital admissions,2025-12-14,1,IE,quantile,0.15,34.430115699768066
2025-12-17,hospital admissions,2025-12-21,2,IE,quantile,0.15,31.7032470703125
2025-12-17,hospital admissions,2025-12-28,3,IE,quantile,0.15,26.996767044067383
2025-12-17,hospital admissions,2026-01-04,4,IE,quantile,0.15,32.02472496032715
2025-12-17,hospital admissions,2025-12-14,1,IE,quantile,0.2,38.11913299560547
2025-12-17,hospital admissions,2025-12-21,2,IE,quantile,0.2,36.70904541015625
2025-12-17,hospital admissions,2025-12-28,3,IE,quantile,0.2,33.793338775634766
2025-12-17,hospital admissions,2026-01-04,4,IE,quantile,0.2,48.571346282958984
2025-12-17,hospital admissions,2025-12-14,1,IE,quantile,0.25,40.73956489562988
2025-12-17,hospital admissions,2025-12-21,2,IE,quantile,0.25,40.1983757019043
2025-12-17,hospital admissions,2025-12-28,3,IE,quantile,0.25,38.643789291381836
2025-12-17,hospital admissions,2026-01-04,4,IE,quantile,0.25,66.68256950378418
2025-12-17,hospital admissions,2025-12-14,1,IE,quantile,0.3,43.3599967956543
2025-12-17,hospital admissions,2025-12-21,2,IE,quantile,0.3,43.687705993652344
2025-12-17,hospital admissions,2025-12-28,3,IE,quantile,0.3,43.494239807128906
2025-12-17,hospital admissions,2026-01-04,4,IE,quantile,0.3,84.79379272460938
2025-12-17,hospital admissions,2025-12-14,1,IE,quantile,0.35,45.56620979309082
2025-12-17,hospital admissions,2025-12-21,2,IE,quantile,0.35,46.70172691345215
2025-12-17,hospital admissions,2025-12-28,3,IE,quantile,0.35,47.874473571777344
2025-12-17,hospital admissions,2026-01-04,4,IE,quantile,0.35,111.77700042724608
2025-12-17,hospital admissions,2025-12-14,1,IE,quantile,0.4,47.772422790527344
2025-12-17,hospital admissions,2025-12-21,2,IE,quantile,0.4,49.71574783325195
2025-12-17,hospital admissions,2025-12-28,3,IE,quantile,0.4,52.25470733642578
2025-12-17,hospital admissions,2026-01-04,4,IE,quantile,0.4,138.7602081298828
2025-12-17,hospital admissions,2025-12-14,1,IE,quantile,0.45,49.85967254638672
2025-12-17,hospital admissions,2025-12-21,2,IE,quantile,0.45,52.6889533996582
2025-12-17,hospital admissions,2025-12-28,3,IE,quantile,0.45,56.83216857910156
2025-12-17,hospital admissions,2026-01-04,4,IE,quantile,0.45,168.59100341796875
2025-12-17,hospital admissions,2025-12-14,1,IE,quantile,0.5,51.946922302246094
2025-12-17,hospital admissions,2025-12-21,2,IE,quantile,0.5,55.66215896606445
2025-12-17,hospital admissions,2025-12-28,3,IE,quantile,0.5,61.409629821777344
2025-12-17,hospital admissions,2026-01-04,4,IE,quantile,0.5,198.4217987060547
2025-12-17,hospital admissions,2025-12-14,1,IE,quantile,0.55,54.12799263000488
2025-12-17,hospital admissions,2025-12-21,2,IE,quantile,0.55,59.03011131286621
2025-12-17,hospital admissions,2025-12-28,3,IE,quantile,0.55,66.9795036315918
2025-12-17,hospital admissions,2026-01-04,4,IE,quantile,0.55,232.93140411376956
2025-12-17,hospital admissions,2025-12-14,1,IE,quantile,0.6,56.30906295776367
2025-12-17,hospital admissions,2025-12-21,2,IE,quantile,0.6,62.39806365966797
2025-12-17,hospital admissions,2025-12-28,3,IE,quantile,0.6,72.54937744140625
2025-12-17,hospital admissions,2026-01-04,4,IE,quantile,0.6,267.4410095214844
2025-12-17,hospital admissions,2025-12-14,1,IE,quantile,0.65,58.8929328918457
2025-12-17,hospital admissions,2025-12-21,2,IE,quantile,0.65,66.67401504516602
2025-12-17,hospital admissions,2025-12-28,3,IE,quantile,0.65,80.59135818481447
2025-12-17,hospital admissions,2026-01-04,4,IE,quantile,0.65,309.5660705566407
2025-12-17,hospital admissions,2025-12-14,1,IE,quantile,0.7,61.476802825927734
2025-12-17,hospital admissions,2025-12-21,2,IE,quantile,0.7,70.94996643066406
2025-12-17,hospital admissions,2025-12-28,3,IE,quantile,0.7,88.63333892822266
2025-12-17,hospital admissions,2026-01-04,4,IE,quantile,0.7,351.6911315917969
2025-12-17,hospital admissions,2025-12-14,1,IE,quantile,0.75,64.93309593200684
2025-12-17,hospital admissions,2025-12-21,2,IE,quantile,0.75,77.6366958618164
2025-12-17,hospital admissions,2025-12-28,3,IE,quantile,0.75,100.38766479492188
2025-12-17,hospital admissions,2026-01-04,4,IE,quantile,0.75,394.1241912841797
2025-12-17,hospital admissions,2025-12-14,1,IE,quantile,0.8,68.38938903808594
2025-12-17,hospital admissions,2025-12-21,2,IE,quantile,0.8,84.32342529296875
2025-12-17,hospital admissions,2025-12-28,3,IE,quantile,0.8,112.1419906616211
2025-12-17,hospital admissions,2026-01-04,4,IE,quantile,0.8,436.5572509765625
2025-12-17,hospital admissions,2025-12-14,1,IE,quantile,0.85,74.82184219360352
2025-12-17,hospital admissions,2025-12-21,2,IE,quantile,0.85,96.57006072998045
2025-12-17,hospital admissions,2025-12-28,3,IE,quantile,0.85,134.83169937133786
2025-12-17,hospital admissions,2026-01-04,4,IE,quantile,0.85,486.8675231933593
2025-12-17,hospital admissions,2025-12-14,1,IE,quantile,0.9,81.2542953491211
2025-12-17,hospital admissions,2025-12-21,2,IE,quantile,0.9,108.81669616699219
2025-12-17,hospital admissions,2025-12-28,3,IE,quantile,0.9,154.1104277728645
2025-12-17,hospital admissions,2026-01-04,4,IE,quantile,0.9,537.1777954101562
2025-12-17,hospital admissions,2025-12-14,1,IE,quantile,0.95,84.41121309441976
2025-12-17,hospital admissions,2025-12-21,2,IE,quantile,0.95,109.66724479000055
2025-12-17,hospital admissions,2025-12-28,3,IE,quantile,0.95,157.5214080810547
2025-12-17,hospital admissions,2026-01-04,4,IE,quantile,0.95,588.005589044719
2025-12-17,hospital admissions,2025-12-14,1,IE,quantile,0.975,90.37833993081856
2025-12-17,hospital admissions,2025-12-21,2,IE,quantile,0.975,119.20430432618409
2025-12-17,hospital admissions,2025-12-28,3,IE,quantile,0.975,169.96836279367028
2025-12-17,hospital admissions,2026-01-04,4,IE,quantile,0.975,656.4006869465907
2025-12-17,hospital admissions,2025-12-14,1,IE,quantile,0.99,97.3164144396824
2025-12-17,hospital admissions,2025-12-21,2,IE,quantile,0.99,130.29319710015523
2025-12-17,hospital admissions,2025-12-28,3,IE,quantile,0.99,188.40663932902746
2025-12-17,hospital admissions,2026-01-04,4,IE,quantile,0.99,735.9247691882556
2025-12-17,hospital admissions,2025-12-14,1,LT,median,,37.031654357910156
2025-12-17,hospital admissions,2025-12-21,2,LT,median,,38.83062744140625
2025-12-17,hospital admissions,2025-12-28,3,LT,median,,42.9674186706543
2025-12-17,hospital admissions,2026-01-04,4,LT,median,,70.15644073486328
2025-12-17,hospital admissions,2025-12-14,1,LT,quantile,0.01,0.0
2025-12-17,hospital admissions,2025-12-21,2,LT,quantile,0.01,0.0
2025-12-17,hospital admissions,2025-12-28,3,LT,quantile,0.01,0.0
2025-12-17,hospital admissions,2026-01-04,4,LT,quantile,0.01,0.0
2025-12-17,hospital admissions,2025-12-14,1,LT,quantile,0.025,0.0
2025-12-17,hospital admissions,2025-12-21,2,LT,quantile,0.025,0.0
2025-12-17,hospital admissions,2025-12-28,3,LT,quantile,0.025,0.0
2025-12-17,hospital admissions,2026-01-04,4,LT,quantile,0.025,0.0
2025-12-17,hospital admissions,2025-12-14,1,LT,quantile,0.05,2.014670149759816
2025-12-17,hospital admissions,2025-12-21,2,LT,quantile,0.05,0.0
2025-12-17,hospital admissions,2025-12-28,3,LT,quantile,0.05,0.0
2025-12-17,hospital admissions,2026-01-04,4,LT,quantile,0.05,0.0
2025-12-17,hospital admissions,2025-12-14,1,LT,quantile,0.1,8.216594696044922
2025-12-17,hospital admissions,2025-12-21,2,LT,quantile,0.1,6.985108375549316
2025-12-17,hospital admissions,2025-12-28,3,LT,quantile,0.1,6.388636589050293
2025-12-17,hospital admissions,2026-01-04,4,LT,quantile,0.1,4.837404251098633
2025-12-17,hospital admissions,2025-12-14,1,LT,quantile,0.15,13.803475379943848
2025-12-17,hospital admissions,2025-12-21,2,LT,quantile,0.15,12.337134838104248
2025-12-17,hospital admissions,2025-12-28,3,LT,quantile,0.15,11.978797435760498
2025-12-17,hospital admissions,2026-01-04,4,LT,quantile,0.15,13.730089187622069
2025-12-17,hospital admissions,2025-12-14,1,LT,quantile,0.2,19.390356063842773
2025-12-17,hospital admissions,2025-12-21,2,LT,quantile,0.2,17.68916130065918
2025-12-17,hospital admissions,2025-12-28,3,LT,quantile,0.2,17.568958282470703
2025-12-17,hospital admissions,2026-01-04,4,LT,quantile,0.2,22.622774124145508
2025-12-17,hospital admissions,2025-12-14,1,LT,quantile,0.25,23.72107982635498
2025-12-17,hospital admissions,2025-12-21,2,LT,quantile,0.25,22.566292762756348
2025-12-17,hospital admissions,2025-12-28,3,LT,quantile,0.25,22.766709327697754
2025-12-17,hospital admissions,2026-01-04,4,LT,quantile,0.25,30.28529453277588
2025-12-17,hospital admissions,2025-12-14,1,LT,quantile,0.3,28.051803588867188
2025-12-17,hospital admissions,2025-12-21,2,LT,quantile,0.3,27.443424224853516
2025-12-17,hospital admissions,2025-12-28,3,LT,quantile,0.3,27.964460372924805
2025-12-17,hospital admissions,2026-01-04,4,LT,quantile,0.3,37.94781494140625
2025-12-17,hospital admissions,2025-12-14,1,LT,quantile,0.35,30.29676628112793
2025-12-17,hospital admissions,2025-12-21,2,LT,quantile,0.35,30.290224075317383
2025-12-17,hospital admissions,2025-12-28,3,LT,quantile,0.35,31.715199470520016
2025-12-17,hospital admissions,2026-01-04,4,LT,quantile,0.35,45.54826927185058
2025-12-17,hospital admissions,2025-12-14,1,LT,quantile,0.4,32.54172897338867
2025-12-17,hospital admissions,2025-12-21,2,LT,quantile,0.4,33.13702392578125
2025-12-17,hospital admissions,2025-12-28,3,LT,quantile,0.4,35.465938568115234
2025-12-17,hospital admissions,2026-01-04,4,LT,quantile,0.4,53.14872360229492
2025-12-17,hospital admissions,2025-12-14,1,LT,quantile,0.45,34.786691665649414
2025-12-17,hospital admissions,2025-12-21,2,LT,quantile,0.45,35.98382568359375
2025-12-17,hospital admissions,2025-12-28,3,LT,quantile,0.45,39.216678619384766
2025-12-17,hospital admissions,2026-01-04,4,LT,quantile,0.45,61.6525821685791
2025-12-17,hospital admissions,2025-12-14,1,LT,quantile,0.5,37.031654357910156
2025-12-17,hospital admissions,2025-12-21,2,LT,quantile,0.5,38.83062744140625
2025-12-17,hospital admissions,2025-12-28,3,LT,quantile,0.5,42.9674186706543
2025-12-17,hospital admissions,2026-01-04,4,LT,quantile,0.5,70.15644073486328
2025-12-17,hospital admissions,2025-12-14,1,LT,quantile,0.55,39.276615142822266
2025-12-17,hospital admissions,2025-12-21,2,LT,quantile,0.55,41.67742919921875
2025-12-17,hospital admissions,2025-12-28,3,LT,quantile,0.55,47.02848052978516
2025-12-17,hospital admissions,2026-01-04,4,LT,quantile,0.55,79.49910354614259
2025-12-17,hospital admissions,2025-12-14,1,LT,quantile,0.6,41.521575927734375
2025-12-17,hospital admissions,2025-12-21,2,LT,quantile,0.6,44.52423095703125
2025-12-17,hospital admissions,2025-12-28,3,LT,quantile,0.6,51.089542388916016
2025-12-17,hospital admissions,2026-01-04,4,LT,quantile,0.6,88.84176635742188
2025-12-17,hospital admissions,2025-12-14,1,LT,quantile,0.65,43.766536712646484
2025-12-17,hospital admissions,2025-12-21,2,LT,quantile,0.65,47.85668182373047
2025-12-17,hospital admissions,2025-12-28,3,LT,quantile,0.65,56.804801940917976
2025-12-17,hospital admissions,2026-01-04,4,LT,quantile,0.65,99.55590057373048
2025-12-17,hospital admissions,2025-12-14,1,LT,quantile,0.7,46.011497497558594
2025-12-17,hospital admissions,2025-12-21,2,LT,quantile,0.7,51.18913269042969
2025-12-17,hospital admissions,2025-12-28,3,LT,quantile,0.7,62.52006149291992
2025-12-17,hospital admissions,2026-01-04,4,LT,quantile,0.7,110.27003479003906
2025-12-17,hospital admissions,2025-12-14,1,LT,quantile,0.75,49.43233299255371
2025-12-17,hospital admissions,2025-12-21,2,LT,quantile,0.75,56.99676322937012
2025-12-17,hospital admissions,2025-12-28,3,LT,quantile,0.75,69.2150821685791
2025-12-17,hospital admissions,2026-01-04,4,LT,quantile,0.75,125.58169555664062
2025-12-17,hospital admissions,2025-12-14,1,LT,quantile,0.8,52.85316848754883
2025-12-17,hospital admissions,2025-12-21,2,LT,quantile,0.8,62.80439376831055
2025-12-17,hospital admissions,2025-12-28,3,LT,quantile,0.8,75.91010284423828
2025-12-17,hospital admissions,2026-01-04,4,LT,quantile,0.8,140.8933563232422
2025-12-17,hospital admissions,2025-12-14,1,LT,quantile,0.85,59.4345531463623
2025-12-17,hospital admissions,2025-12-21,2,LT,quantile,0.85,70.95699882507323
2025-12-17,hospital admissions,2025-12-28,3,LT,quantile,0.85,88.20370483398436
2025-12-17,hospital admissions,2026-01-04,4,LT,quantile,0.85,182.62130737304682
2025-12-17,hospital admissions,2025-12-14,1,LT,quantile,0.9,66.01593780517578
2025-12-17,hospital admissions,2025-12-21,2,LT,quantile,0.9,79.10960388183594
2025-12-17,hospital admissions,2025-12-28,3,LT,quantile,0.9,100.49730682373047
2025-12-17,hospital admissions,2026-01-04,4,LT,quantile,0.9,214.48045635346782
2025-12-17,hospital admissions,2025-12-14,1,LT,quantile,0.95,71.68184482758934
2025-12-17,hospital admissions,2025-12-21,2,LT,quantile,0.95,84.74956978989147
2025-12-17,hospital admissions,2025-12-28,3,LT,quantile,0.95,105.34612761053123
2025-12-17,hospital admissions,2026-01-04,4,LT,quantile,0.95,224.34925842285156
2025-12-17,hospital admissions,2025-12-14,1,LT,quantile,0.975,78.35503688711742
2025-12-17,hospital admissions,2025-12-21,2,LT,quantile,0.975,93.28594468515595
2025-12-17,hospital admissions,2025-12-28,3,LT,quantile,0.975,116.57962957115573
2025-12-17,hospital admissions,2026-01-04,4,LT,quantile,0.975,239.53947283226364
2025-12-17,hospital admissions,2025-12-14,1,LT,quantile,0.99,86.11406480630714
2025-12-17,hospital admissions,2025-12-21,2,LT,quantile,0.99,103.21132530513341
2025-12-17,hospital admissions,2025-12-28,3,LT,quantile,0.99,129.64100328335218
2025-12-17,hospital admissions,2026-01-04,4,LT,quantile,0.99,268.6759950171447
2025-12-17,hospital admissions,2025-12-14,1,MT,median,,1.7634010314941406
2025-12-17,hospital admissions,2025-12-21,2,MT,median,,1.7129582166671753
2025-12-17,hospital admissions,2025-12-28,3,MT,median,,1.7276877164840698
2025-12-17,hospital admissions,2026-01-04,4,MT,median,,2.214350461959839
2025-12-17,hospital admissions,2025-12-14,1,MT,quantile,0.01,0.0
2025-12-17,hospital admissions,2025-12-21,2,MT,quantile,0.01,0.0
2025-12-17,hospital admissions,2025-12-28,3,MT,quantile,0.01,0.0
2025-12-17,hospital admissions,2026-01-04,4,MT,quantile,0.01,0.0
2025-12-17,hospital admissions,2025-12-14,1,MT,quantile,0.025,0.0
2025-12-17,hospital admissions,2025-12-21,2,MT,quantile,0.025,0.0
2025-12-17,hospital admissions,2025-12-28,3,MT,quantile,0.025,0.0
2025-12-17,hospital admissions,2026-01-04,4,MT,quantile,0.025,0.0
2025-12-17,hospital admissions,2025-12-14,1,MT,quantile,0.05,0.0
2025-12-17,hospital admissions,2025-12-21,2,MT,quantile,0.05,0.0
2025-12-17,hospital admissions,2025-12-28,3,MT,quantile,0.05,0.0
2025-12-17,hospital admissions,2026-01-04,4,MT,quantile,0.05,0.0
2025-12-17,hospital admissions,2025-12-14,1,MT,quantile,0.1,0.7759535908699036
2025-12-17,hospital admissions,2025-12-21,2,MT,quantile,0.1,0.7274890542030334
2025-12-17,hospital admissions,2025-12-28,3,MT,quantile,0.1,0.7034505605697632
2025-12-17,hospital admissions,2026-01-04,4,MT,quantile,0.1,0.7221729755401611
2025-12-17,hospital admissions,2025-12-14,1,MT,quantile,0.15,0.8911517560482025
2025-12-17,hospital admissions,2025-12-21,2,MT,quantile,0.15,0.8454862534999847
2025-12-17,hospital admissions,2025-12-28,3,MT,quantile,0.15,0.826229453086853
2025-12-17,hospital admissions,2026-01-04,4,MT,quantile,0.15,0.8557559251785278
2025-12-17,hospital admissions,2025-12-14,1,MT,quantile,0.2,1.0063499212265015
2025-12-17,hospital admissions,2025-12-21,2,MT,quantile,0.2,0.963483452796936
2025-12-17,hospital admissions,2025-12-28,3,MT,quantile,0.2,0.9490083456039429
2025-12-17,hospital admissions,2026-01-04,4,MT,quantile,0.2,0.9893388748168945
2025-12-17,hospital admissions,2025-12-14,1,MT,quantile,0.25,1.1080795526504517
2025-12-17,hospital admissions,2025-12-21,2,MT,quantile,0.25,1.0624797344207764
2025-12-17,hospital admissions,2025-12-28,3,MT,quantile,0.25,1.048320710659027
2025-12-17,hospital admissions,2026-01-04,4,MT,quantile,0.25,1.104504406452179
2025-12-17,hospital admissions,2025-12-14,1,MT,quantile,0.3,1.2098091840744019
2025-12-17,hospital admissions,2025-12-21,2,MT,quantile,0.3,1.1614760160446167
2025-12-17,hospital admissions,2025-12-28,3,MT,quantile,0.3,1.1476330757141113
2025-12-17,hospital admissions,2026-01-04,4,MT,quantile,0.3,1.2196699380874634
2025-12-17,hospital admissions,2025-12-14,1,MT,quantile,0.35,1.327250599861145
2025-12-17,hospital admissions,2025-12-21,2,MT,quantile,0.35,1.2767731547355652
2025-12-17,hospital admissions,2025-12-28,3,MT,quantile,0.35,1.2655757665634155
2025-12-17,hospital admissions,2026-01-04,4,MT,quantile,0.35,1.3886892795562744
2025-12-17,hospital admissions,2025-12-14,1,MT,quantile,0.4,1.4446920156478882
2025-12-17,hospital admissions,2025-12-21,2,MT,quantile,0.4,1.3920702934265137
2025-12-17,hospital admissions,2025-12-28,3,MT,quantile,0.4,1.3835184574127197
2025-12-17,hospital admissions,2026-01-04,4,MT,quantile,0.4,1.5577086210250854
2025-12-17,hospital admissions,2025-12-14,1,MT,quantile,0.45,1.6040465235710144
2025-12-17,hospital admissions,2025-12-21,2,MT,quantile,0.45,1.5525142550468445
2025-12-17,hospital admissions,2025-12-28,3,MT,quantile,0.45,1.5556030869483948
2025-12-17,hospital admissions,2026-01-04,4,MT,quantile,0.45,1.8860295414924622
2025-12-17,hospital admissions,2025-12-14,1,MT,quantile,0.5,1.7634010314941406
2025-12-17,hospital admissions,2025-12-21,2,MT,quantile,0.5,1.7129582166671753
2025-12-17,hospital admissions,2025-12-28,3,MT,quantile,0.5,1.7276877164840698
2025-12-17,hospital admissions,2026-01-04,4,MT,quantile,0.5,2.214350461959839
2025-12-17,hospital admissions,2025-12-14,1,MT,quantile,0.55,2.0004636049270634
2025-12-17,hospital admissions,2025-12-21,2,MT,quantile,0.55,1.9698092341423037
2025-12-17,hospital admissions,2025-12-28,3,MT,quantile,0.55,2.017316043376923
2025-12-17,hospital admissions,2026-01-04,4,MT,quantile,0.55,2.816104769706727
2025-12-17,hospital admissions,2025-12-14,1,MT,quantile,0.6,2.2375261783599854
2025-12-17,hospital admissions,2025-12-21,2,MT,quantile,0.6,2.2266602516174316
2025-12-17,hospital admissions,2025-12-28,3,MT,quantile,0.6,2.3069443702697754
2025-12-17,hospital admissions,2026-01-04,4,MT,quantile,0.6,3.4178590774536133
2025-12-17,hospital admissions,2025-12-14,1,MT,quantile,0.65,2.5732865333557133
2025-12-17,hospital admissions,2025-12-21,2,MT,quantile,0.65,2.6069786548614506
2025-12-17,hospital admissions,2025-12-28,3,MT,quantile,0.65,2.743096470832825
2025-12-17,hospital admissions,2026-01-04,4,MT,quantile,0.65,4.552955150604249
2025-12-17,hospital admissions,2025-12-14,1,MT,quantile,0.7,2.9090468883514404
2025-12-17,hospital admissions,2025-12-21,2,MT,quantile,0.7,2.9872970581054688
2025-12-17,hospital admissions,2025-12-28,3,MT,quantile,0.7,3.179248571395874
2025-12-17,hospital admissions,2026-01-04,4,MT,quantile,0.7,5.688051223754883
2025-12-17,hospital admissions,2025-12-14,1,MT,quantile,0.75,3.3625069856643677
2025-12-17,hospital admissions,2025-12-21,2,MT,quantile,0.75,3.5206503868103027
2025-12-17,hospital admissions,2025-12-28,3,MT,quantile,0.75,3.8251994848251343
2025-12-17,hospital admissions,2026-01-04,4,MT,quantile,0.75,9.147226333618164
2025-12-17,hospital admissions,2025-12-14,1,MT,quantile,0.8,3.815967082977295
2025-12-17,hospital admissions,2025-12-21,2,MT,quantile,0.8,4.054003715515137
2025-12-17,hospital admissions,2025-12-28,3,MT,quantile,0.8,4.4711503982543945
2025-12-17,hospital admissions,2026-01-04,4,MT,quantile,0.8,12.606401443481445
2025-12-17,hospital admissions,2025-12-14,1,MT,quantile,0.85,4.77394413948059
2025-12-17,hospital admissions,2025-12-21,2,MT,quantile,0.85,5.333337545394896
2025-12-17,hospital admissions,2025-12-28,3,MT,quantile,0.85,6.448804855346678
2025-12-17,hospital admissions,2026-01-04,4,MT,quantile,0.85,25.056754112243638
2025-12-17,hospital admissions,2025-12-14,1,MT,quantile,0.9,5.320380491760265
2025-12-17,hospital admissions,2025-12-21,2,MT,quantile,0.9,5.885117055276627
2025-12-17,hospital admissions,2025-12-28,3,MT,quantile,0.9,7.0291798559864
2025-12-17,hospital admissions,2026-01-04,4,MT,quantile,0.9,25.58814154049891
2025-12-17,hospital admissions,2025-12-14,1,MT,quantile,0.95,5.731921195983887
2025-12-17,hospital admissions,2025-12-21,2,MT,quantile,0.95,6.547704724965769
2025-12-17,hospital admissions,2025-12-28,3,MT,quantile,0.95,7.8586402541146105
2025-12-17,hospital admissions,2026-01-04,4,MT,quantile,0.95,29.08692521159347
2025-12-17,hospital admissions,2025-12-14,1,MT,quantile,0.975,5.894861665170229
2025-12-17,hospital admissions,2025-12-21,2,MT,quantile,0.975,6.612671375274658
2025-12-17,hospital admissions,2025-12-28,3,MT,quantile,0.975,8.426459312438965
2025-12-17,hospital admissions,2026-01-04,4,MT,quantile,0.975,33.15501735476305
2025-12-17,hospital admissions,2025-12-14,1,MT,quantile,0.99,6.562820180941167
2025-12-17,hospital admissions,2025-12-21,2,MT,quantile,0.99,7.318106083441352
2025-12-17,hospital admissions,2025-12-28,3,MT,quantile,0.99,8.823067222427305
2025-12-17,hospital admissions,2026-01-04,4,MT,quantile,0.99,37.50710678100586
2025-12-17,hospital admissions,2025-12-14,1,PL,median,,40.70634078979492
2025-12-17,hospital admissions,2025-12-21,2,PL,median,,35.55127716064453
2025-12-17,hospital admissions,2025-12-28,3,PL,median,,33.20150375366211
2025-12-17,hospital admissions,2026-01-04,4,PL,median,,32.91642379760742
2025-12-17,hospital admissions,2025-12-14,1,PL,quantile,0.01,9.589591521369009
2025-12-17,hospital admissions,2025-12-21,2,PL,quantile,0.01,0.0
2025-12-17,hospital admissions,2025-12-28,3,PL,quantile,0.01,0.0
2025-12-17,hospital admissions,2026-01-04,4,PL,quantile,0.01,0.0
2025-12-17,hospital admissions,2025-12-14,1,PL,quantile,0.025,14.61207452912311
2025-12-17,hospital admissions,2025-12-21,2,PL,quantile,0.025,3.9876580359506306
2025-12-17,hospital admissions,2025-12-28,3,PL,quantile,0.025,0.0
2025-12-17,hospital admissions,2026-01-04,4,PL,quantile,0.025,0.0
2025-12-17,hospital admissions,2025-12-14,1,PL,quantile,0.05,18.931686995469217
2025-12-17,hospital admissions,2025-12-21,2,PL,quantile,0.05,9.225433489455725
2025-12-17,hospital admissions,2025-12-28,3,PL,quantile,0.05,0.5226719095281851
2025-12-17,hospital admissions,2026-01-04,4,PL,quantile,0.05,0.0
2025-12-17,hospital admissions,2025-12-14,1,PL,quantile,0.1,24.844379425048828
2025-12-17,hospital admissions,2025-12-21,2,PL,quantile,0.1,16.700231552124023
2025-12-17,hospital admissions,2025-12-28,3,PL,quantile,0.1,11.26867961883545
2025-12-17,hospital admissions,2026-01-04,4,PL,quantile,0.1,5.089659690856934
2025-12-17,hospital admissions,2025-12-14,1,PL,quantile,0.15,27.64887523651123
2025-12-17,hospital admissions,2025-12-21,2,PL,quantile,0.15,19.915069580078125
2025-12-17,hospital admissions,2025-12-28,3,PL,quantile,0.15,14.80805253982544
2025-12-17,hospital admissions,2026-01-04,4,PL,quantile,0.15,9.641754627227783
2025-12-17,hospital admissions,2025-12-14,1,PL,quantile,0.2,30.453371047973633
2025-12-17,hospital admissions,2025-12-21,2,PL,quantile,0.2,23.129907608032227
2025-12-17,hospital admissions,2025-12-28,3,PL,quantile,0.2,18.34742546081543
2025-12-17,hospital admissions,2026-01-04,4,PL,quantile,0.2,14.193849563598633
2025-12-17,hospital admissions,2025-12-14,1,PL,quantile,0.25,32.36942958831787
2025-12-17,hospital admissions,2025-12-21,2,PL,quantile,0.25,25.451998710632324
2025-12-17,hospital admissions,2025-12-28,3,PL,quantile,0.25,21.036911964416504
2025-12-17,hospital admissions,2026-01-04,4,PL,quantile,0.25,17.424894332885742
2025-12-17,hospital admissions,2025-12-14,1,PL,quantile,0.3,34.28548812866211
2025-12-17,hospital admissions,2025-12-21,2,PL,quantile,0.3,27.774089813232422
2025-12-17,hospital admissions,2025-12-28,3,PL,quantile,0.3,23.726398468017578
2025-12-17,hospital admissions,2026-01-04,4,PL,quantile,0.3,20.65593910217285
2025-12-17,hospital admissions,2025-12-14,1,PL,quantile,0.35,35.93258285522461
2025-12-17,hospital admissions,2025-12-21,2,PL,quantile,0.35,29.774662971496582
2025-12-17,hospital admissions,2025-12-28,3,PL,quantile,0.35,26.110097885131836
2025-12-17,hospital admissions,2026-01-04,4,PL,quantile,0.35,23.670985221862793
2025-12-17,hospital admissions,2025-12-14,1,PL,quantile,0.4,37.57967758178711
2025-12-17,hospital admissions,2025-12-21,2,PL,quantile,0.4,31.775236129760742
2025-12-17,hospital admissions,2025-12-28,3,PL,quantile,0.4,28.493797302246094
2025-12-17,hospital admissions,2026-01-04,4,PL,quantile,0.4,26.686031341552734
2025-12-17,hospital admissions,2025-12-14,1,PL,quantile,0.45,39.143009185791016
2025-12-17,hospital admissions,2025-12-21,2,PL,quantile,0.45,33.66325664520264
2025-12-17,hospital admissions,2025-12-28,3,PL,quantile,0.45,30.8476505279541
2025-12-17,hospital admissions,2026-01-04,4,PL,quantile,0.45,29.801227569580078
2025-12-17,hospital admissions,2025-12-14,1,PL,quantile,0.5,40.70634078979492
2025-12-17,hospital admissions,2025-12-21,2,PL,quantile,0.5,35.55127716064453
2025-12-17,hospital admissions,2025-12-28,3,PL,quantile,0.5,33.20150375366211
2025-12-17,hospital admissions,2026-01-04,4,PL,quantile,0.5,32.91642379760742
2025-12-17,hospital admissions,2025-12-14,1,PL,quantile,0.55,42.34066390991211
2025-12-17,hospital admissions,2025-12-21,2,PL,quantile,0.55,37.52265930175781
2025-12-17,hospital admissions,2025-12-28,3,PL,quantile,0.55,35.68573570251465
2025-12-17,hospital admissions,2026-01-04,4,PL,quantile,0.55,36.37421607971192
2025-12-17,hospital admissions,2025-12-14,1,PL,quantile,0.6,43.9749870300293
2025-12-17,hospital admissions,2025-12-21,2,PL,quantile,0.6,39.494041442871094
2025-12-17,hospital admissions,2025-12-28,3,PL,quantile,0.6,38.16996765136719
2025-12-17,hospital admissions,2026-01-04,4,PL,quantile,0.6,39.832008361816406
2025-12-17,hospital admissions,2025-12-14,1,PL,quantile,0.65,45.852622985839844
2025-12-17,hospital admissions,2025-12-21,2,PL,quantile,0.65,41.75971603393555
2025-12-17,hospital admissions,2025-12-28,3,PL,quantile,0.65,41.07493209838867
2025-12-17,hospital admissions,2026-01-04,4,PL,quantile,0.65,44.115232467651374
2025-12-17,hospital admissions,2025-12-14,1,PL,quantile,0.7,47.73025894165039
2025-12-17,hospital admissions,2025-12-21,2,PL,quantile,0.7,44.025390625
2025-12-17,hospital admissions,2025-12-28,3,PL,quantile,0.7,43.979896545410156
2025-12-17,hospital admissions,2026-01-04,4,PL,quantile,0.7,48.39845657348633
2025-12-17,hospital admissions,2025-12-14,1,PL,quantile,0.75,50.2578125
2025-12-17,hospital admissions,2025-12-21,2,PL,quantile,0.75,46.999521255493164
2025-12-17,hospital admissions,2025-12-28,3,PL,quantile,0.75,48.014739990234375
2025-12-17,hospital admissions,2026-01-04,4,PL,quantile,0.75,55.422380447387695
2025-12-17,hospital admissions,2025-12-14,1,PL,quantile,0.8,52.78536605834961
2025-12-17,hospital admissions,2025-12-21,2,PL,quantile,0.8,49.97365188598633
2025-12-17,hospital admissions,2025-12-28,3,PL,quantile,0.8,52.049583435058594
2025-12-17,hospital admissions,2026-01-04,4,PL,quantile,0.8,62.44630432128906
2025-12-17,hospital admissions,2025-12-14,1,PL,quantile,0.85,56.87165260314941
2025-12-17,hospital admissions,2025-12-21,2,PL,quantile,0.85,55.32303047180175
2025-12-17,hospital admissions,2025-12-28,3,PL,quantile,0.85,59.71755981445312
2025-12-17,hospital admissions,2026-01-04,4,PL,quantile,0.85,76.94207382202147
2025-12-17,hospital admissions,2025-12-14,1,PL,quantile,0.9,60.95793914794922
2025-12-17,hospital admissions,2025-12-21,2,PL,quantile,0.9,60.67240905761719
2025-12-17,hospital admissions,2025-12-28,3,PL,quantile,0.9,67.38553619384766
2025-12-17,hospital admissions,2026-01-04,4,PL,quantile,0.9,89.67874989363196
2025-12-17,hospital admissions,2025-12-14,1,PL,quantile,0.95,64.02782592702968
2025-12-17,hospital admissions,2025-12-21,2,PL,quantile,0.95,63.90706323838171
2025-12-17,hospital admissions,2025-12-28,3,PL,quantile,0.95,69.83794774141852
2025-12-17,hospital admissions,2026-01-04,4,PL,quantile,0.95,91.4378433227539
2025-12-17,hospital admissions,2025-12-14,1,PL,quantile,0.975,68.34743839337578
2025-12-17,hospital admissions,2025-12-21,2,PL,quantile,0.975,69.1448386918868
2025-12-17,hospital admissions,2025-12-28,3,PL,quantile,0.975,76.4774325550975
2025-12-17,hospital admissions,2026-01-04,4,PL,quantile,0.975,99.58633999213288
2025-12-17,hospital admissions,2025-12-14,1,PL,quantile,0.99,73.36992140112989
2025-12-17,hospital admissions,2025-12-21,2,PL,quantile,0.99,75.23488459730417
2025-12-17,hospital admissions,2025-12-28,3,PL,quantile,0.99,84.19726851648213
2025-12-17,hospital admissions,2026-01-04,4,PL,quantile,0.99,111.10605462051609
2025-12-17,hospital admissions,2025-12-14,1,PT,median,,0.13494926691055298
2025-12-17,hospital admissions,2025-12-21,2,PT,median,,2.0586700439453125
2025-12-17,hospital admissions,2025-12-28,3,PT,median,,4.730236053466797
2025-12-17,hospital admissions,2026-01-04,4,PT,median,,96.63481140136719
2025-12-17,hospital admissions,2025-12-14,1,PT,quantile,0.01,0.0
2025-12-17,hospital admissions,2025-12-21,2,PT,quantile,0.01,0.0
2025-12-17,hospital admissions,2025-12-28,3,PT,quantile,0.01,0.0
2025-12-17,hospital admissions,2026-01-04,4,PT,quantile,0.01,0.0
2025-12-17,hospital admissions,2025-12-14,1,PT,quantile,0.025,0.0
2025-12-17,hospital admissions,2025-12-21,2,PT,quantile,0.025,0.0
2025-12-17,hospital admissions,2025-12-28,3,PT,quantile,0.025,0.0
2025-12-17,hospital admissions,2026-01-04,4,PT,quantile,0.025,0.0
2025-12-17,hospital admissions,2025-12-14,1,PT,quantile,0.05,0.0
2025-12-17,hospital admissions,2025-12-21,2,PT,quantile,0.05,0.0
2025-12-17,hospital admissions,2025-12-28,3,PT,quantile,0.05,0.0
2025-12-17,hospital admissions,2026-01-04,4,PT,quantile,0.05,0.0
2025-12-17,hospital admissions,2025-12-14,1,PT,quantile,0.1,0.0
2025-12-17,hospital admissions,2025-12-21,2,PT,quantile,0.1,0.0
2025-12-17,hospital admissions,2025-12-28,3,PT,quantile,0.1,0.0
2025-12-17,hospital admissions,2026-01-04,4,PT,quantile,0.1,0.0
2025-12-17,hospital admissions,2025-12-14,1,PT,quantile,0.15,0.0
2025-12-17,hospital admissions,2025-12-21,2,PT,quantile,0.15,0.0
2025-12-17,hospital admissions,2025-12-28,3,PT,quantile,0.15,0.0
2025-12-17,hospital admissions,2026-01-04,4,PT,quantile,0.15,0.0
2025-12-17,hospital admissions,2025-12-14,1,PT,quantile,0.2,0.0
2025-12-17,hospital admissions,2025-12-21,2,PT,quantile,0.2,0.0
2025-12-17,hospital admissions,2025-12-28,3,PT,quantile,0.2,0.0
2025-12-17,hospital admissions,2026-01-04,4,PT,quantile,0.2,0.0
2025-12-17,hospital admissions,2025-12-14,1,PT,quantile,0.25,0.0
2025-12-17,hospital admissions,2025-12-21,2,PT,quantile,0.25,0.0
2025-12-17,hospital admissions,2025-12-28,3,PT,quantile,0.25,0.0
2025-12-17,hospital admissions,2026-01-04,4,PT,quantile,0.25,3.4458707571029663
2025-12-17,hospital admissions,2025-12-14,1,PT,quantile,0.3,0.0
2025-12-17,hospital admissions,2025-12-21,2,PT,quantile,0.3,0.0
2025-12-17,hospital admissions,2025-12-28,3,PT,quantile,0.3,0.0
2025-12-17,hospital admissions,2026-01-04,4,PT,quantile,0.3,7.482057571411133
2025-12-17,hospital admissions,2025-12-14,1,PT,quantile,0.35,0.0
2025-12-17,hospital admissions,2025-12-21,2,PT,quantile,0.35,0.0
2025-12-17,hospital admissions,2025-12-28,3,PT,quantile,0.35,0.6401681005954734
2025-12-17,hospital admissions,2026-01-04,4,PT,quantile,0.35,15.28613471984863
2025-12-17,hospital admissions,2025-12-14,1,PT,quantile,0.4,0.0
2025-12-17,hospital admissions,2025-12-21,2,PT,quantile,0.4,0.14470261335372925
2025-12-17,hospital admissions,2025-12-28,3,PT,quantile,0.4,1.978411316871643
2025-12-17,hospital admissions,2026-01-04,4,PT,quantile,0.4,23.090211868286133
2025-12-17,hospital admissions,2025-12-14,1,PT,quantile,0.45,0.0
2025-12-17,hospital admissions,2025-12-21,2,PT,quantile,0.45,1.1016863286495209
2025-12-17,hospital admissions,2025-12-28,3,PT,quantile,0.45,3.35432368516922
2025-12-17,hospital admissions,2026-01-04,4,PT,quantile,0.45,59.86251163482666
2025-12-17,hospital admissions,2025-12-14,1,PT,quantile,0.5,0.13494926691055298
2025-12-17,hospital admissions,2025-12-21,2,PT,quantile,0.5,2.0586700439453125
2025-12-17,hospital admissions,2025-12-28,3,PT,quantile,0.5,4.730236053466797
2025-12-17,hospital admissions,2026-01-04,4,PT,quantile,0.5,96.63481140136719
2025-12-17,hospital admissions,2025-12-14,1,PT,quantile,0.55,0.7853163182735451
2025-12-17,hospital admissions,2025-12-21,2,PT,quantile,0.55,3.087208271026612
2025-12-17,hospital admissions,2025-12-28,3,PT,quantile,0.55,6.306455850601198
2025-12-17,hospital admissions,2026-01-04,4,PT,quantile,0.55,153.16368865966803
2025-12-17,hospital admissions,2025-12-14,1,PT,quantile,0.6,1.4356833696365356
2025-12-17,hospital admissions,2025-12-21,2,PT,quantile,0.6,4.11574649810791
2025-12-17,hospital admissions,2025-12-28,3,PT,quantile,0.6,7.882675647735596
2025-12-17,hospital admissions,2026-01-04,4,PT,quantile,0.6,209.69256591796875
2025-12-17,hospital admissions,2025-12-14,1,PT,quantile,0.65,2.165578544139863
2025-12-17,hospital admissions,2025-12-21,2,PT,quantile,0.65,5.342721462249758
2025-12-17,hospital admissions,2025-12-28,3,PT,quantile,0.65,9.903736829757692
2025-12-17,hospital admissions,2026-01-04,4,PT,quantile,0.65,255.0790405273438
2025-12-17,hospital admissions,2025-12-14,1,PT,quantile,0.7,2.8954737186431885
2025-12-17,hospital admissions,2025-12-21,2,PT,quantile,0.7,6.569696426391602
2025-12-17,hospital admissions,2025-12-28,3,PT,quantile,0.7,11.924798011779785
2025-12-17,hospital admissions,2026-01-04,4,PT,quantile,0.7,300.46551513671875
2025-12-17,hospital admissions,2025-12-14,1,PT,quantile,0.75,3.8317736387252808
2025-12-17,hospital admissions,2025-12-21,2,PT,quantile,0.75,8.205932140350342
2025-12-17,hospital admissions,2025-12-28,3,PT,quantile,0.75,15.167670726776123
2025-12-17,hospital admissions,2026-01-04,4,PT,quantile,0.75,326.8315734863281
2025-12-17,hospital admissions,2025-12-14,1,PT,quantile,0.8,4.768073558807373
2025-12-17,hospital admissions,2025-12-21,2,PT,quantile,0.8,9.842167854309082
2025-12-17,hospital admissions,2025-12-28,3,PT,quantile,0.8,18.41054344177246
2025-12-17,hospital admissions,2026-01-04,4,PT,quantile,0.8,353.1976318359375
2025-12-17,hospital admissions,2025-12-14,1,PT,quantile,0.85,6.190238952636717
2025-12-17,hospital admissions,2025-12-21,2,PT,quantile,0.85,13.018193721771237
2025-12-17,hospital admissions,2025-12-28,3,PT,quantile,0.85,27.126824378967274
2025-12-17,hospital admissions,2026-01-04,4,PT,quantile,0.85,379.52099609375
2025-12-17,hospital admissions,2025-12-14,1,PT,quantile,0.9,7.6124043464660645
2025-12-17,hospital admissions,2025-12-21,2,PT,quantile,0.9,16.1942195892334
2025-12-17,hospital admissions,2025-12-28,3,PT,quantile,0.9,33.01267137788025
2025-12-17,hospital admissions,2026-01-04,4,PT,quantile,0.9,405.8443603515625
2025-12-17,hospital admissions,2025-12-14,1,PT,quantile,0.95,9.279670721177926
2025-12-17,hospital admissions,2025-12-21,2,PT,quantile,0.95,17.432090648680308
2025-12-17,hospital admissions,2025-12-28,3,PT,quantile,0.95,35.84310531616211
2025-12-17,hospital admissions,2026-01-04,4,PT,quantile,0.95,469.3473129578043
2025-12-17,hospital admissions,2025-12-14,1,PT,quantile,0.975,11.014697238409697
2025-12-17,hospital admissions,2025-12-21,2,PT,quantile,0.975,20.236199050976758
2025-12-17,hospital admissions,2025-12-28,3,PT,quantile,0.975,37.887305821569626
2025-12-17,hospital admissions,2026-01-04,4,PT,quantile,0.975,529.760250886479
2025-12-17,hospital admissions,2025-12-14,1,PT,quantile,0.99,13.032040522949876
2025-12-17,hospital admissions,2025-12-21,2,PT,quantile,0.99,23.49658106722451
2025-12-17,hospital admissions,2025-12-28,3,PT,quantile,0.99,43.55512182432145
2025-12-17,hospital admissions,2026-01-04,4,PT,quantile,0.99,600.0033471269927
2025-12-17,hospital admissions,2025-12-14,1,SK,median,,7.212044715881348
2025-12-17,hospital admissions,2025-12-21,2,SK,median,,6.445872783660889
2025-12-17,hospital admissions,2025-12-28,3,SK,median,,6.316652774810791
2025-12-17,hospital admissions,2026-01-04,4,SK,median,,7.9716973304748535
2025-12-17,hospital admissions,2025-12-14,1,SK,quantile,0.01,0.0
2025-12-17,hospital admissions,2025-12-21,2,SK,quantile,0.01,0.0
2025-12-17,hospital admissions,2025-12-28,3,SK,quantile,0.01,0.0
2025-12-17,hospital admissions,2026-01-04,4,SK,quantile,0.01,0.0
2025-12-17,hospital admissions,2025-12-14,1,SK,quantile,0.025,0.46572464493297705
2025-12-17,hospital admissions,2025-12-21,2,SK,quantile,0.025,0.0
2025-12-17,hospital admissions,2025-12-28,3,SK,quantile,0.025,0.0
2025-12-17,hospital admissions,2026-01-04,4,SK,quantile,0.025,0.0
2025-12-17,hospital admissions,2025-12-14,1,SK,quantile,0.05,1.6167326249447065
2025-12-17,hospital admissions,2025-12-21,2,SK,quantile,0.05,0.0
2025-12-17,hospital admissions,2025-12-28,3,SK,quantile,0.05,0.0
2025-12-17,hospital admissions,2026-01-04,4,SK,quantile,0.05,0.0
2025-12-17,hospital admissions,2025-12-14,1,SK,quantile,0.1,3.5404372215270996
2025-12-17,hospital admissions,2025-12-21,2,SK,quantile,0.1,2.083646059036255
2025-12-17,hospital admissions,2025-12-28,3,SK,quantile,0.1,1.327284336090088
2025-12-17,hospital admissions,2026-01-04,4,SK,quantile,0.1,0.4950178265571594
2025-12-17,hospital admissions,2025-12-14,1,SK,quantile,0.15,4.129853010177612
2025-12-17,hospital admissions,2025-12-21,2,SK,quantile,0.15,2.8198755979537964
2025-12-17,hospital admissions,2025-12-28,3,SK,quantile,0.15,2.146704316139221
2025-12-17,hospital admissions,2026-01-04,4,SK,quantile,0.15,1.6802248060703275
2025-12-17,hospital admissions,2025-12-14,1,SK,quantile,0.2,4.719268798828125
2025-12-17,hospital admissions,2025-12-21,2,SK,quantile,0.2,3.556105136871338
2025-12-17,hospital admissions,2025-12-28,3,SK,quantile,0.2,2.9661242961883545
2025-12-17,hospital admissions,2026-01-04,4,SK,quantile,0.2,2.865431785583496
2025-12-17,hospital admissions,2025-12-14,1,SK,quantile,0.25,5.162136554718018
2025-12-17,hospital admissions,2025-12-21,2,SK,quantile,0.25,4.0665342807769775
2025-12-17,hospital admissions,2025-12-28,3,SK,quantile,0.25,3.550145745277405
2025-12-17,hospital admissions,2026-01-04,4,SK,quantile,0.25,3.6835992336273193
2025-12-17,hospital admissions,2025-12-14,1,SK,quantile,0.3,5.60500431060791
2025-12-17,hospital admissions,2025-12-21,2,SK,quantile,0.3,4.576963424682617
2025-12-17,hospital admissions,2025-12-28,3,SK,quantile,0.3,4.134167194366455
2025-12-17,hospital admissions,2026-01-04,4,SK,quantile,0.3,4.501766681671143
2025-12-17,hospital admissions,2025-12-14,1,SK,quantile,0.35,6.00341796875
2025-12-17,hospital admissions,2025-12-21,2,SK,quantile,0.35,5.035789966583252
2025-12-17,hospital admissions,2025-12-28,3,SK,quantile,0.35,4.669096231460571
2025-12-17,hospital admissions,2026-01-04,4,SK,quantile,0.35,5.3159093856811515
2025-12-17,hospital admissions,2025-12-14,1,SK,quantile,0.4,6.40183162689209
2025-12-17,hospital admissions,2025-12-21,2,SK,quantile,0.4,5.494616508483887
2025-12-17,hospital admissions,2025-12-28,3,SK,quantile,0.4,5.2040252685546875
2025-12-17,hospital admissions,2026-01-04,4,SK,quantile,0.4,6.130052089691162
2025-12-17,hospital admissions,2025-12-14,1,SK,quantile,0.45,6.806938171386719
2025-12-17,hospital admissions,2025-12-21,2,SK,quantile,0.45,5.970244646072388
2025-12-17,hospital admissions,2025-12-28,3,SK,quantile,0.45,5.760339021682739
2025-12-17,hospital admissions,2026-01-04,4,SK,quantile,0.45,7.050874710083008
2025-12-17,hospital admissions,2025-12-14,1,SK,quantile,0.5,7.212044715881348
2025-12-17,hospital admissions,2025-12-21,2,SK,quantile,0.5,6.445872783660889
2025-12-17,hospital admissions,2025-12-28,3,SK,quantile,0.5,6.316652774810791
2025-12-17,hospital admissions,2026-01-04,4,SK,quantile,0.5,7.9716973304748535
2025-12-17,hospital admissions,2025-12-14,1,SK,quantile,0.55,7.660128593444825
2025-12-17,hospital admissions,2025-12-21,2,SK,quantile,0.55,6.977267742156983
2025-12-17,hospital admissions,2025-12-28,3,SK,quantile,0.55,6.946691751480103
2025-12-17,hospital admissions,2026-01-04,4,SK,quantile,0.55,9.121923208236696
2025-12-17,hospital admissions,2025-12-14,1,SK,quantile,0.6,8.1082124710083
2025-12-17,hospital admissions,2025-12-21,2,SK,quantile,0.6,7.508662700653076
2025-12-17,hospital admissions,2025-12-28,3,SK,quantile,0.6,7.576730728149414
2025-12-17,hospital admissions,2026-01-04,4,SK,quantile,0.6,10.272149085998535
2025-12-17,hospital admissions,2025-12-14,1,SK,quantile,0.65,8.65340280532837
2025-12-17,hospital admissions,2025-12-21,2,SK,quantile,0.65,8.170604944229126
2025-12-17,hospital admissions,2025-12-28,3,SK,quantile,0.65,8.377174854278564
2025-12-17,hospital admissions,2026-01-04,4,SK,quantile,0.65,11.816739559173586
2025-12-17,hospital admissions,2025-12-14,1,SK,quantile,0.7,9.198593139648438
2025-12-17,hospital admissions,2025-12-21,2,SK,quantile,0.7,8.832547187805176
2025-12-17,hospital admissions,2025-12-28,3,SK,quantile,0.7,9.177618980407715
2025-12-17,hospital admissions,2026-01-04,4,SK,quantile,0.7,13.361330032348633
2025-12-17,hospital admissions,2025-12-14,1,SK,quantile,0.75,9.949732303619385
2025-12-17,hospital admissions,2025-12-21,2,SK,quantile,0.75,9.747911930084229
2025-12-17,hospital admissions,2025-12-28,3,SK,quantile,0.75,10.309556007385254
2025-12-17,hospital admissions,2026-01-04,4,SK,quantile,0.75,16.154308319091797
2025-12-17,hospital admissions,2025-12-14,1,SK,quantile,0.8,10.700871467590332
2025-12-17,hospital admissions,2025-12-21,2,SK,quantile,0.8,10.663276672363281
2025-12-17,hospital admissions,2025-12-28,3,SK,quantile,0.8,11.441493034362793
2025-12-17,hospital admissions,2026-01-04,4,SK,quantile,0.8,18.94728660583496
2025-12-17,hospital admissions,2025-12-14,1,SK,quantile,0.85,11.91940927505493
2025-12-17,hospital admissions,2025-12-21,2,SK,quantile,0.85,12.217926025390623
2025-12-17,hospital admissions,2025-12-28,3,SK,quantile,0.85,13.541444301605223
2025-12-17,hospital admissions,2026-01-04,4,SK,quantile,0.85,29.561877250671376
2025-12-17,hospital admissions,2025-12-14,1,SK,quantile,0.9,13.137947082519531
2025-12-17,hospital admissions,2025-12-21,2,SK,quantile,0.9,13.772575378417969
2025-12-17,hospital admissions,2025-12-28,3,SK,quantile,0.9,15.641395568847656
2025-12-17,hospital admissions,2026-01-04,4,SK,quantile,0.9,33.06375763896342
2025-12-17,hospital admissions,2025-12-14,1,SK,quantile,0.95,13.633092004944881
2025-12-17,hospital admissions,2025-12-21,2,SK,quantile,0.95,14.239970389756511
2025-12-17,hospital admissions,2025-12-28,3,SK,quantile,0.95,15.869356943593846
2025-12-17,hospital admissions,2026-01-04,4,SK,quantile,0.95,37.168807668316404
2025-12-17,hospital admissions,2025-12-14,1,SK,quantile,0.975,14.784099984956612
2025-12-17,hospital admissions,2025-12-21,2,SK,quantile,0.975,15.628356032246451
2025-12-17,hospital admissions,2025-12-28,3,SK,quantile,0.975,17.55177070655831
2025-12-17,hospital admissions,2026-01-04,4,SK,quantile,0.975,40.17646789550781
2025-12-17,hospital admissions,2025-12-14,1,SK,quantile,0.99,16.122395507167724
2025-12-17,hospital admissions,2025-12-21,2,SK,quantile,0.99,17.24265438700464
2025-12-17,hospital admissions,2025-12-28,3,SK,quantile,0.99,19.507940294069552
2025-12-17,hospital admissions,2026-01-04,4,SK,quantile,0.99,41.941815473770276
