target,location,origin_date,target_end_date,output_type_id,horizon,output_type,value
hospital admissions,CZ,2025-12-03,2025-11-30,0.01,1,quantile,10.6183126492655
hospital admissions,CZ,2025-12-03,2025-11-30,0.025,1,quantile,14.9029284814684
hospital admissions,CZ,2025-12-03,2025-11-30,0.05,1,quantile,20.7982930820699
hospital admissions,CZ,2025-12-03,2025-11-30,0.1,1,quantile,24.518285837185
hospital admissions,CZ,2025-12-03,2025-11-30,0.15,1,quantile,28.3989997987779
hospital admissions,CZ,2025-12-03,2025-11-30,0.2,1,quantile,31.3722321734602
hospital admissions,CZ,2025-12-03,2025-11-30,0.25,1,quantile,34.3439756464817
hospital admissions,CZ,2025-12-03,2025-11-30,0.3,1,quantile,37.0042305344688
hospital admissions,CZ,2025-12-03,2025-11-30,0.35,1,quantile,40.137045265485
hospital admissions,CZ,2025-12-03,2025-11-30,0.4,1,quantile,42.7690516199026
hospital admissions,CZ,2025-12-03,2025-11-30,0.45,1,quantile,45.3922091888149
hospital admissions,CZ,2025-12-03,2025-11-30,0.5,1,quantile,47.5959194718832
hospital admissions,CZ,2025-12-03,2025-11-30,0.55,1,quantile,49.8413442910009
hospital admissions,CZ,2025-12-03,2025-11-30,0.6,1,quantile,52.1106375840355
hospital admissions,CZ,2025-12-03,2025-11-30,0.65,1,quantile,56.0808120235458
hospital admissions,CZ,2025-12-03,2025-11-30,0.7,1,quantile,60.3072587613959
hospital admissions,CZ,2025-12-03,2025-11-30,0.75,1,quantile,63.5572597101057
hospital admissions,CZ,2025-12-03,2025-11-30,0.8,1,quantile,67.9814705504527
hospital admissions,CZ,2025-12-03,2025-11-30,0.85,1,quantile,72.8956479329048
hospital admissions,CZ,2025-12-03,2025-11-30,0.9,1,quantile,81.2447842824514
hospital admissions,CZ,2025-12-03,2025-11-30,0.95,1,quantile,92.3606345974714
hospital admissions,CZ,2025-12-03,2025-11-30,0.975,1,quantile,101.44938110142
hospital admissions,CZ,2025-12-03,2025-11-30,0.99,1,quantile,115.262315194868
hospital admissions,CZ,2025-12-03,2025-12-07,0.01,2,quantile,11.1171076060706
hospital admissions,CZ,2025-12-03,2025-12-07,0.025,2,quantile,15.4164567770808
hospital admissions,CZ,2025-12-03,2025-12-07,0.05,2,quantile,19.1652853096033
hospital admissions,CZ,2025-12-03,2025-12-07,0.1,2,quantile,23.909679051361
hospital admissions,CZ,2025-12-03,2025-12-07,0.15,2,quantile,26.8101475881497
hospital admissions,CZ,2025-12-03,2025-12-07,0.2,2,quantile,30.3817248486891
hospital admissions,CZ,2025-12-03,2025-12-07,0.25,2,quantile,33.4044557203909
hospital admissions,CZ,2025-12-03,2025-12-07,0.3,2,quantile,36.0452230667644
hospital admissions,CZ,2025-12-03,2025-12-07,0.35,2,quantile,39.0536405160989
hospital admissions,CZ,2025-12-03,2025-12-07,0.4,2,quantile,42.0028145439939
hospital admissions,CZ,2025-12-03,2025-12-07,0.45,2,quantile,44.610353208288
hospital admissions,CZ,2025-12-03,2025-12-07,0.5,2,quantile,48.741291048599
hospital admissions,CZ,2025-12-03,2025-12-07,0.55,2,quantile,51.9754697904429
hospital admissions,CZ,2025-12-03,2025-12-07,0.6,2,quantile,55.279952061379
hospital admissions,CZ,2025-12-03,2025-12-07,0.65,2,quantile,59.9567487019981
hospital admissions,CZ,2025-12-03,2025-12-07,0.7,2,quantile,64.4896603670462
hospital admissions,CZ,2025-12-03,2025-12-07,0.75,2,quantile,69.5371507801158
hospital admissions,CZ,2025-12-03,2025-12-07,0.8,2,quantile,76.8367452187324
hospital admissions,CZ,2025-12-03,2025-12-07,0.85,2,quantile,84.2275263231619
hospital admissions,CZ,2025-12-03,2025-12-07,0.9,2,quantile,95.3461326268882
hospital admissions,CZ,2025-12-03,2025-12-07,0.95,2,quantile,109.302824114242
hospital admissions,CZ,2025-12-03,2025-12-07,0.975,2,quantile,121.357306536034
hospital admissions,CZ,2025-12-03,2025-12-07,0.99,2,quantile,154.983094983166
hospital admissions,CZ,2025-12-03,2025-12-14,0.01,3,quantile,11.7112873070025
hospital admissions,CZ,2025-12-03,2025-12-14,0.025,3,quantile,14.7878742056533
hospital admissions,CZ,2025-12-03,2025-12-14,0.05,3,quantile,19.2348901603611
hospital admissions,CZ,2025-12-03,2025-12-14,0.1,3,quantile,24.5082875952853
hospital admissions,CZ,2025-12-03,2025-12-14,0.15,3,quantile,27.9056597964239
hospital admissions,CZ,2025-12-03,2025-12-14,0.2,3,quantile,31.2752888442436
hospital admissions,CZ,2025-12-03,2025-12-14,0.25,3,quantile,34.2944898878375
hospital admissions,CZ,2025-12-03,2025-12-14,0.3,3,quantile,37.16022817658
hospital admissions,CZ,2025-12-03,2025-12-14,0.35,3,quantile,40.4690145916264
hospital admissions,CZ,2025-12-03,2025-12-14,0.4,3,quantile,44.0817204085946
hospital admissions,CZ,2025-12-03,2025-12-14,0.45,3,quantile,47.1938095484708
hospital admissions,CZ,2025-12-03,2025-12-14,0.5,3,quantile,50.8890683397748
hospital admissions,CZ,2025-12-03,2025-12-14,0.55,3,quantile,55.2752643253858
hospital admissions,CZ,2025-12-03,2025-12-14,0.6,3,quantile,60.2193794963201
hospital admissions,CZ,2025-12-03,2025-12-14,0.65,3,quantile,64.6847780157809
hospital admissions,CZ,2025-12-03,2025-12-14,0.7,3,quantile,71.1326384338025
hospital admissions,CZ,2025-12-03,2025-12-14,0.75,3,quantile,78.5895120758607
hospital admissions,CZ,2025-12-03,2025-12-14,0.8,3,quantile,87.3909253124209
hospital admissions,CZ,2025-12-03,2025-12-14,0.85,3,quantile,97.3124486708546
hospital admissions,CZ,2025-12-03,2025-12-14,0.9,3,quantile,110.127769154874
hospital admissions,CZ,2025-12-03,2025-12-14,0.95,3,quantile,139.235569270432
hospital admissions,CZ,2025-12-03,2025-12-14,0.975,3,quantile,160.188697465273
hospital admissions,CZ,2025-12-03,2025-12-14,0.99,3,quantile,204.723438843199
hospital admissions,CZ,2025-12-03,2025-12-21,0.01,4,quantile,11.3156986992188
hospital admissions,CZ,2025-12-03,2025-12-21,0.025,4,quantile,14.459748632964
hospital admissions,CZ,2025-12-03,2025-12-21,0.05,4,quantile,17.2870740027605
hospital admissions,CZ,2025-12-03,2025-12-21,0.1,4,quantile,22.7977464960001
hospital admissions,CZ,2025-12-03,2025-12-21,0.15,4,quantile,26.8453684254442
hospital admissions,CZ,2025-12-03,2025-12-21,0.2,4,quantile,30.5637660224735
hospital admissions,CZ,2025-12-03,2025-12-21,0.25,4,quantile,34.4140556565528
hospital admissions,CZ,2025-12-03,2025-12-21,0.3,4,quantile,37.4119924275083
hospital admissions,CZ,2025-12-03,2025-12-21,0.35,4,quantile,40.6940698843101
hospital admissions,CZ,2025-12-03,2025-12-21,0.4,4,quantile,45.0598631823805
hospital admissions,CZ,2025-12-03,2025-12-21,0.45,4,quantile,49.6855659380294
hospital admissions,CZ,2025-12-03,2025-12-21,0.5,4,quantile,53.8629069061752
hospital admissions,CZ,2025-12-03,2025-12-21,0.55,4,quantile,58.5851791237152
hospital admissions,CZ,2025-12-03,2025-12-21,0.6,4,quantile,64.1196627636239
hospital admissions,CZ,2025-12-03,2025-12-21,0.65,4,quantile,69.4135163403401
hospital admissions,CZ,2025-12-03,2025-12-21,0.7,4,quantile,74.9253587978208
hospital admissions,CZ,2025-12-03,2025-12-21,0.75,4,quantile,83.3088691633246
hospital admissions,CZ,2025-12-03,2025-12-21,0.8,4,quantile,94.9066518845847
hospital admissions,CZ,2025-12-03,2025-12-21,0.85,4,quantile,113.907402138601
hospital admissions,CZ,2025-12-03,2025-12-21,0.9,4,quantile,130.511871365221
hospital admissions,CZ,2025-12-03,2025-12-21,0.95,4,quantile,156.22254983663
hospital admissions,CZ,2025-12-03,2025-12-21,0.975,4,quantile,202.476954008613
hospital admissions,CZ,2025-12-03,2025-12-21,0.99,4,quantile,251.050076631482
hospital admissions,CZ,2025-12-03,2025-11-30,,1,median,47.5959194718832
hospital admissions,CZ,2025-12-03,2025-12-07,,2,median,48.741291048599
hospital admissions,CZ,2025-12-03,2025-12-14,,3,median,50.8890683397748
hospital admissions,CZ,2025-12-03,2025-12-21,,4,median,53.8629069061752
hospital admissions,EE,2025-12-03,2025-11-30,0.01,1,quantile,0.200243215828002
hospital admissions,EE,2025-12-03,2025-11-30,0.025,1,quantile,0.203097258614655
hospital admissions,EE,2025-12-03,2025-11-30,0.05,1,quantile,0.415217231913949
hospital admissions,EE,2025-12-03,2025-11-30,0.1,1,quantile,1.06456177131989
hospital admissions,EE,2025-12-03,2025-11-30,0.15,1,quantile,1.65270029465178
hospital admissions,EE,2025-12-03,2025-11-30,0.2,1,quantile,2.32123730268548
hospital admissions,EE,2025-12-03,2025-11-30,0.25,1,quantile,3.16271588313813
hospital admissions,EE,2025-12-03,2025-11-30,0.3,1,quantile,3.88956214142084
hospital admissions,EE,2025-12-03,2025-11-30,0.35,1,quantile,4.4942571500482
hospital admissions,EE,2025-12-03,2025-11-30,0.4,1,quantile,5.01034776407749
hospital admissions,EE,2025-12-03,2025-11-30,0.45,1,quantile,5.78171510254359
hospital admissions,EE,2025-12-03,2025-11-30,0.5,1,quantile,6.66127711916316
hospital admissions,EE,2025-12-03,2025-11-30,0.55,1,quantile,7.44797215395491
hospital admissions,EE,2025-12-03,2025-11-30,0.6,1,quantile,8.419586320244
hospital admissions,EE,2025-12-03,2025-11-30,0.65,1,quantile,9.38429666479546
hospital admissions,EE,2025-12-03,2025-11-30,0.7,1,quantile,10.3516015753032
hospital admissions,EE,2025-12-03,2025-11-30,0.75,1,quantile,11.4100012187931
hospital admissions,EE,2025-12-03,2025-11-30,0.8,1,quantile,12.8668273484169
hospital admissions,EE,2025-12-03,2025-11-30,0.85,1,quantile,14.5730851280624
hospital admissions,EE,2025-12-03,2025-11-30,0.9,1,quantile,17.1911235756135
hospital admissions,EE,2025-12-03,2025-11-30,0.95,1,quantile,21.7742060210188
hospital admissions,EE,2025-12-03,2025-11-30,0.975,1,quantile,25.9546217237953
hospital admissions,EE,2025-12-03,2025-11-30,0.99,1,quantile,32.0369047751139
hospital admissions,EE,2025-12-03,2025-12-07,0.01,2,quantile,0.309703277636807
hospital admissions,EE,2025-12-03,2025-12-07,0.025,2,quantile,0.542620547168914
hospital admissions,EE,2025-12-03,2025-12-07,0.05,2,quantile,0.860399486760638
hospital admissions,EE,2025-12-03,2025-12-07,0.1,2,quantile,1.4691569258428
hospital admissions,EE,2025-12-03,2025-12-07,0.15,2,quantile,2.07762992472789
hospital admissions,EE,2025-12-03,2025-12-07,0.2,2,quantile,2.66981118210288
hospital admissions,EE,2025-12-03,2025-12-07,0.25,2,quantile,3.27097293081547
hospital admissions,EE,2025-12-03,2025-12-07,0.3,2,quantile,3.98110911589296
hospital admissions,EE,2025-12-03,2025-12-07,0.35,2,quantile,4.62984885456825
hospital admissions,EE,2025-12-03,2025-12-07,0.4,2,quantile,5.36084278304112
hospital admissions,EE,2025-12-03,2025-12-07,0.45,2,quantile,6.01758886416187
hospital admissions,EE,2025-12-03,2025-12-07,0.5,2,quantile,7.02481548711014
hospital admissions,EE,2025-12-03,2025-12-07,0.55,2,quantile,8.04795497540019
hospital admissions,EE,2025-12-03,2025-12-07,0.6,2,quantile,9.32707489693945
hospital admissions,EE,2025-12-03,2025-12-07,0.65,2,quantile,10.488045596789
hospital admissions,EE,2025-12-03,2025-12-07,0.7,2,quantile,11.9366710397172
hospital admissions,EE,2025-12-03,2025-12-07,0.75,2,quantile,13.8037469281975
hospital admissions,EE,2025-12-03,2025-12-07,0.8,2,quantile,16.0355930139278
hospital admissions,EE,2025-12-03,2025-12-07,0.85,2,quantile,18.4509272733803
hospital admissions,EE,2025-12-03,2025-12-07,0.9,2,quantile,22.2234872674969
hospital admissions,EE,2025-12-03,2025-12-07,0.95,2,quantile,29.801674674794
hospital admissions,EE,2025-12-03,2025-12-07,0.975,2,quantile,35.782634955935
hospital admissions,EE,2025-12-03,2025-12-07,0.99,2,quantile,42.1216287982415
hospital admissions,EE,2025-12-03,2025-12-14,0.01,3,quantile,0.46409166680773
hospital admissions,EE,2025-12-03,2025-12-14,0.025,3,quantile,0.598480258970103
hospital admissions,EE,2025-12-03,2025-12-14,0.05,3,quantile,0.912926548721109
hospital admissions,EE,2025-12-03,2025-12-14,0.1,3,quantile,1.4778476038604
hospital admissions,EE,2025-12-03,2025-12-14,0.15,3,quantile,2.06036467336206
hospital admissions,EE,2025-12-03,2025-12-14,0.2,3,quantile,2.74618724080119
hospital admissions,EE,2025-12-03,2025-12-14,0.25,3,quantile,3.38093162050428
hospital admissions,EE,2025-12-03,2025-12-14,0.3,3,quantile,4.00202919861678
hospital admissions,EE,2025-12-03,2025-12-14,0.35,3,quantile,4.72643092432904
hospital admissions,EE,2025-12-03,2025-12-14,0.4,3,quantile,5.65790731173434
hospital admissions,EE,2025-12-03,2025-12-14,0.45,3,quantile,6.70824673127484
hospital admissions,EE,2025-12-03,2025-12-14,0.5,3,quantile,7.52129063638306
hospital admissions,EE,2025-12-03,2025-12-14,0.55,3,quantile,8.59586934152811
hospital admissions,EE,2025-12-03,2025-12-14,0.6,3,quantile,9.94339182254087
hospital admissions,EE,2025-12-03,2025-12-14,0.65,3,quantile,11.4970782792665
hospital admissions,EE,2025-12-03,2025-12-14,0.7,3,quantile,13.0835664707334
hospital admissions,EE,2025-12-03,2025-12-14,0.75,3,quantile,15.7913250693944
hospital admissions,EE,2025-12-03,2025-12-14,0.8,3,quantile,18.9975413602797
hospital admissions,EE,2025-12-03,2025-12-14,0.85,3,quantile,22.5588201760749
hospital admissions,EE,2025-12-03,2025-12-14,0.9,3,quantile,27.9468475121721
hospital admissions,EE,2025-12-03,2025-12-14,0.95,3,quantile,35.1469146790185
hospital admissions,EE,2025-12-03,2025-12-14,0.975,3,quantile,47.0596303162172
hospital admissions,EE,2025-12-03,2025-12-14,0.99,3,quantile,64.2841051513794
hospital admissions,EE,2025-12-03,2025-12-21,0.01,4,quantile,0.149487274663763
hospital admissions,EE,2025-12-03,2025-12-21,0.025,4,quantile,0.274420381440067
hospital admissions,EE,2025-12-03,2025-12-21,0.05,4,quantile,0.76097124157667
hospital admissions,EE,2025-12-03,2025-12-21,0.1,4,quantile,1.37771877379404
hospital admissions,EE,2025-12-03,2025-12-21,0.15,4,quantile,1.91818757974468
hospital admissions,EE,2025-12-03,2025-12-21,0.2,4,quantile,2.61944664628271
hospital admissions,EE,2025-12-03,2025-12-21,0.25,4,quantile,3.41450813128435
hospital admissions,EE,2025-12-03,2025-12-21,0.3,4,quantile,4.27629265491053
hospital admissions,EE,2025-12-03,2025-12-21,0.35,4,quantile,5.12179039991768
hospital admissions,EE,2025-12-03,2025-12-21,0.4,4,quantile,5.94248025354187
hospital admissions,EE,2025-12-03,2025-12-21,0.45,4,quantile,7.12684361613879
hospital admissions,EE,2025-12-03,2025-12-21,0.5,4,quantile,8.14550894861608
hospital admissions,EE,2025-12-03,2025-12-21,0.55,4,quantile,9.49772737622873
hospital admissions,EE,2025-12-03,2025-12-21,0.6,4,quantile,10.9351951747587
hospital admissions,EE,2025-12-03,2025-12-21,0.65,4,quantile,12.5471871775134
hospital admissions,EE,2025-12-03,2025-12-21,0.7,4,quantile,14.78918633181
hospital admissions,EE,2025-12-03,2025-12-21,0.75,4,quantile,17.7046278099341
hospital admissions,EE,2025-12-03,2025-12-21,0.8,4,quantile,21.4086273478192
hospital admissions,EE,2025-12-03,2025-12-21,0.85,4,quantile,25.960793390199
hospital admissions,EE,2025-12-03,2025-12-21,0.9,4,quantile,32.2438614784512
hospital admissions,EE,2025-12-03,2025-12-21,0.95,4,quantile,46.8096250233004
hospital admissions,EE,2025-12-03,2025-12-21,0.975,4,quantile,61.7004248065633
hospital admissions,EE,2025-12-03,2025-12-21,0.99,4,quantile,85.1507822613876
hospital admissions,EE,2025-12-03,2025-11-30,,1,median,6.66127711916316
hospital admissions,EE,2025-12-03,2025-12-07,,2,median,7.02481548711014
hospital admissions,EE,2025-12-03,2025-12-14,,3,median,7.52129063638306
hospital admissions,EE,2025-12-03,2025-12-21,,4,median,8.14550894861608
hospital admissions,IE,2025-12-03,2025-11-30,0.01,1,quantile,4.17160093406366
hospital admissions,IE,2025-12-03,2025-11-30,0.025,1,quantile,7.2175960459056
hospital admissions,IE,2025-12-03,2025-11-30,0.05,1,quantile,11.3901063384654
hospital admissions,IE,2025-12-03,2025-11-30,0.1,1,quantile,17.073997952016
hospital admissions,IE,2025-12-03,2025-11-30,0.15,1,quantile,20.172116222389
hospital admissions,IE,2025-12-03,2025-11-30,0.2,1,quantile,22.4670347896148
hospital admissions,IE,2025-12-03,2025-11-30,0.25,1,quantile,24.8580658727222
hospital admissions,IE,2025-12-03,2025-11-30,0.3,1,quantile,27.5708036066549
hospital admissions,IE,2025-12-03,2025-11-30,0.35,1,quantile,29.9512703658518
hospital admissions,IE,2025-12-03,2025-11-30,0.4,1,quantile,31.9313918268738
hospital admissions,IE,2025-12-03,2025-11-30,0.45,1,quantile,34.0273667586843
hospital admissions,IE,2025-12-03,2025-11-30,0.5,1,quantile,36.3284018767653
hospital admissions,IE,2025-12-03,2025-11-30,0.55,1,quantile,38.7933990244352
hospital admissions,IE,2025-12-03,2025-11-30,0.6,1,quantile,40.3805385813851
hospital admissions,IE,2025-12-03,2025-11-30,0.65,1,quantile,44.023638626004
hospital admissions,IE,2025-12-03,2025-11-30,0.7,1,quantile,46.8022439038343
hospital admissions,IE,2025-12-03,2025-11-30,0.75,1,quantile,49.9081263077511
hospital admissions,IE,2025-12-03,2025-11-30,0.8,1,quantile,52.9893928549797
hospital admissions,IE,2025-12-03,2025-11-30,0.85,1,quantile,57.33418265217
hospital admissions,IE,2025-12-03,2025-11-30,0.9,1,quantile,63.6178330164087
hospital admissions,IE,2025-12-03,2025-11-30,0.95,1,quantile,74.3226404205662
hospital admissions,IE,2025-12-03,2025-11-30,0.975,1,quantile,85.7686229745594
hospital admissions,IE,2025-12-03,2025-11-30,0.99,1,quantile,98.6826346069967
hospital admissions,IE,2025-12-03,2025-12-07,0.01,2,quantile,3.49264162658907
hospital admissions,IE,2025-12-03,2025-12-07,0.025,2,quantile,6.38099981159715
hospital admissions,IE,2025-12-03,2025-12-07,0.05,2,quantile,9.78259658896456
hospital admissions,IE,2025-12-03,2025-12-07,0.1,2,quantile,14.4940029366014
hospital admissions,IE,2025-12-03,2025-12-07,0.15,2,quantile,18.6793846372735
hospital admissions,IE,2025-12-03,2025-12-07,0.2,2,quantile,21.5373936621673
hospital admissions,IE,2025-12-03,2025-12-07,0.25,2,quantile,24.0149838125487
hospital admissions,IE,2025-12-03,2025-12-07,0.3,2,quantile,26.6380638437831
hospital admissions,IE,2025-12-03,2025-12-07,0.35,2,quantile,29.341128931832
hospital admissions,IE,2025-12-03,2025-12-07,0.4,2,quantile,32.0401092037771
hospital admissions,IE,2025-12-03,2025-12-07,0.45,2,quantile,34.8336908199197
hospital admissions,IE,2025-12-03,2025-12-07,0.5,2,quantile,37.9379015413368
hospital admissions,IE,2025-12-03,2025-12-07,0.55,2,quantile,40.9299743201213
hospital admissions,IE,2025-12-03,2025-12-07,0.6,2,quantile,44.3494257548261
hospital admissions,IE,2025-12-03,2025-12-07,0.65,2,quantile,47.6150487838909
hospital admissions,IE,2025-12-03,2025-12-07,0.7,2,quantile,52.0373748510791
hospital admissions,IE,2025-12-03,2025-12-07,0.75,2,quantile,56.39611446866
hospital admissions,IE,2025-12-03,2025-12-07,0.8,2,quantile,60.8659297690364
hospital admissions,IE,2025-12-03,2025-12-07,0.85,2,quantile,66.6348136432342
hospital admissions,IE,2025-12-03,2025-12-07,0.9,2,quantile,78.6469746777867
hospital admissions,IE,2025-12-03,2025-12-07,0.95,2,quantile,94.7875581380813
hospital admissions,IE,2025-12-03,2025-12-07,0.975,2,quantile,107.841886794933
hospital admissions,IE,2025-12-03,2025-12-07,0.99,2,quantile,132.547523826917
hospital admissions,IE,2025-12-03,2025-12-14,0.01,3,quantile,3.01325272037895
hospital admissions,IE,2025-12-03,2025-12-14,0.025,3,quantile,7.48542922374488
hospital admissions,IE,2025-12-03,2025-12-14,0.05,3,quantile,10.0561566880051
hospital admissions,IE,2025-12-03,2025-12-14,0.1,3,quantile,15.755360425945
hospital admissions,IE,2025-12-03,2025-12-14,0.15,3,quantile,18.4874815422287
hospital admissions,IE,2025-12-03,2025-12-14,0.2,3,quantile,21.548049597407
hospital admissions,IE,2025-12-03,2025-12-14,0.25,3,quantile,24.8882060901413
hospital admissions,IE,2025-12-03,2025-12-14,0.3,3,quantile,27.9898916435057
hospital admissions,IE,2025-12-03,2025-12-14,0.35,3,quantile,31.0164191371313
hospital admissions,IE,2025-12-03,2025-12-14,0.4,3,quantile,34.013261153058
hospital admissions,IE,2025-12-03,2025-12-14,0.45,3,quantile,37.0256323896775
hospital admissions,IE,2025-12-03,2025-12-14,0.5,3,quantile,40.4145494937973
hospital admissions,IE,2025-12-03,2025-12-14,0.55,3,quantile,44.0797141105735
hospital admissions,IE,2025-12-03,2025-12-14,0.6,3,quantile,48.1588835362677
hospital admissions,IE,2025-12-03,2025-12-14,0.65,3,quantile,52.432882923227
hospital admissions,IE,2025-12-03,2025-12-14,0.7,3,quantile,58.2203925641461
hospital admissions,IE,2025-12-03,2025-12-14,0.75,3,quantile,65.2072825352314
hospital admissions,IE,2025-12-03,2025-12-14,0.8,3,quantile,71.3901381852994
hospital admissions,IE,2025-12-03,2025-12-14,0.85,3,quantile,81.5509421191874
hospital admissions,IE,2025-12-03,2025-12-14,0.9,3,quantile,95.0979384863965
hospital admissions,IE,2025-12-03,2025-12-14,0.95,3,quantile,120.688083079519
hospital admissions,IE,2025-12-03,2025-12-14,0.975,3,quantile,147.966494927552
hospital admissions,IE,2025-12-03,2025-12-14,0.99,3,quantile,179.157116361766
hospital admissions,IE,2025-12-03,2025-12-21,0.01,4,quantile,2.90355692890144
hospital admissions,IE,2025-12-03,2025-12-21,0.025,4,quantile,5.90549765345271
hospital admissions,IE,2025-12-03,2025-12-21,0.05,4,quantile,9.24347494757971
hospital admissions,IE,2025-12-03,2025-12-21,0.1,4,quantile,13.708207671055
hospital admissions,IE,2025-12-03,2025-12-21,0.15,4,quantile,17.6392471941501
hospital admissions,IE,2025-12-03,2025-12-21,0.2,4,quantile,20.5881579483799
hospital admissions,IE,2025-12-03,2025-12-21,0.25,4,quantile,24.7378887209178
hospital admissions,IE,2025-12-03,2025-12-21,0.3,4,quantile,28.0544401329571
hospital admissions,IE,2025-12-03,2025-12-21,0.35,4,quantile,31.461072766957
hospital admissions,IE,2025-12-03,2025-12-21,0.4,4,quantile,35.544617186
hospital admissions,IE,2025-12-03,2025-12-21,0.45,4,quantile,40.4673023683216
hospital admissions,IE,2025-12-03,2025-12-21,0.5,4,quantile,43.663660667467
hospital admissions,IE,2025-12-03,2025-12-21,0.55,4,quantile,48.7605755385288
hospital admissions,IE,2025-12-03,2025-12-21,0.6,4,quantile,52.0275138921701
hospital admissions,IE,2025-12-03,2025-12-21,0.65,4,quantile,58.1326664291853
hospital admissions,IE,2025-12-03,2025-12-21,0.7,4,quantile,65.6627498181534
hospital admissions,IE,2025-12-03,2025-12-21,0.75,4,quantile,74.5577198614332
hospital admissions,IE,2025-12-03,2025-12-21,0.8,4,quantile,82.4359266156403
hospital admissions,IE,2025-12-03,2025-12-21,0.85,4,quantile,98.8094375017053
hospital admissions,IE,2025-12-03,2025-12-21,0.9,4,quantile,118.168236474319
hospital admissions,IE,2025-12-03,2025-12-21,0.95,4,quantile,156.035709276857
hospital admissions,IE,2025-12-03,2025-12-21,0.975,4,quantile,187.754176095255
hospital admissions,IE,2025-12-03,2025-12-21,0.99,4,quantile,232.534163775842
hospital admissions,IE,2025-12-03,2025-11-30,,1,median,36.3284018767653
hospital admissions,IE,2025-12-03,2025-12-07,,2,median,37.9379015413368
hospital admissions,IE,2025-12-03,2025-12-14,,3,median,40.4145494937973
hospital admissions,IE,2025-12-03,2025-12-21,,4,median,43.663660667467
hospital admissions,LT,2025-12-03,2025-11-30,0.01,1,quantile,2.42063910809044
hospital admissions,LT,2025-12-03,2025-11-30,0.025,1,quantile,3.98315741297454
hospital admissions,LT,2025-12-03,2025-11-30,0.05,1,quantile,6.62274599699393
hospital admissions,LT,2025-12-03,2025-11-30,0.1,1,quantile,11.1733133648823
hospital admissions,LT,2025-12-03,2025-11-30,0.15,1,quantile,15.2173059028897
hospital admissions,LT,2025-12-03,2025-11-30,0.2,1,quantile,19.5521258302149
hospital admissions,LT,2025-12-03,2025-11-30,0.25,1,quantile,23.7799199722084
hospital admissions,LT,2025-12-03,2025-11-30,0.3,1,quantile,27.3733635178754
hospital admissions,LT,2025-12-03,2025-11-30,0.35,1,quantile,30.5727482439147
hospital admissions,LT,2025-12-03,2025-11-30,0.4,1,quantile,36.4676707999872
hospital admissions,LT,2025-12-03,2025-11-30,0.45,1,quantile,42.1727763603468
hospital admissions,LT,2025-12-03,2025-11-30,0.5,1,quantile,48.9835123224933
hospital admissions,LT,2025-12-03,2025-11-30,0.55,1,quantile,54.0232504821579
hospital admissions,LT,2025-12-03,2025-11-30,0.6,1,quantile,61.1810668770574
hospital admissions,LT,2025-12-03,2025-11-30,0.65,1,quantile,67.7387590287563
hospital admissions,LT,2025-12-03,2025-11-30,0.7,1,quantile,76.9765854715708
hospital admissions,LT,2025-12-03,2025-11-30,0.75,1,quantile,87.9879229042067
hospital admissions,LT,2025-12-03,2025-11-30,0.8,1,quantile,100.32663554528
hospital admissions,LT,2025-12-03,2025-11-30,0.85,1,quantile,112.154670482363
hospital admissions,LT,2025-12-03,2025-11-30,0.9,1,quantile,134.177404467316
hospital admissions,LT,2025-12-03,2025-11-30,0.95,1,quantile,165.548477457843
hospital admissions,LT,2025-12-03,2025-11-30,0.975,1,quantile,188.280686921223
hospital admissions,LT,2025-12-03,2025-11-30,0.99,1,quantile,219.317718433638
hospital admissions,LT,2025-12-03,2025-12-07,0.01,2,quantile,0
hospital admissions,LT,2025-12-03,2025-12-07,0.025,2,quantile,1.91224356845622
hospital admissions,LT,2025-12-03,2025-12-07,0.05,2,quantile,6.02943837464181
hospital admissions,LT,2025-12-03,2025-12-07,0.1,2,quantile,10.7246570158809
hospital admissions,LT,2025-12-03,2025-12-07,0.15,2,quantile,14.2550620547629
hospital admissions,LT,2025-12-03,2025-12-07,0.2,2,quantile,19.0806788876831
hospital admissions,LT,2025-12-03,2025-12-07,0.25,2,quantile,24.8174814672748
hospital admissions,LT,2025-12-03,2025-12-07,0.3,2,quantile,32.0667615024348
hospital admissions,LT,2025-12-03,2025-12-07,0.35,2,quantile,37.4097424474009
hospital admissions,LT,2025-12-03,2025-12-07,0.4,2,quantile,42.5310126625048
hospital admissions,LT,2025-12-03,2025-12-07,0.45,2,quantile,48.350909040927
hospital admissions,LT,2025-12-03,2025-12-07,0.5,2,quantile,55.197602218419
hospital admissions,LT,2025-12-03,2025-12-07,0.55,2,quantile,62.4898542497313
hospital admissions,LT,2025-12-03,2025-12-07,0.6,2,quantile,70.1166234970607
hospital admissions,LT,2025-12-03,2025-12-07,0.65,2,quantile,78.4517965052784
hospital admissions,LT,2025-12-03,2025-12-07,0.7,2,quantile,90.7222872985957
hospital admissions,LT,2025-12-03,2025-12-07,0.75,2,quantile,105.448620618838
hospital admissions,LT,2025-12-03,2025-12-07,0.8,2,quantile,121.948634406713
hospital admissions,LT,2025-12-03,2025-12-07,0.85,2,quantile,146.452607054132
hospital admissions,LT,2025-12-03,2025-12-07,0.9,2,quantile,173.938947162207
hospital admissions,LT,2025-12-03,2025-12-07,0.95,2,quantile,227.166628455189
hospital admissions,LT,2025-12-03,2025-12-07,0.975,2,quantile,266.710830056754
hospital admissions,LT,2025-12-03,2025-12-07,0.99,2,quantile,302.866146642501
hospital admissions,LT,2025-12-03,2025-12-14,0.01,3,quantile,0
hospital admissions,LT,2025-12-03,2025-12-14,0.025,3,quantile,0
hospital admissions,LT,2025-12-03,2025-12-14,0.05,3,quantile,3.1507928829182
hospital admissions,LT,2025-12-03,2025-12-14,0.1,3,quantile,10.2289377192347
hospital admissions,LT,2025-12-03,2025-12-14,0.15,3,quantile,15.8567135226078
hospital admissions,LT,2025-12-03,2025-12-14,0.2,3,quantile,20.9743449991283
hospital admissions,LT,2025-12-03,2025-12-14,0.25,3,quantile,26.5504717153688
hospital admissions,LT,2025-12-03,2025-12-14,0.3,3,quantile,33.2205294509796
hospital admissions,LT,2025-12-03,2025-12-14,0.35,3,quantile,38.1046044882536
hospital admissions,LT,2025-12-03,2025-12-14,0.4,3,quantile,45.8429887864325
hospital admissions,LT,2025-12-03,2025-12-14,0.45,3,quantile,54.7763392055688
hospital admissions,LT,2025-12-03,2025-12-14,0.5,3,quantile,62.5765548592203
hospital admissions,LT,2025-12-03,2025-12-14,0.55,3,quantile,70.5939808629205
hospital admissions,LT,2025-12-03,2025-12-14,0.6,3,quantile,81.5261105249475
hospital admissions,LT,2025-12-03,2025-12-14,0.65,3,quantile,92.3917879245723
hospital admissions,LT,2025-12-03,2025-12-14,0.7,3,quantile,104.650342450579
hospital admissions,LT,2025-12-03,2025-12-14,0.75,3,quantile,120.446017513825
hospital admissions,LT,2025-12-03,2025-12-14,0.8,3,quantile,144.620979125533
hospital admissions,LT,2025-12-03,2025-12-14,0.85,3,quantile,172.893608841096
hospital admissions,LT,2025-12-03,2025-12-14,0.9,3,quantile,217.378037925152
hospital admissions,LT,2025-12-03,2025-12-14,0.95,3,quantile,278.956228633361
hospital admissions,LT,2025-12-03,2025-12-14,0.975,3,quantile,369.827505009664
hospital admissions,LT,2025-12-03,2025-12-14,0.99,3,quantile,495.190459604919
hospital admissions,LT,2025-12-03,2025-12-21,0.01,4,quantile,0
hospital admissions,LT,2025-12-03,2025-12-21,0.025,4,quantile,0
hospital admissions,LT,2025-12-03,2025-12-21,0.05,4,quantile,3.31983156276741
hospital admissions,LT,2025-12-03,2025-12-21,0.1,4,quantile,10.8980343470399
hospital admissions,LT,2025-12-03,2025-12-21,0.15,4,quantile,16.5964342115735
hospital admissions,LT,2025-12-03,2025-12-21,0.2,4,quantile,23.142497740296
hospital admissions,LT,2025-12-03,2025-12-21,0.25,4,quantile,29.3187787349747
hospital admissions,LT,2025-12-03,2025-12-21,0.3,4,quantile,37.0279283247239
hospital admissions,LT,2025-12-03,2025-12-21,0.35,4,quantile,46.1760823241112
hospital admissions,LT,2025-12-03,2025-12-21,0.4,4,quantile,53.9678794955985
hospital admissions,LT,2025-12-03,2025-12-21,0.45,4,quantile,62.5323414658823
hospital admissions,LT,2025-12-03,2025-12-21,0.5,4,quantile,71.2225146777862
hospital admissions,LT,2025-12-03,2025-12-21,0.55,4,quantile,83.3437811151908
hospital admissions,LT,2025-12-03,2025-12-21,0.6,4,quantile,95.4368618337442
hospital admissions,LT,2025-12-03,2025-12-21,0.65,4,quantile,111.21922116566
hospital admissions,LT,2025-12-03,2025-12-21,0.7,4,quantile,125.425230706227
hospital admissions,LT,2025-12-03,2025-12-21,0.75,4,quantile,149.964222336265
hospital admissions,LT,2025-12-03,2025-12-21,0.8,4,quantile,180.733329689286
hospital admissions,LT,2025-12-03,2025-12-21,0.85,4,quantile,222.117849733694
hospital admissions,LT,2025-12-03,2025-12-21,0.9,4,quantile,264.75324473021
hospital admissions,LT,2025-12-03,2025-12-21,0.95,4,quantile,359.804191366933
hospital admissions,LT,2025-12-03,2025-12-21,0.975,4,quantile,478.383256766555
hospital admissions,LT,2025-12-03,2025-12-21,0.99,4,quantile,689.688372818225
hospital admissions,LT,2025-12-03,2025-11-30,,1,median,48.9835123224933
hospital admissions,LT,2025-12-03,2025-12-07,,2,median,55.197602218419
hospital admissions,LT,2025-12-03,2025-12-14,,3,median,62.5765548592203
hospital admissions,LT,2025-12-03,2025-12-21,,4,median,71.2225146777862
hospital admissions,LV,2025-12-03,2025-11-30,0.01,1,quantile,2.32261881074486
hospital admissions,LV,2025-12-03,2025-11-30,0.025,1,quantile,2.76571944972086
hospital admissions,LV,2025-12-03,2025-11-30,0.05,1,quantile,3.52873119883919
hospital admissions,LV,2025-12-03,2025-11-30,0.1,1,quantile,5.5830327473188
hospital admissions,LV,2025-12-03,2025-11-30,0.15,1,quantile,10.3981771650143
hospital admissions,LV,2025-12-03,2025-11-30,0.2,1,quantile,14.1618492916884
hospital admissions,LV,2025-12-03,2025-11-30,0.25,1,quantile,17.3057817458527
hospital admissions,LV,2025-12-03,2025-11-30,0.3,1,quantile,20.7134849065188
hospital admissions,LV,2025-12-03,2025-11-30,0.35,1,quantile,23.5285048768418
hospital admissions,LV,2025-12-03,2025-11-30,0.4,1,quantile,26.2476719801306
hospital admissions,LV,2025-12-03,2025-11-30,0.45,1,quantile,29.3261088746307
hospital admissions,LV,2025-12-03,2025-11-30,0.5,1,quantile,32.4304927994145
hospital admissions,LV,2025-12-03,2025-11-30,0.55,1,quantile,35.5156491012072
hospital admissions,LV,2025-12-03,2025-11-30,0.6,1,quantile,38.5614783571777
hospital admissions,LV,2025-12-03,2025-11-30,0.65,1,quantile,42.4096593391712
hospital admissions,LV,2025-12-03,2025-11-30,0.7,1,quantile,46.4720419045453
hospital admissions,LV,2025-12-03,2025-11-30,0.75,1,quantile,50.9345830378505
hospital admissions,LV,2025-12-03,2025-11-30,0.8,1,quantile,56.0003727816914
hospital admissions,LV,2025-12-03,2025-11-30,0.85,1,quantile,62.1531587551912
hospital admissions,LV,2025-12-03,2025-11-30,0.9,1,quantile,69.781908854839
hospital admissions,LV,2025-12-03,2025-11-30,0.95,1,quantile,81.5032846801752
hospital admissions,LV,2025-12-03,2025-11-30,0.975,1,quantile,90.34762972075
hospital admissions,LV,2025-12-03,2025-11-30,0.99,1,quantile,109.234115461197
hospital admissions,LV,2025-12-03,2025-12-07,0.01,2,quantile,4.0622776882911
hospital admissions,LV,2025-12-03,2025-12-07,0.025,2,quantile,4.70745097274169
hospital admissions,LV,2025-12-03,2025-12-07,0.05,2,quantile,6.00689496275898
hospital admissions,LV,2025-12-03,2025-12-07,0.1,2,quantile,8.43375381556937
hospital admissions,LV,2025-12-03,2025-12-07,0.15,2,quantile,11.6107834865373
hospital admissions,LV,2025-12-03,2025-12-07,0.2,2,quantile,14.327103358895
hospital admissions,LV,2025-12-03,2025-12-07,0.25,2,quantile,17.6001417976642
hospital admissions,LV,2025-12-03,2025-12-07,0.3,2,quantile,20.4027983302694
hospital admissions,LV,2025-12-03,2025-12-07,0.35,2,quantile,23.8528877154056
hospital admissions,LV,2025-12-03,2025-12-07,0.4,2,quantile,26.8898557948336
hospital admissions,LV,2025-12-03,2025-12-07,0.45,2,quantile,30.4517664344983
hospital admissions,LV,2025-12-03,2025-12-07,0.5,2,quantile,34.133873330844
hospital admissions,LV,2025-12-03,2025-12-07,0.55,2,quantile,38.4551739204595
hospital admissions,LV,2025-12-03,2025-12-07,0.6,2,quantile,42.4817399203004
hospital admissions,LV,2025-12-03,2025-12-07,0.65,2,quantile,46.5172483291435
hospital admissions,LV,2025-12-03,2025-12-07,0.7,2,quantile,52.3802461028321
hospital admissions,LV,2025-12-03,2025-12-07,0.75,2,quantile,58.6066449833594
hospital admissions,LV,2025-12-03,2025-12-07,0.8,2,quantile,63.3151090539236
hospital admissions,LV,2025-12-03,2025-12-07,0.85,2,quantile,70.1678981401043
hospital admissions,LV,2025-12-03,2025-12-07,0.9,2,quantile,81.0268577064854
hospital admissions,LV,2025-12-03,2025-12-07,0.95,2,quantile,100.678564193004
hospital admissions,LV,2025-12-03,2025-12-07,0.975,2,quantile,118.466329774244
hospital admissions,LV,2025-12-03,2025-12-07,0.99,2,quantile,133.712069979953
hospital admissions,LV,2025-12-03,2025-12-14,0.01,3,quantile,6.41482038792816
hospital admissions,LV,2025-12-03,2025-12-14,0.025,3,quantile,7.19418464251707
hospital admissions,LV,2025-12-03,2025-12-14,0.05,3,quantile,8.41211802378027
hospital admissions,LV,2025-12-03,2025-12-14,0.1,3,quantile,10.6825482149013
hospital admissions,LV,2025-12-03,2025-12-14,0.15,3,quantile,12.9612358996606
hospital admissions,LV,2025-12-03,2025-12-14,0.2,3,quantile,15.716057847721
hospital admissions,LV,2025-12-03,2025-12-14,0.25,3,quantile,18.6071730559894
hospital admissions,LV,2025-12-03,2025-12-14,0.3,3,quantile,22.2059340051415
hospital admissions,LV,2025-12-03,2025-12-14,0.35,3,quantile,25.1145650073755
hospital admissions,LV,2025-12-03,2025-12-14,0.4,3,quantile,28.5578327059377
hospital admissions,LV,2025-12-03,2025-12-14,0.45,3,quantile,32.1519123486536
hospital admissions,LV,2025-12-03,2025-12-14,0.5,3,quantile,36.0440485872056
hospital admissions,LV,2025-12-03,2025-12-14,0.55,3,quantile,40.6226246426698
hospital admissions,LV,2025-12-03,2025-12-14,0.6,3,quantile,45.5687882501625
hospital admissions,LV,2025-12-03,2025-12-14,0.65,3,quantile,50.2167574132616
hospital admissions,LV,2025-12-03,2025-12-14,0.7,3,quantile,56.6166064480352
hospital admissions,LV,2025-12-03,2025-12-14,0.75,3,quantile,63.2228948018265
hospital admissions,LV,2025-12-03,2025-12-14,0.8,3,quantile,71.6819447587228
hospital admissions,LV,2025-12-03,2025-12-14,0.85,3,quantile,81.7895356535226
hospital admissions,LV,2025-12-03,2025-12-14,0.9,3,quantile,98.8928804642933
hospital admissions,LV,2025-12-03,2025-12-14,0.95,3,quantile,122.748577819346
hospital admissions,LV,2025-12-03,2025-12-14,0.975,3,quantile,143.574012727431
hospital admissions,LV,2025-12-03,2025-12-14,0.99,3,quantile,162.710268562817
hospital admissions,LV,2025-12-03,2025-12-21,0.01,4,quantile,6.89255700808375
hospital admissions,LV,2025-12-03,2025-12-21,0.025,4,quantile,7.29851310816724
hospital admissions,LV,2025-12-03,2025-12-21,0.05,4,quantile,8.61954068734903
hospital admissions,LV,2025-12-03,2025-12-21,0.1,4,quantile,11.2984374219511
hospital admissions,LV,2025-12-03,2025-12-21,0.15,4,quantile,14.121395930999
hospital admissions,LV,2025-12-03,2025-12-21,0.2,4,quantile,16.0580145198513
hospital admissions,LV,2025-12-03,2025-12-21,0.25,4,quantile,18.6053968168941
hospital admissions,LV,2025-12-03,2025-12-21,0.3,4,quantile,22.0823195908048
hospital admissions,LV,2025-12-03,2025-12-21,0.35,4,quantile,25.6447312508218
hospital admissions,LV,2025-12-03,2025-12-21,0.4,4,quantile,28.541387881195
hospital admissions,LV,2025-12-03,2025-12-21,0.45,4,quantile,33.2753346170671
hospital admissions,LV,2025-12-03,2025-12-21,0.5,4,quantile,38.1207052757349
hospital admissions,LV,2025-12-03,2025-12-21,0.55,4,quantile,42.808050607861
hospital admissions,LV,2025-12-03,2025-12-21,0.6,4,quantile,47.0900754409166
hospital admissions,LV,2025-12-03,2025-12-21,0.65,4,quantile,52.4024117285981
hospital admissions,LV,2025-12-03,2025-12-21,0.7,4,quantile,57.5328588730724
hospital admissions,LV,2025-12-03,2025-12-21,0.75,4,quantile,67.0927250805031
hospital admissions,LV,2025-12-03,2025-12-21,0.8,4,quantile,79.0903973739927
hospital admissions,LV,2025-12-03,2025-12-21,0.85,4,quantile,91.2049519048582
hospital admissions,LV,2025-12-03,2025-12-21,0.9,4,quantile,107.573997572366
hospital admissions,LV,2025-12-03,2025-12-21,0.95,4,quantile,131.416527480266
hospital admissions,LV,2025-12-03,2025-12-21,0.975,4,quantile,159.032223353501
hospital admissions,LV,2025-12-03,2025-12-21,0.99,4,quantile,186.180692858882
hospital admissions,LV,2025-12-03,2025-11-30,,1,median,32.4304927994145
hospital admissions,LV,2025-12-03,2025-12-07,,2,median,34.133873330844
hospital admissions,LV,2025-12-03,2025-12-14,,3,median,36.0440485872056
hospital admissions,LV,2025-12-03,2025-12-21,,4,median,38.1207052757349
hospital admissions,MT,2025-12-03,2025-11-30,0.01,1,quantile,0.76945657011488
hospital admissions,MT,2025-12-03,2025-11-30,0.025,1,quantile,0.76945657011488
hospital admissions,MT,2025-12-03,2025-11-30,0.05,1,quantile,0.76945657011488
hospital admissions,MT,2025-12-03,2025-11-30,0.1,1,quantile,1.0395249122983
hospital admissions,MT,2025-12-03,2025-11-30,0.15,1,quantile,1.31723020996521
hospital admissions,MT,2025-12-03,2025-11-30,0.2,1,quantile,1.64775412986597
hospital admissions,MT,2025-12-03,2025-11-30,0.25,1,quantile,1.96381598579967
hospital admissions,MT,2025-12-03,2025-11-30,0.3,1,quantile,2.30016731892741
hospital admissions,MT,2025-12-03,2025-11-30,0.35,1,quantile,2.71510734623796
hospital admissions,MT,2025-12-03,2025-11-30,0.4,1,quantile,3.17178966741122
hospital admissions,MT,2025-12-03,2025-11-30,0.45,1,quantile,3.55213906209469
hospital admissions,MT,2025-12-03,2025-11-30,0.5,1,quantile,4.09059039475917
hospital admissions,MT,2025-12-03,2025-11-30,0.55,1,quantile,4.55577122499062
hospital admissions,MT,2025-12-03,2025-11-30,0.6,1,quantile,5.11001460840796
hospital admissions,MT,2025-12-03,2025-11-30,0.65,1,quantile,5.63129632589993
hospital admissions,MT,2025-12-03,2025-11-30,0.7,1,quantile,6.1498073723127
hospital admissions,MT,2025-12-03,2025-11-30,0.75,1,quantile,6.891481349873
hospital admissions,MT,2025-12-03,2025-11-30,0.8,1,quantile,7.69384700791012
hospital admissions,MT,2025-12-03,2025-11-30,0.85,1,quantile,8.97086797282128
hospital admissions,MT,2025-12-03,2025-11-30,0.9,1,quantile,10.4788690632295
hospital admissions,MT,2025-12-03,2025-11-30,0.95,1,quantile,12.5593629989149
hospital admissions,MT,2025-12-03,2025-11-30,0.975,1,quantile,14.7062139076789
hospital admissions,MT,2025-12-03,2025-11-30,0.99,1,quantile,18.7549391746853
hospital admissions,MT,2025-12-03,2025-12-07,0.01,2,quantile,1.00662517672681
hospital admissions,MT,2025-12-03,2025-12-07,0.025,2,quantile,1.00662517672681
hospital admissions,MT,2025-12-03,2025-12-07,0.05,2,quantile,1.00941301203458
hospital admissions,MT,2025-12-03,2025-12-07,0.1,2,quantile,1.15724725113921
hospital admissions,MT,2025-12-03,2025-12-07,0.15,2,quantile,1.31106320199048
hospital admissions,MT,2025-12-03,2025-12-07,0.2,2,quantile,1.49327479557562
hospital admissions,MT,2025-12-03,2025-12-07,0.25,2,quantile,1.80112377583785
hospital admissions,MT,2025-12-03,2025-12-07,0.3,2,quantile,2.09407690917594
hospital admissions,MT,2025-12-03,2025-12-07,0.35,2,quantile,2.48433376238819
hospital admissions,MT,2025-12-03,2025-12-07,0.4,2,quantile,2.93582133408778
hospital admissions,MT,2025-12-03,2025-12-07,0.45,2,quantile,3.55919058027164
hospital admissions,MT,2025-12-03,2025-12-07,0.5,2,quantile,4.03347895132835
hospital admissions,MT,2025-12-03,2025-12-07,0.55,2,quantile,4.64839309667874
hospital admissions,MT,2025-12-03,2025-12-07,0.6,2,quantile,5.20499244699032
hospital admissions,MT,2025-12-03,2025-12-07,0.65,2,quantile,5.77360452096836
hospital admissions,MT,2025-12-03,2025-12-07,0.7,2,quantile,6.43244793787508
hospital admissions,MT,2025-12-03,2025-12-07,0.75,2,quantile,7.3691920993714
hospital admissions,MT,2025-12-03,2025-12-07,0.8,2,quantile,8.32152577348746
hospital admissions,MT,2025-12-03,2025-12-07,0.85,2,quantile,9.63154149789842
hospital admissions,MT,2025-12-03,2025-12-07,0.9,2,quantile,11.6427428440358
hospital admissions,MT,2025-12-03,2025-12-07,0.95,2,quantile,14.3381780326653
hospital admissions,MT,2025-12-03,2025-12-07,0.975,2,quantile,17.9939427869685
hospital admissions,MT,2025-12-03,2025-12-07,0.99,2,quantile,23.6210639861866
hospital admissions,MT,2025-12-03,2025-12-14,0.01,3,quantile,1.42207683778349
hospital admissions,MT,2025-12-03,2025-12-14,0.025,3,quantile,1.42207683778349
hospital admissions,MT,2025-12-03,2025-12-14,0.05,3,quantile,1.42207683778349
hospital admissions,MT,2025-12-03,2025-12-14,0.1,3,quantile,1.52781848136299
hospital admissions,MT,2025-12-03,2025-12-14,0.15,3,quantile,1.68166216181418
hospital admissions,MT,2025-12-03,2025-12-14,0.2,3,quantile,1.84905703108284
hospital admissions,MT,2025-12-03,2025-12-14,0.25,3,quantile,2.03249236804689
hospital admissions,MT,2025-12-03,2025-12-14,0.3,3,quantile,2.34188202563769
hospital admissions,MT,2025-12-03,2025-12-14,0.35,3,quantile,2.59271786165376
hospital admissions,MT,2025-12-03,2025-12-14,0.4,3,quantile,2.92834718678488
hospital admissions,MT,2025-12-03,2025-12-14,0.45,3,quantile,3.51698577741887
hospital admissions,MT,2025-12-03,2025-12-14,0.5,3,quantile,4.02887431664697
hospital admissions,MT,2025-12-03,2025-12-14,0.55,3,quantile,4.56135195993796
hospital admissions,MT,2025-12-03,2025-12-14,0.6,3,quantile,5.16997360178624
hospital admissions,MT,2025-12-03,2025-12-14,0.65,3,quantile,5.86185272982217
hospital admissions,MT,2025-12-03,2025-12-14,0.7,3,quantile,6.91000529583172
hospital admissions,MT,2025-12-03,2025-12-14,0.75,3,quantile,8.03045537526794
hospital admissions,MT,2025-12-03,2025-12-14,0.8,3,quantile,9.46380116331633
hospital admissions,MT,2025-12-03,2025-12-14,0.85,3,quantile,11.3206996096286
hospital admissions,MT,2025-12-03,2025-12-14,0.9,3,quantile,13.4178240340156
hospital admissions,MT,2025-12-03,2025-12-14,0.95,3,quantile,16.8876121471324
hospital admissions,MT,2025-12-03,2025-12-14,0.975,3,quantile,22.228762579627
hospital admissions,MT,2025-12-03,2025-12-14,0.99,3,quantile,28.95652531373
hospital admissions,MT,2025-12-03,2025-12-21,0.01,4,quantile,1.78076621409611
hospital admissions,MT,2025-12-03,2025-12-21,0.025,4,quantile,1.78076621409611
hospital admissions,MT,2025-12-03,2025-12-21,0.05,4,quantile,1.78076621409611
hospital admissions,MT,2025-12-03,2025-12-21,0.1,4,quantile,1.85953704234188
hospital admissions,MT,2025-12-03,2025-12-21,0.15,4,quantile,1.98685204830018
hospital admissions,MT,2025-12-03,2025-12-21,0.2,4,quantile,2.13924582627658
hospital admissions,MT,2025-12-03,2025-12-21,0.25,4,quantile,2.31661023802571
hospital admissions,MT,2025-12-03,2025-12-21,0.3,4,quantile,2.50709503648959
hospital admissions,MT,2025-12-03,2025-12-21,0.35,4,quantile,2.80257898690555
hospital admissions,MT,2025-12-03,2025-12-21,0.4,4,quantile,3.19247390850505
hospital admissions,MT,2025-12-03,2025-12-21,0.45,4,quantile,3.66306473524345
hospital admissions,MT,2025-12-03,2025-12-21,0.5,4,quantile,4.07037189348544
hospital admissions,MT,2025-12-03,2025-12-21,0.55,4,quantile,4.5314619499005
hospital admissions,MT,2025-12-03,2025-12-21,0.6,4,quantile,5.21679455229526
hospital admissions,MT,2025-12-03,2025-12-21,0.65,4,quantile,6.18192911954706
hospital admissions,MT,2025-12-03,2025-12-21,0.7,4,quantile,7.17205675976859
hospital admissions,MT,2025-12-03,2025-12-21,0.75,4,quantile,8.43764320831817
hospital admissions,MT,2025-12-03,2025-12-21,0.8,4,quantile,10.2557054672668
hospital admissions,MT,2025-12-03,2025-12-21,0.85,4,quantile,13.1511999096998
hospital admissions,MT,2025-12-03,2025-12-21,0.9,4,quantile,16.1489994010608
hospital admissions,MT,2025-12-03,2025-12-21,0.95,4,quantile,20.3475940650203
hospital admissions,MT,2025-12-03,2025-12-21,0.975,4,quantile,24.6868737580349
hospital admissions,MT,2025-12-03,2025-12-21,0.99,4,quantile,33.0395267091793
hospital admissions,MT,2025-12-03,2025-11-30,,1,median,4.09059039475917
hospital admissions,MT,2025-12-03,2025-12-07,,2,median,4.03347895132835
hospital admissions,MT,2025-12-03,2025-12-14,,3,median,4.02887431664697
hospital admissions,MT,2025-12-03,2025-12-21,,4,median,4.07037189348544
hospital admissions,PL,2025-12-03,2025-11-30,0.01,1,quantile,24.0671809368401
hospital admissions,PL,2025-12-03,2025-11-30,0.025,1,quantile,26.9022904142185
hospital admissions,PL,2025-12-03,2025-11-30,0.05,1,quantile,29.7714674307683
hospital admissions,PL,2025-12-03,2025-11-30,0.1,1,quantile,34.2825826905146
hospital admissions,PL,2025-12-03,2025-11-30,0.15,1,quantile,36.6952272451179
hospital admissions,PL,2025-12-03,2025-11-30,0.2,1,quantile,39.2641822650799
hospital admissions,PL,2025-12-03,2025-11-30,0.25,1,quantile,41.4703619405677
hospital admissions,PL,2025-12-03,2025-11-30,0.3,1,quantile,43.0025690541407
hospital admissions,PL,2025-12-03,2025-11-30,0.35,1,quantile,45.0080590858092
hospital admissions,PL,2025-12-03,2025-11-30,0.4,1,quantile,46.7671578378294
hospital admissions,PL,2025-12-03,2025-11-30,0.45,1,quantile,48.5964459712118
hospital admissions,PL,2025-12-03,2025-11-30,0.5,1,quantile,50.635546213573
hospital admissions,PL,2025-12-03,2025-11-30,0.55,1,quantile,52.6299428716318
hospital admissions,PL,2025-12-03,2025-11-30,0.6,1,quantile,54.2989143680695
hospital admissions,PL,2025-12-03,2025-11-30,0.65,1,quantile,55.8861922847791
hospital admissions,PL,2025-12-03,2025-11-30,0.7,1,quantile,58.0398254073976
hospital admissions,PL,2025-12-03,2025-11-30,0.75,1,quantile,60.4977720204495
hospital admissions,PL,2025-12-03,2025-11-30,0.8,1,quantile,62.8740661287722
hospital admissions,PL,2025-12-03,2025-11-30,0.85,1,quantile,65.594151967953
hospital admissions,PL,2025-12-03,2025-11-30,0.9,1,quantile,69.5896877787308
hospital admissions,PL,2025-12-03,2025-11-30,0.95,1,quantile,75.1285509042306
hospital admissions,PL,2025-12-03,2025-11-30,0.975,1,quantile,80.9846140084376
hospital admissions,PL,2025-12-03,2025-11-30,0.99,1,quantile,90.5196146658084
hospital admissions,PL,2025-12-03,2025-12-07,0.01,2,quantile,18.2949457642237
hospital admissions,PL,2025-12-03,2025-12-07,0.025,2,quantile,20.8545288671454
hospital admissions,PL,2025-12-03,2025-12-07,0.05,2,quantile,23.1820179287578
hospital admissions,PL,2025-12-03,2025-12-07,0.1,2,quantile,27.0599093462267
hospital admissions,PL,2025-12-03,2025-12-07,0.15,2,quantile,29.1143894719106
hospital admissions,PL,2025-12-03,2025-12-07,0.2,2,quantile,31.5634562120677
hospital admissions,PL,2025-12-03,2025-12-07,0.25,2,quantile,33.2121432838342
hospital admissions,PL,2025-12-03,2025-12-07,0.3,2,quantile,34.7528061780247
hospital admissions,PL,2025-12-03,2025-12-07,0.35,2,quantile,36.9266086025635
hospital admissions,PL,2025-12-03,2025-12-07,0.4,2,quantile,39.1024461327164
hospital admissions,PL,2025-12-03,2025-12-07,0.45,2,quantile,40.4485815243808
hospital admissions,PL,2025-12-03,2025-12-07,0.5,2,quantile,42.1618506094197
hospital admissions,PL,2025-12-03,2025-12-07,0.55,2,quantile,44.0063974243164
hospital admissions,PL,2025-12-03,2025-12-07,0.6,2,quantile,46.0844208623195
hospital admissions,PL,2025-12-03,2025-12-07,0.65,2,quantile,48.010739932847
hospital admissions,PL,2025-12-03,2025-12-07,0.7,2,quantile,49.8131472482938
hospital admissions,PL,2025-12-03,2025-12-07,0.75,2,quantile,52.2192086814407
hospital admissions,PL,2025-12-03,2025-12-07,0.8,2,quantile,55.820311990359
hospital admissions,PL,2025-12-03,2025-12-07,0.85,2,quantile,59.1733042073574
hospital admissions,PL,2025-12-03,2025-12-07,0.9,2,quantile,63.8307768198901
hospital admissions,PL,2025-12-03,2025-12-07,0.95,2,quantile,70.2773295076387
hospital admissions,PL,2025-12-03,2025-12-07,0.975,2,quantile,77.4905677745777
hospital admissions,PL,2025-12-03,2025-12-07,0.99,2,quantile,86.7788934581234
hospital admissions,PL,2025-12-03,2025-12-14,0.01,3,quantile,13.4289002245928
hospital admissions,PL,2025-12-03,2025-12-14,0.025,3,quantile,16.0928645351085
hospital admissions,PL,2025-12-03,2025-12-14,0.05,3,quantile,19.2657164357141
hospital admissions,PL,2025-12-03,2025-12-14,0.1,3,quantile,21.892101107412
hospital admissions,PL,2025-12-03,2025-12-14,0.15,3,quantile,24.0063643535589
hospital admissions,PL,2025-12-03,2025-12-14,0.2,3,quantile,26.2324629105342
hospital admissions,PL,2025-12-03,2025-12-14,0.25,3,quantile,28.1306774487713
hospital admissions,PL,2025-12-03,2025-12-14,0.3,3,quantile,29.9111688910269
hospital admissions,PL,2025-12-03,2025-12-14,0.35,3,quantile,31.9473088679452
hospital admissions,PL,2025-12-03,2025-12-14,0.4,3,quantile,33.329160941162
hospital admissions,PL,2025-12-03,2025-12-14,0.45,3,quantile,35.03195587333
hospital admissions,PL,2025-12-03,2025-12-14,0.5,3,quantile,36.5283245552021
hospital admissions,PL,2025-12-03,2025-12-14,0.55,3,quantile,38.4184424285265
hospital admissions,PL,2025-12-03,2025-12-14,0.6,3,quantile,40.3541976076095
hospital admissions,PL,2025-12-03,2025-12-14,0.65,3,quantile,42.1452706029062
hospital admissions,PL,2025-12-03,2025-12-14,0.7,3,quantile,44.9238772723529
hospital admissions,PL,2025-12-03,2025-12-14,0.75,3,quantile,48.4641065721029
hospital admissions,PL,2025-12-03,2025-12-14,0.8,3,quantile,51.681417172591
hospital admissions,PL,2025-12-03,2025-12-14,0.85,3,quantile,55.3114566852193
hospital admissions,PL,2025-12-03,2025-12-14,0.9,3,quantile,59.8348527357061
hospital admissions,PL,2025-12-03,2025-12-14,0.95,3,quantile,69.0029622190053
hospital admissions,PL,2025-12-03,2025-12-14,0.975,3,quantile,77.4036152342096
hospital admissions,PL,2025-12-03,2025-12-14,0.99,3,quantile,86.7425163925953
hospital admissions,PL,2025-12-03,2025-12-21,0.01,4,quantile,11.7063099933158
hospital admissions,PL,2025-12-03,2025-12-21,0.025,4,quantile,13.514683064044
hospital admissions,PL,2025-12-03,2025-12-21,0.05,4,quantile,15.5366971062172
hospital admissions,PL,2025-12-03,2025-12-21,0.1,4,quantile,17.900214224435
hospital admissions,PL,2025-12-03,2025-12-21,0.15,4,quantile,20.2674685206124
hospital admissions,PL,2025-12-03,2025-12-21,0.2,4,quantile,22.4870469084692
hospital admissions,PL,2025-12-03,2025-12-21,0.25,4,quantile,23.9532593124241
hospital admissions,PL,2025-12-03,2025-12-21,0.3,4,quantile,26.0245413289566
hospital admissions,PL,2025-12-03,2025-12-21,0.35,4,quantile,27.7525628741588
hospital admissions,PL,2025-12-03,2025-12-21,0.4,4,quantile,29.2953798076889
hospital admissions,PL,2025-12-03,2025-12-21,0.45,4,quantile,30.5733702823388
hospital admissions,PL,2025-12-03,2025-12-21,0.5,4,quantile,32.7112061728409
hospital admissions,PL,2025-12-03,2025-12-21,0.55,4,quantile,34.606928508189
hospital admissions,PL,2025-12-03,2025-12-21,0.6,4,quantile,36.5612837347949
hospital admissions,PL,2025-12-03,2025-12-21,0.65,4,quantile,39.1855924958175
hospital admissions,PL,2025-12-03,2025-12-21,0.7,4,quantile,42.1051007413577
hospital admissions,PL,2025-12-03,2025-12-21,0.75,4,quantile,44.7648941764072
hospital admissions,PL,2025-12-03,2025-12-21,0.8,4,quantile,48.3880460124104
hospital admissions,PL,2025-12-03,2025-12-21,0.85,4,quantile,53.2622086997353
hospital admissions,PL,2025-12-03,2025-12-21,0.9,4,quantile,59.2637879265569
hospital admissions,PL,2025-12-03,2025-12-21,0.95,4,quantile,68.1301881086496
hospital admissions,PL,2025-12-03,2025-12-21,0.975,4,quantile,78.5813448728055
hospital admissions,PL,2025-12-03,2025-12-21,0.99,4,quantile,96.7570255893902
hospital admissions,PL,2025-12-03,2025-11-30,,1,median,50.635546213573
hospital admissions,PL,2025-12-03,2025-12-07,,2,median,42.1618506094197
hospital admissions,PL,2025-12-03,2025-12-14,,3,median,36.5283245552021
hospital admissions,PL,2025-12-03,2025-12-21,,4,median,32.7112061728409
hospital admissions,PT,2025-12-03,2025-11-30,0.01,1,quantile,0
hospital admissions,PT,2025-12-03,2025-11-30,0.025,1,quantile,0.574063227067138
hospital admissions,PT,2025-12-03,2025-11-30,0.05,1,quantile,1.43549668415934
hospital admissions,PT,2025-12-03,2025-11-30,0.1,1,quantile,2.48609458908926
hospital admissions,PT,2025-12-03,2025-11-30,0.15,1,quantile,3.63115171747143
hospital admissions,PT,2025-12-03,2025-11-30,0.2,1,quantile,4.95395366539862
hospital admissions,PT,2025-12-03,2025-11-30,0.25,1,quantile,6.28205584489973
hospital admissions,PT,2025-12-03,2025-11-30,0.3,1,quantile,7.74990318775857
hospital admissions,PT,2025-12-03,2025-11-30,0.35,1,quantile,9.67124543076772
hospital admissions,PT,2025-12-03,2025-11-30,0.4,1,quantile,11.8824695537952
hospital admissions,PT,2025-12-03,2025-11-30,0.45,1,quantile,15.7886031098767
hospital admissions,PT,2025-12-03,2025-11-30,0.5,1,quantile,21.0646429192026
hospital admissions,PT,2025-12-03,2025-11-30,0.55,1,quantile,25.5373206875728
hospital admissions,PT,2025-12-03,2025-11-30,0.6,1,quantile,30.9423102983829
hospital admissions,PT,2025-12-03,2025-11-30,0.65,1,quantile,38.0139081549141
hospital admissions,PT,2025-12-03,2025-11-30,0.7,1,quantile,43.9703522501809
hospital admissions,PT,2025-12-03,2025-11-30,0.75,1,quantile,48.9207700060288
hospital admissions,PT,2025-12-03,2025-11-30,0.8,1,quantile,55.4399076904899
hospital admissions,PT,2025-12-03,2025-11-30,0.85,1,quantile,65.3025839793794
hospital admissions,PT,2025-12-03,2025-11-30,0.9,1,quantile,77.4416875082402
hospital admissions,PT,2025-12-03,2025-11-30,0.95,1,quantile,93.6683751040808
hospital admissions,PT,2025-12-03,2025-11-30,0.975,1,quantile,107.446817104084
hospital admissions,PT,2025-12-03,2025-11-30,0.99,1,quantile,122.604833041698
hospital admissions,PT,2025-12-03,2025-12-07,0.01,2,quantile,0
hospital admissions,PT,2025-12-03,2025-12-07,0.025,2,quantile,0.00859902963507508
hospital admissions,PT,2025-12-03,2025-12-07,0.05,2,quantile,1.18210562013178
hospital admissions,PT,2025-12-03,2025-12-07,0.1,2,quantile,3.23746685828395
hospital admissions,PT,2025-12-03,2025-12-07,0.15,2,quantile,4.96633909504997
hospital admissions,PT,2025-12-03,2025-12-07,0.2,2,quantile,6.88584479970222
hospital admissions,PT,2025-12-03,2025-12-07,0.25,2,quantile,8.64889007069055
hospital admissions,PT,2025-12-03,2025-12-07,0.3,2,quantile,10.6175893909385
hospital admissions,PT,2025-12-03,2025-12-07,0.35,2,quantile,12.5103511006677
hospital admissions,PT,2025-12-03,2025-12-07,0.4,2,quantile,15.2834980651116
hospital admissions,PT,2025-12-03,2025-12-07,0.45,2,quantile,19.3172352133147
hospital admissions,PT,2025-12-03,2025-12-07,0.5,2,quantile,22.839066015759
hospital admissions,PT,2025-12-03,2025-12-07,0.55,2,quantile,26.7129527877458
hospital admissions,PT,2025-12-03,2025-12-07,0.6,2,quantile,31.439412805974
hospital admissions,PT,2025-12-03,2025-12-07,0.65,2,quantile,37.5102912076762
hospital admissions,PT,2025-12-03,2025-12-07,0.7,2,quantile,44.3813899880505
hospital admissions,PT,2025-12-03,2025-12-07,0.75,2,quantile,52.6407605332825
hospital admissions,PT,2025-12-03,2025-12-07,0.8,2,quantile,59.9906113010998
hospital admissions,PT,2025-12-03,2025-12-07,0.85,2,quantile,73.3691433330748
hospital admissions,PT,2025-12-03,2025-12-07,0.9,2,quantile,86.6335667432583
hospital admissions,PT,2025-12-03,2025-12-07,0.95,2,quantile,112.815883943302
hospital admissions,PT,2025-12-03,2025-12-07,0.975,2,quantile,133.809391032197
hospital admissions,PT,2025-12-03,2025-12-07,0.99,2,quantile,157.416583695832
hospital admissions,PT,2025-12-03,2025-12-14,0.01,3,quantile,0
hospital admissions,PT,2025-12-03,2025-12-14,0.025,3,quantile,0
hospital admissions,PT,2025-12-03,2025-12-14,0.05,3,quantile,0.207047515195722
hospital admissions,PT,2025-12-03,2025-12-14,0.1,3,quantile,3.73878038860244
hospital admissions,PT,2025-12-03,2025-12-14,0.15,3,quantile,5.91170150141846
hospital admissions,PT,2025-12-03,2025-12-14,0.2,3,quantile,8.07124298254745
hospital admissions,PT,2025-12-03,2025-12-14,0.25,3,quantile,10.2923466118472
hospital admissions,PT,2025-12-03,2025-12-14,0.3,3,quantile,12.3967022751473
hospital admissions,PT,2025-12-03,2025-12-14,0.35,3,quantile,14.4718200346204
hospital admissions,PT,2025-12-03,2025-12-14,0.4,3,quantile,18.1732375445859
hospital admissions,PT,2025-12-03,2025-12-14,0.45,3,quantile,21.6493002731413
hospital admissions,PT,2025-12-03,2025-12-14,0.5,3,quantile,24.9932052602455
hospital admissions,PT,2025-12-03,2025-12-14,0.55,3,quantile,29.3276138910729
hospital admissions,PT,2025-12-03,2025-12-14,0.6,3,quantile,34.9525950292573
hospital admissions,PT,2025-12-03,2025-12-14,0.65,3,quantile,41.5422955428235
hospital admissions,PT,2025-12-03,2025-12-14,0.7,3,quantile,47.1490487457351
hospital admissions,PT,2025-12-03,2025-12-14,0.75,3,quantile,56.0509188235645
hospital admissions,PT,2025-12-03,2025-12-14,0.8,3,quantile,65.5629647196243
hospital admissions,PT,2025-12-03,2025-12-14,0.85,3,quantile,79.8696801338753
hospital admissions,PT,2025-12-03,2025-12-14,0.9,3,quantile,94.3214268543727
hospital admissions,PT,2025-12-03,2025-12-14,0.95,3,quantile,131.158173169588
hospital admissions,PT,2025-12-03,2025-12-14,0.975,3,quantile,156.234566915787
hospital admissions,PT,2025-12-03,2025-12-14,0.99,3,quantile,205.487356489625
hospital admissions,PT,2025-12-03,2025-12-21,0.01,4,quantile,0
hospital admissions,PT,2025-12-03,2025-12-21,0.025,4,quantile,0
hospital admissions,PT,2025-12-03,2025-12-21,0.05,4,quantile,0
hospital admissions,PT,2025-12-03,2025-12-21,0.1,4,quantile,1.88335487002096
hospital admissions,PT,2025-12-03,2025-12-21,0.15,4,quantile,4.57690183116654
hospital admissions,PT,2025-12-03,2025-12-21,0.2,4,quantile,7.7315584571671
hospital admissions,PT,2025-12-03,2025-12-21,0.25,4,quantile,9.77196650432818
hospital admissions,PT,2025-12-03,2025-12-21,0.3,4,quantile,13.0162008440431
hospital admissions,PT,2025-12-03,2025-12-21,0.35,4,quantile,15.3337366604364
hospital admissions,PT,2025-12-03,2025-12-21,0.4,4,quantile,18.4764946509866
hospital admissions,PT,2025-12-03,2025-12-21,0.45,4,quantile,21.81381031836
hospital admissions,PT,2025-12-03,2025-12-21,0.5,4,quantile,27.5399946637005
hospital admissions,PT,2025-12-03,2025-12-21,0.55,4,quantile,32.0312875942096
hospital admissions,PT,2025-12-03,2025-12-21,0.6,4,quantile,37.2704409151812
hospital admissions,PT,2025-12-03,2025-12-21,0.65,4,quantile,41.9701164502848
hospital admissions,PT,2025-12-03,2025-12-21,0.7,4,quantile,47.8234616768259
hospital admissions,PT,2025-12-03,2025-12-21,0.75,4,quantile,58.9026889922305
hospital admissions,PT,2025-12-03,2025-12-21,0.8,4,quantile,69.3076718965633
hospital admissions,PT,2025-12-03,2025-12-21,0.85,4,quantile,85.003951340036
hospital admissions,PT,2025-12-03,2025-12-21,0.9,4,quantile,109.931009903501
hospital admissions,PT,2025-12-03,2025-12-21,0.95,4,quantile,148.797484345976
hospital admissions,PT,2025-12-03,2025-12-21,0.975,4,quantile,185.801272802791
hospital admissions,PT,2025-12-03,2025-12-21,0.99,4,quantile,275.521686857202
hospital admissions,PT,2025-12-03,2025-11-30,,1,median,21.0646429192026
hospital admissions,PT,2025-12-03,2025-12-07,,2,median,22.839066015759
hospital admissions,PT,2025-12-03,2025-12-14,,3,median,24.9932052602455
hospital admissions,PT,2025-12-03,2025-12-21,,4,median,27.5399946637005
hospital admissions,SK,2025-12-03,2025-11-30,0.01,1,quantile,0.673680738534301
hospital admissions,SK,2025-12-03,2025-11-30,0.025,1,quantile,1.52110035613985
hospital admissions,SK,2025-12-03,2025-11-30,0.05,1,quantile,2.7459797624736
hospital admissions,SK,2025-12-03,2025-11-30,0.1,1,quantile,5.08162349400688
hospital admissions,SK,2025-12-03,2025-11-30,0.15,1,quantile,6.80876031136712
hospital admissions,SK,2025-12-03,2025-11-30,0.2,1,quantile,8.54748963525665
hospital admissions,SK,2025-12-03,2025-11-30,0.25,1,quantile,10.2045737374473
hospital admissions,SK,2025-12-03,2025-11-30,0.3,1,quantile,11.7422925109103
hospital admissions,SK,2025-12-03,2025-11-30,0.35,1,quantile,13.5316681159278
hospital admissions,SK,2025-12-03,2025-11-30,0.4,1,quantile,14.5927302277854
hospital admissions,SK,2025-12-03,2025-11-30,0.45,1,quantile,15.6990973884298
hospital admissions,SK,2025-12-03,2025-11-30,0.5,1,quantile,16.909555490501
hospital admissions,SK,2025-12-03,2025-11-30,0.55,1,quantile,18.0889643298267
hospital admissions,SK,2025-12-03,2025-11-30,0.6,1,quantile,19.6892224089299
hospital admissions,SK,2025-12-03,2025-11-30,0.65,1,quantile,21.4758606558837
hospital admissions,SK,2025-12-03,2025-11-30,0.7,1,quantile,23.0981045073807
hospital admissions,SK,2025-12-03,2025-11-30,0.75,1,quantile,24.9001069670118
hospital admissions,SK,2025-12-03,2025-11-30,0.8,1,quantile,27.2924345166119
hospital admissions,SK,2025-12-03,2025-11-30,0.85,1,quantile,30.2859078468323
hospital admissions,SK,2025-12-03,2025-11-30,0.9,1,quantile,33.4743042629608
hospital admissions,SK,2025-12-03,2025-11-30,0.95,1,quantile,40.2662112874359
hospital admissions,SK,2025-12-03,2025-11-30,0.975,1,quantile,46.0170124596172
hospital admissions,SK,2025-12-03,2025-11-30,0.99,1,quantile,50.5369778822378
hospital admissions,SK,2025-12-03,2025-12-07,0.01,2,quantile,1.11507062376632
hospital admissions,SK,2025-12-03,2025-12-07,0.025,2,quantile,2.20103326985907
hospital admissions,SK,2025-12-03,2025-12-07,0.05,2,quantile,3.27469080273116
hospital admissions,SK,2025-12-03,2025-12-07,0.1,2,quantile,5.37525008508345
hospital admissions,SK,2025-12-03,2025-12-07,0.15,2,quantile,7.44234917265133
hospital admissions,SK,2025-12-03,2025-12-07,0.2,2,quantile,9.15605915154586
hospital admissions,SK,2025-12-03,2025-12-07,0.25,2,quantile,10.4683153975022
hospital admissions,SK,2025-12-03,2025-12-07,0.3,2,quantile,12.1052954747977
hospital admissions,SK,2025-12-03,2025-12-07,0.35,2,quantile,13.1435147047965
hospital admissions,SK,2025-12-03,2025-12-07,0.4,2,quantile,14.4923432138333
hospital admissions,SK,2025-12-03,2025-12-07,0.45,2,quantile,16.2360299579395
hospital admissions,SK,2025-12-03,2025-12-07,0.5,2,quantile,17.4835892022779
hospital admissions,SK,2025-12-03,2025-12-07,0.55,2,quantile,18.9504633231436
hospital admissions,SK,2025-12-03,2025-12-07,0.6,2,quantile,20.9534680134166
hospital admissions,SK,2025-12-03,2025-12-07,0.65,2,quantile,23.2309224493017
hospital admissions,SK,2025-12-03,2025-12-07,0.7,2,quantile,25.5869123250753
hospital admissions,SK,2025-12-03,2025-12-07,0.75,2,quantile,28.2744354603879
hospital admissions,SK,2025-12-03,2025-12-07,0.8,2,quantile,30.8371952411096
hospital admissions,SK,2025-12-03,2025-12-07,0.85,2,quantile,35.5184085423564
hospital admissions,SK,2025-12-03,2025-12-07,0.9,2,quantile,41.2545799337
hospital admissions,SK,2025-12-03,2025-12-07,0.95,2,quantile,50.5820093748199
hospital admissions,SK,2025-12-03,2025-12-07,0.975,2,quantile,59.6488495368573
hospital admissions,SK,2025-12-03,2025-12-07,0.99,2,quantile,72.7403571005579
hospital admissions,SK,2025-12-03,2025-12-14,0.01,3,quantile,1.1758341673092
hospital admissions,SK,2025-12-03,2025-12-14,0.025,3,quantile,1.94044019110027
hospital admissions,SK,2025-12-03,2025-12-14,0.05,3,quantile,3.28545136880019
hospital admissions,SK,2025-12-03,2025-12-14,0.1,3,quantile,5.04614602302727
hospital admissions,SK,2025-12-03,2025-12-14,0.15,3,quantile,7.06302369579439
hospital admissions,SK,2025-12-03,2025-12-14,0.2,3,quantile,8.86418708333557
hospital admissions,SK,2025-12-03,2025-12-14,0.25,3,quantile,10.4977254115809
hospital admissions,SK,2025-12-03,2025-12-14,0.3,3,quantile,11.8531964512728
hospital admissions,SK,2025-12-03,2025-12-14,0.35,3,quantile,13.622605705585
hospital admissions,SK,2025-12-03,2025-12-14,0.4,3,quantile,15.1619675241083
hospital admissions,SK,2025-12-03,2025-12-14,0.45,3,quantile,16.6993381354936
hospital admissions,SK,2025-12-03,2025-12-14,0.5,3,quantile,18.4942023182747
hospital admissions,SK,2025-12-03,2025-12-14,0.55,3,quantile,20.5458394211766
hospital admissions,SK,2025-12-03,2025-12-14,0.6,3,quantile,22.7157627147674
hospital admissions,SK,2025-12-03,2025-12-14,0.65,3,quantile,25.3919284138309
hospital admissions,SK,2025-12-03,2025-12-14,0.7,3,quantile,28.3748649192322
hospital admissions,SK,2025-12-03,2025-12-14,0.75,3,quantile,31.2056572578631
hospital admissions,SK,2025-12-03,2025-12-14,0.8,3,quantile,35.0909933823144
hospital admissions,SK,2025-12-03,2025-12-14,0.85,3,quantile,41.2459792787204
hospital admissions,SK,2025-12-03,2025-12-14,0.9,3,quantile,47.8074544587938
hospital admissions,SK,2025-12-03,2025-12-14,0.95,3,quantile,61.2844347522954
hospital admissions,SK,2025-12-03,2025-12-14,0.975,3,quantile,73.3909771694339
hospital admissions,SK,2025-12-03,2025-12-14,0.99,3,quantile,99.7880687617517
hospital admissions,SK,2025-12-03,2025-12-21,0.01,4,quantile,0.548088830472659
hospital admissions,SK,2025-12-03,2025-12-21,0.025,4,quantile,1.68213465073793
hospital admissions,SK,2025-12-03,2025-12-21,0.05,4,quantile,2.88233721710687
hospital admissions,SK,2025-12-03,2025-12-21,0.1,4,quantile,4.92227168506225
hospital admissions,SK,2025-12-03,2025-12-21,0.15,4,quantile,6.68123118981087
hospital admissions,SK,2025-12-03,2025-12-21,0.2,4,quantile,8.69060759166303
hospital admissions,SK,2025-12-03,2025-12-21,0.25,4,quantile,10.4061025796876
hospital admissions,SK,2025-12-03,2025-12-21,0.3,4,quantile,12.2559160633869
hospital admissions,SK,2025-12-03,2025-12-21,0.35,4,quantile,13.9163547623574
hospital admissions,SK,2025-12-03,2025-12-21,0.4,4,quantile,15.7746639462593
hospital admissions,SK,2025-12-03,2025-12-21,0.45,4,quantile,17.7790594784256
hospital admissions,SK,2025-12-03,2025-12-21,0.5,4,quantile,19.8868799463318
hospital admissions,SK,2025-12-03,2025-12-21,0.55,4,quantile,22.4823992166475
hospital admissions,SK,2025-12-03,2025-12-21,0.6,4,quantile,24.4047670239685
hospital admissions,SK,2025-12-03,2025-12-21,0.65,4,quantile,27.4086710667612
hospital admissions,SK,2025-12-03,2025-12-21,0.7,4,quantile,31.3674638167778
hospital admissions,SK,2025-12-03,2025-12-21,0.75,4,quantile,35.2943957006696
hospital admissions,SK,2025-12-03,2025-12-21,0.8,4,quantile,40.4712190385112
hospital admissions,SK,2025-12-03,2025-12-21,0.85,4,quantile,48.4859359229821
hospital admissions,SK,2025-12-03,2025-12-21,0.9,4,quantile,59.737094544408
hospital admissions,SK,2025-12-03,2025-12-21,0.95,4,quantile,73.299151090752
hospital admissions,SK,2025-12-03,2025-12-21,0.975,4,quantile,93.2597145621162
hospital admissions,SK,2025-12-03,2025-12-21,0.99,4,quantile,112.804432955424
hospital admissions,SK,2025-12-03,2025-11-30,,1,median,16.909555490501
hospital admissions,SK,2025-12-03,2025-12-07,,2,median,17.4835892022779
hospital admissions,SK,2025-12-03,2025-12-14,,3,median,18.4942023182747
hospital admissions,SK,2025-12-03,2025-12-21,,4,median,19.8868799463318
