"","target_end_date","location","value","output_type_id","origin_date","output_type","target","horizon"
"1",2024-11-03,"CY",12,"0.01",2024-11-13,"quantile","hospital admissions",0
"2",2024-11-03,"CY",14,"0.025",2024-11-13,"quantile","hospital admissions",0
"3",2024-11-03,"CY",15,"0.05",2024-11-13,"quantile","hospital admissions",0
"4",2024-11-03,"CY",17,"0.1",2024-11-13,"quantile","hospital admissions",0
"5",2024-11-03,"CY",18,"0.15",2024-11-13,"quantile","hospital admissions",0
"6",2024-11-03,"CY",19,"0.2",2024-11-13,"quantile","hospital admissions",0
"7",2024-11-03,"CY",20,"0.25",2024-11-13,"quantile","hospital admissions",0
"8",2024-11-03,"CY",20,"0.3",2024-11-13,"quantile","hospital admissions",0
"9",2024-11-03,"CY",21,"0.35",2024-11-13,"quantile","hospital admissions",0
"10",2024-11-03,"CY",22,"0.4",2024-11-13,"quantile","hospital admissions",0
"11",2024-11-03,"CY",23,"0.45",2024-11-13,"quantile","hospital admissions",0
"12",2024-11-03,"CY",23,"0.5",2024-11-13,"quantile","hospital admissions",0
"13",2024-11-03,"CY",24,"0.55",2024-11-13,"quantile","hospital admissions",0
"14",2024-11-03,"CY",25,"0.6",2024-11-13,"quantile","hospital admissions",0
"15",2024-11-03,"CY",25,"0.65",2024-11-13,"quantile","hospital admissions",0
"16",2024-11-03,"CY",26,"0.7",2024-11-13,"quantile","hospital admissions",0
"17",2024-11-03,"CY",27,"0.75",2024-11-13,"quantile","hospital admissions",0
"18",2024-11-03,"CY",28,"0.8",2024-11-13,"quantile","hospital admissions",0
"19",2024-11-03,"CY",29,"0.85",2024-11-13,"quantile","hospital admissions",0
"20",2024-11-03,"CY",31,"0.9",2024-11-13,"quantile","hospital admissions",0
"21",2024-11-03,"CY",33,"0.95",2024-11-13,"quantile","hospital admissions",0
"22",2024-11-03,"CY",35,"0.975",2024-11-13,"quantile","hospital admissions",0
"23",2024-11-03,"CY",37,"0.99",2024-11-13,"quantile","hospital admissions",0
"24",2024-11-03,"CZ",162.99,"0.01",2024-11-13,"quantile","hospital admissions",0
"25",2024-11-03,"CZ",172,"0.025",2024-11-13,"quantile","hospital admissions",0
"26",2024-11-03,"CZ",181,"0.05",2024-11-13,"quantile","hospital admissions",0
"27",2024-11-03,"CZ",190,"0.1",2024-11-13,"quantile","hospital admissions",0
"28",2024-11-03,"CZ",195,"0.15",2024-11-13,"quantile","hospital admissions",0
"29",2024-11-03,"CZ",200,"0.2",2024-11-13,"quantile","hospital admissions",0
"30",2024-11-03,"CZ",203,"0.25",2024-11-13,"quantile","hospital admissions",0
"31",2024-11-03,"CZ",207,"0.3",2024-11-13,"quantile","hospital admissions",0
"32",2024-11-03,"CZ",210,"0.35",2024-11-13,"quantile","hospital admissions",0
"33",2024-11-03,"CZ",213,"0.4",2024-11-13,"quantile","hospital admissions",0
"34",2024-11-03,"CZ",215,"0.45",2024-11-13,"quantile","hospital admissions",0
"35",2024-11-03,"CZ",218,"0.5",2024-11-13,"quantile","hospital admissions",0
"36",2024-11-03,"CZ",221,"0.55",2024-11-13,"quantile","hospital admissions",0
"37",2024-11-03,"CZ",224,"0.6",2024-11-13,"quantile","hospital admissions",0
"38",2024-11-03,"CZ",226,"0.65",2024-11-13,"quantile","hospital admissions",0
"39",2024-11-03,"CZ",230,"0.7",2024-11-13,"quantile","hospital admissions",0
"40",2024-11-03,"CZ",233,"0.75",2024-11-13,"quantile","hospital admissions",0
"41",2024-11-03,"CZ",237,"0.8",2024-11-13,"quantile","hospital admissions",0
"42",2024-11-03,"CZ",241,"0.85",2024-11-13,"quantile","hospital admissions",0
"43",2024-11-03,"CZ",248,"0.9",2024-11-13,"quantile","hospital admissions",0
"44",2024-11-03,"CZ",258,"0.95",2024-11-13,"quantile","hospital admissions",0
"45",2024-11-03,"CZ",267.025,"0.975",2024-11-13,"quantile","hospital admissions",0
"46",2024-11-03,"CZ",280,"0.99",2024-11-13,"quantile","hospital admissions",0
"47",2024-11-03,"GR",476,"0.01",2024-11-13,"quantile","hospital admissions",0
"48",2024-11-03,"GR",485,"0.025",2024-11-13,"quantile","hospital admissions",0
"49",2024-11-03,"GR",496,"0.05",2024-11-13,"quantile","hospital admissions",0
"50",2024-11-03,"GR",508,"0.1",2024-11-13,"quantile","hospital admissions",0
"51",2024-11-03,"GR",516,"0.15",2024-11-13,"quantile","hospital admissions",0
"52",2024-11-03,"GR",523,"0.2",2024-11-13,"quantile","hospital admissions",0
"53",2024-11-03,"GR",529,"0.25",2024-11-13,"quantile","hospital admissions",0
"54",2024-11-03,"GR",535,"0.3",2024-11-13,"quantile","hospital admissions",0
"55",2024-11-03,"GR",542,"0.35",2024-11-13,"quantile","hospital admissions",0
"56",2024-11-03,"GR",550.6,"0.4",2024-11-13,"quantile","hospital admissions",0
"57",2024-11-03,"GR",562,"0.45",2024-11-13,"quantile","hospital admissions",0
"58",2024-11-03,"GR",596,"0.5",2024-11-13,"quantile","hospital admissions",0
"59",2024-11-03,"GR",636,"0.55",2024-11-13,"quantile","hospital admissions",0
"60",2024-11-03,"GR",651,"0.6",2024-11-13,"quantile","hospital admissions",0
"61",2024-11-03,"GR",661,"0.65",2024-11-13,"quantile","hospital admissions",0
"62",2024-11-03,"GR",670,"0.7",2024-11-13,"quantile","hospital admissions",0
"63",2024-11-03,"GR",678,"0.75",2024-11-13,"quantile","hospital admissions",0
"64",2024-11-03,"GR",686.200000000001,"0.8",2024-11-13,"quantile","hospital admissions",0
"65",2024-11-03,"GR",695,"0.85",2024-11-13,"quantile","hospital admissions",0
"66",2024-11-03,"GR",706,"0.9",2024-11-13,"quantile","hospital admissions",0
"67",2024-11-03,"GR",719,"0.95",2024-11-13,"quantile","hospital admissions",0
"68",2024-11-03,"GR",731.025,"0.975",2024-11-13,"quantile","hospital admissions",0
"69",2024-11-03,"GR",745,"0.99",2024-11-13,"quantile","hospital admissions",0
"70",2024-11-03,"HU",51,"0.01",2024-11-13,"quantile","hospital admissions",0
"71",2024-11-03,"HU",55,"0.025",2024-11-13,"quantile","hospital admissions",0
"72",2024-11-03,"HU",57,"0.05",2024-11-13,"quantile","hospital admissions",0
"73",2024-11-03,"HU",60,"0.1",2024-11-13,"quantile","hospital admissions",0
"74",2024-11-03,"HU",62,"0.15",2024-11-13,"quantile","hospital admissions",0
"75",2024-11-03,"HU",64,"0.2",2024-11-13,"quantile","hospital admissions",0
"76",2024-11-03,"HU",66,"0.25",2024-11-13,"quantile","hospital admissions",0
"77",2024-11-03,"HU",67,"0.3",2024-11-13,"quantile","hospital admissions",0
"78",2024-11-03,"HU",68,"0.35",2024-11-13,"quantile","hospital admissions",0
"79",2024-11-03,"HU",69,"0.4",2024-11-13,"quantile","hospital admissions",0
"80",2024-11-03,"HU",71,"0.45",2024-11-13,"quantile","hospital admissions",0
"81",2024-11-03,"HU",72,"0.5",2024-11-13,"quantile","hospital admissions",0
"82",2024-11-03,"HU",73,"0.55",2024-11-13,"quantile","hospital admissions",0
"83",2024-11-03,"HU",74,"0.6",2024-11-13,"quantile","hospital admissions",0
"84",2024-11-03,"HU",75,"0.65",2024-11-13,"quantile","hospital admissions",0
"85",2024-11-03,"HU",77,"0.7",2024-11-13,"quantile","hospital admissions",0
"86",2024-11-03,"HU",78,"0.75",2024-11-13,"quantile","hospital admissions",0
"87",2024-11-03,"HU",80,"0.8",2024-11-13,"quantile","hospital admissions",0
"88",2024-11-03,"HU",82,"0.85",2024-11-13,"quantile","hospital admissions",0
"89",2024-11-03,"HU",84,"0.9",2024-11-13,"quantile","hospital admissions",0
"90",2024-11-03,"HU",88,"0.95",2024-11-13,"quantile","hospital admissions",0
"91",2024-11-03,"HU",91,"0.975",2024-11-13,"quantile","hospital admissions",0
"92",2024-11-03,"HU",94,"0.99",2024-11-13,"quantile","hospital admissions",0
"93",2024-11-03,"IE",119,"0.01",2024-11-13,"quantile","hospital admissions",0
"94",2024-11-03,"IE",124,"0.025",2024-11-13,"quantile","hospital admissions",0
"95",2024-11-03,"IE",129,"0.05",2024-11-13,"quantile","hospital admissions",0
"96",2024-11-03,"IE",134,"0.1",2024-11-13,"quantile","hospital admissions",0
"97",2024-11-03,"IE",138,"0.15",2024-11-13,"quantile","hospital admissions",0
"98",2024-11-03,"IE",141,"0.2",2024-11-13,"quantile","hospital admissions",0
"99",2024-11-03,"IE",144,"0.25",2024-11-13,"quantile","hospital admissions",0
"100",2024-11-03,"IE",146,"0.3",2024-11-13,"quantile","hospital admissions",0
"101",2024-11-03,"IE",149,"0.35",2024-11-13,"quantile","hospital admissions",0
"102",2024-11-03,"IE",151,"0.4",2024-11-13,"quantile","hospital admissions",0
"103",2024-11-03,"IE",153,"0.45",2024-11-13,"quantile","hospital admissions",0
"104",2024-11-03,"IE",155,"0.5",2024-11-13,"quantile","hospital admissions",0
"105",2024-11-03,"IE",157,"0.55",2024-11-13,"quantile","hospital admissions",0
"106",2024-11-03,"IE",159,"0.6",2024-11-13,"quantile","hospital admissions",0
"107",2024-11-03,"IE",161,"0.65",2024-11-13,"quantile","hospital admissions",0
"108",2024-11-03,"IE",163,"0.7",2024-11-13,"quantile","hospital admissions",0
"109",2024-11-03,"IE",166,"0.75",2024-11-13,"quantile","hospital admissions",0
"110",2024-11-03,"IE",168,"0.8",2024-11-13,"quantile","hospital admissions",0
"111",2024-11-03,"IE",171,"0.85",2024-11-13,"quantile","hospital admissions",0
"112",2024-11-03,"IE",175,"0.9",2024-11-13,"quantile","hospital admissions",0
"113",2024-11-03,"IE",181,"0.95",2024-11-13,"quantile","hospital admissions",0
"114",2024-11-03,"IE",186,"0.975",2024-11-13,"quantile","hospital admissions",0
"115",2024-11-03,"IE",192,"0.99",2024-11-13,"quantile","hospital admissions",0
"116",2024-11-03,"MT",0,"0.01",2024-11-13,"quantile","hospital admissions",0
"117",2024-11-03,"MT",0,"0.025",2024-11-13,"quantile","hospital admissions",0
"118",2024-11-03,"MT",1,"0.05",2024-11-13,"quantile","hospital admissions",0
"119",2024-11-03,"MT",1,"0.1",2024-11-13,"quantile","hospital admissions",0
"120",2024-11-03,"MT",2,"0.15",2024-11-13,"quantile","hospital admissions",0
"121",2024-11-03,"MT",2,"0.2",2024-11-13,"quantile","hospital admissions",0
"122",2024-11-03,"MT",2,"0.25",2024-11-13,"quantile","hospital admissions",0
"123",2024-11-03,"MT",3,"0.3",2024-11-13,"quantile","hospital admissions",0
"124",2024-11-03,"MT",3,"0.35",2024-11-13,"quantile","hospital admissions",0
"125",2024-11-03,"MT",3,"0.4",2024-11-13,"quantile","hospital admissions",0
"126",2024-11-03,"MT",4,"0.45",2024-11-13,"quantile","hospital admissions",0
"127",2024-11-03,"MT",4,"0.5",2024-11-13,"quantile","hospital admissions",0
"128",2024-11-03,"MT",4,"0.55",2024-11-13,"quantile","hospital admissions",0
"129",2024-11-03,"MT",5,"0.6",2024-11-13,"quantile","hospital admissions",0
"130",2024-11-03,"MT",5,"0.65",2024-11-13,"quantile","hospital admissions",0
"131",2024-11-03,"MT",5,"0.7",2024-11-13,"quantile","hospital admissions",0
"132",2024-11-03,"MT",6,"0.75",2024-11-13,"quantile","hospital admissions",0
"133",2024-11-03,"MT",6,"0.8",2024-11-13,"quantile","hospital admissions",0
"134",2024-11-03,"MT",7,"0.85",2024-11-13,"quantile","hospital admissions",0
"135",2024-11-03,"MT",7,"0.9",2024-11-13,"quantile","hospital admissions",0
"136",2024-11-03,"MT",9,"0.95",2024-11-13,"quantile","hospital admissions",0
"137",2024-11-03,"MT",10,"0.975",2024-11-13,"quantile","hospital admissions",0
"138",2024-11-03,"MT",11,"0.99",2024-11-13,"quantile","hospital admissions",0
"139",2024-11-03,"SK",37,"0.01",2024-11-13,"quantile","hospital admissions",0
"140",2024-11-03,"SK",40,"0.025",2024-11-13,"quantile","hospital admissions",0
"141",2024-11-03,"SK",43,"0.05",2024-11-13,"quantile","hospital admissions",0
"142",2024-11-03,"SK",46,"0.1",2024-11-13,"quantile","hospital admissions",0
"143",2024-11-03,"SK",48,"0.15",2024-11-13,"quantile","hospital admissions",0
"144",2024-11-03,"SK",50,"0.2",2024-11-13,"quantile","hospital admissions",0
"145",2024-11-03,"SK",52,"0.25",2024-11-13,"quantile","hospital admissions",0
"146",2024-11-03,"SK",53,"0.3",2024-11-13,"quantile","hospital admissions",0
"147",2024-11-03,"SK",54,"0.35",2024-11-13,"quantile","hospital admissions",0
"148",2024-11-03,"SK",55.6000000000004,"0.4",2024-11-13,"quantile","hospital admissions",0
"149",2024-11-03,"SK",57,"0.45",2024-11-13,"quantile","hospital admissions",0
"150",2024-11-03,"SK",58,"0.5",2024-11-13,"quantile","hospital admissions",0
"151",2024-11-03,"SK",59,"0.55",2024-11-13,"quantile","hospital admissions",0
"152",2024-11-03,"SK",60,"0.6",2024-11-13,"quantile","hospital admissions",0
"153",2024-11-03,"SK",62,"0.65",2024-11-13,"quantile","hospital admissions",0
"154",2024-11-03,"SK",63,"0.7",2024-11-13,"quantile","hospital admissions",0
"155",2024-11-03,"SK",64.2500000000009,"0.75",2024-11-13,"quantile","hospital admissions",0
"156",2024-11-03,"SK",66,"0.8",2024-11-13,"quantile","hospital admissions",0
"157",2024-11-03,"SK",68,"0.85",2024-11-13,"quantile","hospital admissions",0
"158",2024-11-03,"SK",71,"0.9",2024-11-13,"quantile","hospital admissions",0
"159",2024-11-03,"SK",75,"0.95",2024-11-13,"quantile","hospital admissions",0
"160",2024-11-03,"SK",78,"0.975",2024-11-13,"quantile","hospital admissions",0
"161",2024-11-03,"SK",83,"0.99",2024-11-13,"quantile","hospital admissions",0
"162",2024-11-10,"CY",12,"0.01",2024-11-13,"quantile","hospital admissions",1
"163",2024-11-10,"CY",14,"0.025",2024-11-13,"quantile","hospital admissions",1
"164",2024-11-10,"CY",16,"0.05",2024-11-13,"quantile","hospital admissions",1
"165",2024-11-10,"CY",17,"0.1",2024-11-13,"quantile","hospital admissions",1
"166",2024-11-10,"CY",19,"0.15",2024-11-13,"quantile","hospital admissions",1
"167",2024-11-10,"CY",20,"0.2",2024-11-13,"quantile","hospital admissions",1
"168",2024-11-10,"CY",20,"0.25",2024-11-13,"quantile","hospital admissions",1
"169",2024-11-10,"CY",21,"0.3",2024-11-13,"quantile","hospital admissions",1
"170",2024-11-10,"CY",22,"0.35",2024-11-13,"quantile","hospital admissions",1
"171",2024-11-10,"CY",23,"0.4",2024-11-13,"quantile","hospital admissions",1
"172",2024-11-10,"CY",24,"0.45",2024-11-13,"quantile","hospital admissions",1
"173",2024-11-10,"CY",24,"0.5",2024-11-13,"quantile","hospital admissions",1
"174",2024-11-10,"CY",25,"0.55",2024-11-13,"quantile","hospital admissions",1
"175",2024-11-10,"CY",26,"0.6",2024-11-13,"quantile","hospital admissions",1
"176",2024-11-10,"CY",27,"0.65",2024-11-13,"quantile","hospital admissions",1
"177",2024-11-10,"CY",27,"0.7",2024-11-13,"quantile","hospital admissions",1
"178",2024-11-10,"CY",28,"0.75",2024-11-13,"quantile","hospital admissions",1
"179",2024-11-10,"CY",29,"0.8",2024-11-13,"quantile","hospital admissions",1
"180",2024-11-10,"CY",30,"0.85",2024-11-13,"quantile","hospital admissions",1
"181",2024-11-10,"CY",32,"0.9",2024-11-13,"quantile","hospital admissions",1
"182",2024-11-10,"CY",34,"0.95",2024-11-13,"quantile","hospital admissions",1
"183",2024-11-10,"CY",36,"0.975",2024-11-13,"quantile","hospital admissions",1
"184",2024-11-10,"CY",38,"0.99",2024-11-13,"quantile","hospital admissions",1
"185",2024-11-10,"CZ",140,"0.01",2024-11-13,"quantile","hospital admissions",1
"186",2024-11-10,"CZ",149,"0.025",2024-11-13,"quantile","hospital admissions",1
"187",2024-11-10,"CZ",156,"0.05",2024-11-13,"quantile","hospital admissions",1
"188",2024-11-10,"CZ",164,"0.1",2024-11-13,"quantile","hospital admissions",1
"189",2024-11-10,"CZ",169,"0.15",2024-11-13,"quantile","hospital admissions",1
"190",2024-11-10,"CZ",173,"0.2",2024-11-13,"quantile","hospital admissions",1
"191",2024-11-10,"CZ",176,"0.25",2024-11-13,"quantile","hospital admissions",1
"192",2024-11-10,"CZ",179,"0.3",2024-11-13,"quantile","hospital admissions",1
"193",2024-11-10,"CZ",182,"0.35",2024-11-13,"quantile","hospital admissions",1
"194",2024-11-10,"CZ",184,"0.4",2024-11-13,"quantile","hospital admissions",1
"195",2024-11-10,"CZ",187,"0.45",2024-11-13,"quantile","hospital admissions",1
"196",2024-11-10,"CZ",189,"0.5",2024-11-13,"quantile","hospital admissions",1
"197",2024-11-10,"CZ",192,"0.55",2024-11-13,"quantile","hospital admissions",1
"198",2024-11-10,"CZ",194,"0.6",2024-11-13,"quantile","hospital admissions",1
"199",2024-11-10,"CZ",197,"0.65",2024-11-13,"quantile","hospital admissions",1
"200",2024-11-10,"CZ",200,"0.7",2024-11-13,"quantile","hospital admissions",1
"201",2024-11-10,"CZ",204,"0.75",2024-11-13,"quantile","hospital admissions",1
"202",2024-11-10,"CZ",207,"0.8",2024-11-13,"quantile","hospital admissions",1
"203",2024-11-10,"CZ",212,"0.85",2024-11-13,"quantile","hospital admissions",1
"204",2024-11-10,"CZ",219,"0.9",2024-11-13,"quantile","hospital admissions",1
"205",2024-11-10,"CZ",230,"0.95",2024-11-13,"quantile","hospital admissions",1
"206",2024-11-10,"CZ",239,"0.975",2024-11-13,"quantile","hospital admissions",1
"207",2024-11-10,"CZ",252,"0.99",2024-11-13,"quantile","hospital admissions",1
"208",2024-11-10,"GR",477,"0.01",2024-11-13,"quantile","hospital admissions",1
"209",2024-11-10,"GR",487,"0.025",2024-11-13,"quantile","hospital admissions",1
"210",2024-11-10,"GR",495,"0.05",2024-11-13,"quantile","hospital admissions",1
"211",2024-11-10,"GR",506,"0.1",2024-11-13,"quantile","hospital admissions",1
"212",2024-11-10,"GR",514,"0.15",2024-11-13,"quantile","hospital admissions",1
"213",2024-11-10,"GR",522,"0.2",2024-11-13,"quantile","hospital admissions",1
"214",2024-11-10,"GR",529,"0.25",2024-11-13,"quantile","hospital admissions",1
"215",2024-11-10,"GR",536,"0.3",2024-11-13,"quantile","hospital admissions",1
"216",2024-11-10,"GR",543,"0.35",2024-11-13,"quantile","hospital admissions",1
"217",2024-11-10,"GR",552,"0.4",2024-11-13,"quantile","hospital admissions",1
"218",2024-11-10,"GR",564,"0.45",2024-11-13,"quantile","hospital admissions",1
"219",2024-11-10,"GR",620,"0.5",2024-11-13,"quantile","hospital admissions",1
"220",2024-11-10,"GR",686.450000000001,"0.55",2024-11-13,"quantile","hospital admissions",1
"221",2024-11-10,"GR",702,"0.6",2024-11-13,"quantile","hospital admissions",1
"222",2024-11-10,"GR",712,"0.65",2024-11-13,"quantile","hospital admissions",1
"223",2024-11-10,"GR",721,"0.7",2024-11-13,"quantile","hospital admissions",1
"224",2024-11-10,"GR",730,"0.75",2024-11-13,"quantile","hospital admissions",1
"225",2024-11-10,"GR",738,"0.8",2024-11-13,"quantile","hospital admissions",1
"226",2024-11-10,"GR",748,"0.85",2024-11-13,"quantile","hospital admissions",1
"227",2024-11-10,"GR",759,"0.9",2024-11-13,"quantile","hospital admissions",1
"228",2024-11-10,"GR",776,"0.95",2024-11-13,"quantile","hospital admissions",1
"229",2024-11-10,"GR",789,"0.975",2024-11-13,"quantile","hospital admissions",1
"230",2024-11-10,"GR",803,"0.99",2024-11-13,"quantile","hospital admissions",1
"231",2024-11-10,"HU",40,"0.01",2024-11-13,"quantile","hospital admissions",1
"232",2024-11-10,"HU",43,"0.025",2024-11-13,"quantile","hospital admissions",1
"233",2024-11-10,"HU",46,"0.05",2024-11-13,"quantile","hospital admissions",1
"234",2024-11-10,"HU",48,"0.1",2024-11-13,"quantile","hospital admissions",1
"235",2024-11-10,"HU",51,"0.15",2024-11-13,"quantile","hospital admissions",1
"236",2024-11-10,"HU",52,"0.2",2024-11-13,"quantile","hospital admissions",1
"237",2024-11-10,"HU",53,"0.25",2024-11-13,"quantile","hospital admissions",1
"238",2024-11-10,"HU",55,"0.3",2024-11-13,"quantile","hospital admissions",1
"239",2024-11-10,"HU",56,"0.35",2024-11-13,"quantile","hospital admissions",1
"240",2024-11-10,"HU",57,"0.4",2024-11-13,"quantile","hospital admissions",1
"241",2024-11-10,"HU",58,"0.45",2024-11-13,"quantile","hospital admissions",1
"242",2024-11-10,"HU",59,"0.5",2024-11-13,"quantile","hospital admissions",1
"243",2024-11-10,"HU",60,"0.55",2024-11-13,"quantile","hospital admissions",1
"244",2024-11-10,"HU",61,"0.6",2024-11-13,"quantile","hospital admissions",1
"245",2024-11-10,"HU",62,"0.65",2024-11-13,"quantile","hospital admissions",1
"246",2024-11-10,"HU",64,"0.7",2024-11-13,"quantile","hospital admissions",1
"247",2024-11-10,"HU",65,"0.75",2024-11-13,"quantile","hospital admissions",1
"248",2024-11-10,"HU",66,"0.8",2024-11-13,"quantile","hospital admissions",1
"249",2024-11-10,"HU",68,"0.85",2024-11-13,"quantile","hospital admissions",1
"250",2024-11-10,"HU",70,"0.9",2024-11-13,"quantile","hospital admissions",1
"251",2024-11-10,"HU",74,"0.95",2024-11-13,"quantile","hospital admissions",1
"252",2024-11-10,"HU",77,"0.975",2024-11-13,"quantile","hospital admissions",1
"253",2024-11-10,"HU",80,"0.99",2024-11-13,"quantile","hospital admissions",1
"254",2024-11-10,"IE",119.99,"0.01",2024-11-13,"quantile","hospital admissions",1
"255",2024-11-10,"IE",124.975,"0.025",2024-11-13,"quantile","hospital admissions",1
"256",2024-11-10,"IE",130,"0.05",2024-11-13,"quantile","hospital admissions",1
"257",2024-11-10,"IE",136,"0.1",2024-11-13,"quantile","hospital admissions",1
"258",2024-11-10,"IE",140,"0.15",2024-11-13,"quantile","hospital admissions",1
"259",2024-11-10,"IE",143,"0.2",2024-11-13,"quantile","hospital admissions",1
"260",2024-11-10,"IE",146,"0.25",2024-11-13,"quantile","hospital admissions",1
"261",2024-11-10,"IE",149,"0.3",2024-11-13,"quantile","hospital admissions",1
"262",2024-11-10,"IE",151,"0.35",2024-11-13,"quantile","hospital admissions",1
"263",2024-11-10,"IE",153,"0.4",2024-11-13,"quantile","hospital admissions",1
"264",2024-11-10,"IE",155,"0.45",2024-11-13,"quantile","hospital admissions",1
"265",2024-11-10,"IE",157,"0.5",2024-11-13,"quantile","hospital admissions",1
"266",2024-11-10,"IE",160,"0.55",2024-11-13,"quantile","hospital admissions",1
"267",2024-11-10,"IE",162,"0.6",2024-11-13,"quantile","hospital admissions",1
"268",2024-11-10,"IE",164,"0.65",2024-11-13,"quantile","hospital admissions",1
"269",2024-11-10,"IE",166,"0.7",2024-11-13,"quantile","hospital admissions",1
"270",2024-11-10,"IE",169,"0.75",2024-11-13,"quantile","hospital admissions",1
"271",2024-11-10,"IE",171,"0.8",2024-11-13,"quantile","hospital admissions",1
"272",2024-11-10,"IE",174,"0.85",2024-11-13,"quantile","hospital admissions",1
"273",2024-11-10,"IE",178,"0.9",2024-11-13,"quantile","hospital admissions",1
"274",2024-11-10,"IE",184,"0.95",2024-11-13,"quantile","hospital admissions",1
"275",2024-11-10,"IE",189,"0.975",2024-11-13,"quantile","hospital admissions",1
"276",2024-11-10,"IE",195,"0.99",2024-11-13,"quantile","hospital admissions",1
"277",2024-11-10,"MT",0,"0.01",2024-11-13,"quantile","hospital admissions",1
"278",2024-11-10,"MT",0,"0.025",2024-11-13,"quantile","hospital admissions",1
"279",2024-11-10,"MT",1,"0.05",2024-11-13,"quantile","hospital admissions",1
"280",2024-11-10,"MT",1,"0.1",2024-11-13,"quantile","hospital admissions",1
"281",2024-11-10,"MT",2,"0.15",2024-11-13,"quantile","hospital admissions",1
"282",2024-11-10,"MT",2,"0.2",2024-11-13,"quantile","hospital admissions",1
"283",2024-11-10,"MT",2,"0.25",2024-11-13,"quantile","hospital admissions",1
"284",2024-11-10,"MT",3,"0.3",2024-11-13,"quantile","hospital admissions",1
"285",2024-11-10,"MT",3,"0.35",2024-11-13,"quantile","hospital admissions",1
"286",2024-11-10,"MT",3,"0.4",2024-11-13,"quantile","hospital admissions",1
"287",2024-11-10,"MT",4,"0.45",2024-11-13,"quantile","hospital admissions",1
"288",2024-11-10,"MT",4,"0.5",2024-11-13,"quantile","hospital admissions",1
"289",2024-11-10,"MT",4,"0.55",2024-11-13,"quantile","hospital admissions",1
"290",2024-11-10,"MT",5,"0.6",2024-11-13,"quantile","hospital admissions",1
"291",2024-11-10,"MT",5,"0.65",2024-11-13,"quantile","hospital admissions",1
"292",2024-11-10,"MT",5,"0.7",2024-11-13,"quantile","hospital admissions",1
"293",2024-11-10,"MT",6,"0.75",2024-11-13,"quantile","hospital admissions",1
"294",2024-11-10,"MT",6,"0.8",2024-11-13,"quantile","hospital admissions",1
"295",2024-11-10,"MT",7,"0.85",2024-11-13,"quantile","hospital admissions",1
"296",2024-11-10,"MT",8,"0.9",2024-11-13,"quantile","hospital admissions",1
"297",2024-11-10,"MT",9,"0.95",2024-11-13,"quantile","hospital admissions",1
"298",2024-11-10,"MT",10,"0.975",2024-11-13,"quantile","hospital admissions",1
"299",2024-11-10,"MT",12,"0.99",2024-11-13,"quantile","hospital admissions",1
"300",2024-11-10,"SK",32,"0.01",2024-11-13,"quantile","hospital admissions",1
"301",2024-11-10,"SK",35,"0.025",2024-11-13,"quantile","hospital admissions",1
"302",2024-11-10,"SK",37,"0.05",2024-11-13,"quantile","hospital admissions",1
"303",2024-11-10,"SK",40,"0.1",2024-11-13,"quantile","hospital admissions",1
"304",2024-11-10,"SK",42,"0.15",2024-11-13,"quantile","hospital admissions",1
"305",2024-11-10,"SK",44,"0.2",2024-11-13,"quantile","hospital admissions",1
"306",2024-11-10,"SK",45,"0.25",2024-11-13,"quantile","hospital admissions",1
"307",2024-11-10,"SK",46,"0.3",2024-11-13,"quantile","hospital admissions",1
"308",2024-11-10,"SK",47,"0.35",2024-11-13,"quantile","hospital admissions",1
"309",2024-11-10,"SK",49,"0.4",2024-11-13,"quantile","hospital admissions",1
"310",2024-11-10,"SK",50,"0.45",2024-11-13,"quantile","hospital admissions",1
"311",2024-11-10,"SK",51,"0.5",2024-11-13,"quantile","hospital admissions",1
"312",2024-11-10,"SK",52,"0.55",2024-11-13,"quantile","hospital admissions",1
"313",2024-11-10,"SK",53,"0.6",2024-11-13,"quantile","hospital admissions",1
"314",2024-11-10,"SK",54,"0.65",2024-11-13,"quantile","hospital admissions",1
"315",2024-11-10,"SK",55,"0.7",2024-11-13,"quantile","hospital admissions",1
"316",2024-11-10,"SK",57,"0.75",2024-11-13,"quantile","hospital admissions",1
"317",2024-11-10,"SK",58,"0.8",2024-11-13,"quantile","hospital admissions",1
"318",2024-11-10,"SK",60,"0.85",2024-11-13,"quantile","hospital admissions",1
"319",2024-11-10,"SK",62,"0.9",2024-11-13,"quantile","hospital admissions",1
"320",2024-11-10,"SK",66,"0.95",2024-11-13,"quantile","hospital admissions",1
"321",2024-11-10,"SK",69,"0.975",2024-11-13,"quantile","hospital admissions",1
"322",2024-11-10,"SK",73,"0.99",2024-11-13,"quantile","hospital admissions",1
"323",2024-11-17,"CY",13,"0.01",2024-11-13,"quantile","hospital admissions",2
"324",2024-11-17,"CY",15,"0.025",2024-11-13,"quantile","hospital admissions",2
"325",2024-11-17,"CY",16,"0.05",2024-11-13,"quantile","hospital admissions",2
"326",2024-11-17,"CY",18,"0.1",2024-11-13,"quantile","hospital admissions",2
"327",2024-11-17,"CY",20,"0.15",2024-11-13,"quantile","hospital admissions",2
"328",2024-11-17,"CY",21,"0.2",2024-11-13,"quantile","hospital admissions",2
"329",2024-11-17,"CY",21,"0.25",2024-11-13,"quantile","hospital admissions",2
"330",2024-11-17,"CY",22,"0.3",2024-11-13,"quantile","hospital admissions",2
"331",2024-11-17,"CY",23,"0.35",2024-11-13,"quantile","hospital admissions",2
"332",2024-11-17,"CY",24,"0.4",2024-11-13,"quantile","hospital admissions",2
"333",2024-11-17,"CY",25,"0.45",2024-11-13,"quantile","hospital admissions",2
"334",2024-11-17,"CY",25,"0.5",2024-11-13,"quantile","hospital admissions",2
"335",2024-11-17,"CY",26,"0.55",2024-11-13,"quantile","hospital admissions",2
"336",2024-11-17,"CY",27,"0.6",2024-11-13,"quantile","hospital admissions",2
"337",2024-11-17,"CY",27,"0.65",2024-11-13,"quantile","hospital admissions",2
"338",2024-11-17,"CY",28,"0.7",2024-11-13,"quantile","hospital admissions",2
"339",2024-11-17,"CY",29,"0.75",2024-11-13,"quantile","hospital admissions",2
"340",2024-11-17,"CY",30,"0.8",2024-11-13,"quantile","hospital admissions",2
"341",2024-11-17,"CY",31,"0.85",2024-11-13,"quantile","hospital admissions",2
"342",2024-11-17,"CY",33,"0.9",2024-11-13,"quantile","hospital admissions",2
"343",2024-11-17,"CY",35,"0.95",2024-11-13,"quantile","hospital admissions",2
"344",2024-11-17,"CY",37,"0.975",2024-11-13,"quantile","hospital admissions",2
"345",2024-11-17,"CY",40,"0.99",2024-11-13,"quantile","hospital admissions",2
"346",2024-11-17,"CZ",121,"0.01",2024-11-13,"quantile","hospital admissions",2
"347",2024-11-17,"CZ",128,"0.025",2024-11-13,"quantile","hospital admissions",2
"348",2024-11-17,"CZ",133,"0.05",2024-11-13,"quantile","hospital admissions",2
"349",2024-11-17,"CZ",140,"0.1",2024-11-13,"quantile","hospital admissions",2
"350",2024-11-17,"CZ",144,"0.15",2024-11-13,"quantile","hospital admissions",2
"351",2024-11-17,"CZ",147,"0.2",2024-11-13,"quantile","hospital admissions",2
"352",2024-11-17,"CZ",150,"0.25",2024-11-13,"quantile","hospital admissions",2
"353",2024-11-17,"CZ",153,"0.3",2024-11-13,"quantile","hospital admissions",2
"354",2024-11-17,"CZ",155,"0.35",2024-11-13,"quantile","hospital admissions",2
"355",2024-11-17,"CZ",158,"0.4",2024-11-13,"quantile","hospital admissions",2
"356",2024-11-17,"CZ",160,"0.45",2024-11-13,"quantile","hospital admissions",2
"357",2024-11-17,"CZ",163,"0.5",2024-11-13,"quantile","hospital admissions",2
"358",2024-11-17,"CZ",165,"0.55",2024-11-13,"quantile","hospital admissions",2
"359",2024-11-17,"CZ",168,"0.6",2024-11-13,"quantile","hospital admissions",2
"360",2024-11-17,"CZ",170,"0.65",2024-11-13,"quantile","hospital admissions",2
"361",2024-11-17,"CZ",173,"0.7",2024-11-13,"quantile","hospital admissions",2
"362",2024-11-17,"CZ",177,"0.75",2024-11-13,"quantile","hospital admissions",2
"363",2024-11-17,"CZ",181,"0.8",2024-11-13,"quantile","hospital admissions",2
"364",2024-11-17,"CZ",186,"0.85",2024-11-13,"quantile","hospital admissions",2
"365",2024-11-17,"CZ",193,"0.9",2024-11-13,"quantile","hospital admissions",2
"366",2024-11-17,"CZ",204,"0.95",2024-11-13,"quantile","hospital admissions",2
"367",2024-11-17,"CZ",215,"0.975",2024-11-13,"quantile","hospital admissions",2
"368",2024-11-17,"CZ",225,"0.99",2024-11-13,"quantile","hospital admissions",2
"369",2024-11-17,"GR",476,"0.01",2024-11-13,"quantile","hospital admissions",2
"370",2024-11-17,"GR",486,"0.025",2024-11-13,"quantile","hospital admissions",2
"371",2024-11-17,"GR",496,"0.05",2024-11-13,"quantile","hospital admissions",2
"372",2024-11-17,"GR",508,"0.1",2024-11-13,"quantile","hospital admissions",2
"373",2024-11-17,"GR",517,"0.15",2024-11-13,"quantile","hospital admissions",2
"374",2024-11-17,"GR",524,"0.2",2024-11-13,"quantile","hospital admissions",2
"375",2024-11-17,"GR",531,"0.25",2024-11-13,"quantile","hospital admissions",2
"376",2024-11-17,"GR",538,"0.3",2024-11-13,"quantile","hospital admissions",2
"377",2024-11-17,"GR",546,"0.35",2024-11-13,"quantile","hospital admissions",2
"378",2024-11-17,"GR",554,"0.4",2024-11-13,"quantile","hospital admissions",2
"379",2024-11-17,"GR",567,"0.45",2024-11-13,"quantile","hospital admissions",2
"380",2024-11-17,"GR",644.5,"0.5",2024-11-13,"quantile","hospital admissions",2
"381",2024-11-17,"GR",742,"0.55",2024-11-13,"quantile","hospital admissions",2
"382",2024-11-17,"GR",757,"0.6",2024-11-13,"quantile","hospital admissions",2
"383",2024-11-17,"GR",769,"0.65",2024-11-13,"quantile","hospital admissions",2
"384",2024-11-17,"GR",779,"0.7",2024-11-13,"quantile","hospital admissions",2
"385",2024-11-17,"GR",788,"0.75",2024-11-13,"quantile","hospital admissions",2
"386",2024-11-17,"GR",797,"0.8",2024-11-13,"quantile","hospital admissions",2
"387",2024-11-17,"GR",807,"0.85",2024-11-13,"quantile","hospital admissions",2
"388",2024-11-17,"GR",819,"0.9",2024-11-13,"quantile","hospital admissions",2
"389",2024-11-17,"GR",836,"0.95",2024-11-13,"quantile","hospital admissions",2
"390",2024-11-17,"GR",851,"0.975",2024-11-13,"quantile","hospital admissions",2
"391",2024-11-17,"GR",864,"0.99",2024-11-13,"quantile","hospital admissions",2
"392",2024-11-17,"HU",31,"0.01",2024-11-13,"quantile","hospital admissions",2
"393",2024-11-17,"HU",34,"0.025",2024-11-13,"quantile","hospital admissions",2
"394",2024-11-17,"HU",36,"0.05",2024-11-13,"quantile","hospital admissions",2
"395",2024-11-17,"HU",38,"0.1",2024-11-13,"quantile","hospital admissions",2
"396",2024-11-17,"HU",40,"0.15",2024-11-13,"quantile","hospital admissions",2
"397",2024-11-17,"HU",41,"0.2",2024-11-13,"quantile","hospital admissions",2
"398",2024-11-17,"HU",43,"0.25",2024-11-13,"quantile","hospital admissions",2
"399",2024-11-17,"HU",44,"0.3",2024-11-13,"quantile","hospital admissions",2
"400",2024-11-17,"HU",45,"0.35",2024-11-13,"quantile","hospital admissions",2
"401",2024-11-17,"HU",46,"0.4",2024-11-13,"quantile","hospital admissions",2
"402",2024-11-17,"HU",47,"0.45",2024-11-13,"quantile","hospital admissions",2
"403",2024-11-17,"HU",48,"0.5",2024-11-13,"quantile","hospital admissions",2
"404",2024-11-17,"HU",49,"0.55",2024-11-13,"quantile","hospital admissions",2
"405",2024-11-17,"HU",50,"0.6",2024-11-13,"quantile","hospital admissions",2
"406",2024-11-17,"HU",51,"0.65",2024-11-13,"quantile","hospital admissions",2
"407",2024-11-17,"HU",52,"0.7",2024-11-13,"quantile","hospital admissions",2
"408",2024-11-17,"HU",53,"0.75",2024-11-13,"quantile","hospital admissions",2
"409",2024-11-17,"HU",54,"0.8",2024-11-13,"quantile","hospital admissions",2
"410",2024-11-17,"HU",56,"0.85",2024-11-13,"quantile","hospital admissions",2
"411",2024-11-17,"HU",58,"0.9",2024-11-13,"quantile","hospital admissions",2
"412",2024-11-17,"HU",61,"0.95",2024-11-13,"quantile","hospital admissions",2
"413",2024-11-17,"HU",64,"0.975",2024-11-13,"quantile","hospital admissions",2
"414",2024-11-17,"HU",67,"0.99",2024-11-13,"quantile","hospital admissions",2
"415",2024-11-17,"IE",122,"0.01",2024-11-13,"quantile","hospital admissions",2
"416",2024-11-17,"IE",128,"0.025",2024-11-13,"quantile","hospital admissions",2
"417",2024-11-17,"IE",133,"0.05",2024-11-13,"quantile","hospital admissions",2
"418",2024-11-17,"IE",138,"0.1",2024-11-13,"quantile","hospital admissions",2
"419",2024-11-17,"IE",142,"0.15",2024-11-13,"quantile","hospital admissions",2
"420",2024-11-17,"IE",146,"0.2",2024-11-13,"quantile","hospital admissions",2
"421",2024-11-17,"IE",148,"0.25",2024-11-13,"quantile","hospital admissions",2
"422",2024-11-17,"IE",151,"0.3",2024-11-13,"quantile","hospital admissions",2
"423",2024-11-17,"IE",154,"0.35",2024-11-13,"quantile","hospital admissions",2
"424",2024-11-17,"IE",156,"0.4",2024-11-13,"quantile","hospital admissions",2
"425",2024-11-17,"IE",158,"0.45",2024-11-13,"quantile","hospital admissions",2
"426",2024-11-17,"IE",161,"0.5",2024-11-13,"quantile","hospital admissions",2
"427",2024-11-17,"IE",163,"0.55",2024-11-13,"quantile","hospital admissions",2
"428",2024-11-17,"IE",165,"0.6",2024-11-13,"quantile","hospital admissions",2
"429",2024-11-17,"IE",167,"0.65",2024-11-13,"quantile","hospital admissions",2
"430",2024-11-17,"IE",170,"0.7",2024-11-13,"quantile","hospital admissions",2
"431",2024-11-17,"IE",173,"0.75",2024-11-13,"quantile","hospital admissions",2
"432",2024-11-17,"IE",176,"0.8",2024-11-13,"quantile","hospital admissions",2
"433",2024-11-17,"IE",179,"0.85",2024-11-13,"quantile","hospital admissions",2
"434",2024-11-17,"IE",183,"0.9",2024-11-13,"quantile","hospital admissions",2
"435",2024-11-17,"IE",190,"0.95",2024-11-13,"quantile","hospital admissions",2
"436",2024-11-17,"IE",195,"0.975",2024-11-13,"quantile","hospital admissions",2
"437",2024-11-17,"IE",201,"0.99",2024-11-13,"quantile","hospital admissions",2
"438",2024-11-17,"MT",0,"0.01",2024-11-13,"quantile","hospital admissions",2
"439",2024-11-17,"MT",0,"0.025",2024-11-13,"quantile","hospital admissions",2
"440",2024-11-17,"MT",1,"0.05",2024-11-13,"quantile","hospital admissions",2
"441",2024-11-17,"MT",1,"0.1",2024-11-13,"quantile","hospital admissions",2
"442",2024-11-17,"MT",2,"0.15",2024-11-13,"quantile","hospital admissions",2
"443",2024-11-17,"MT",2,"0.2",2024-11-13,"quantile","hospital admissions",2
"444",2024-11-17,"MT",3,"0.25",2024-11-13,"quantile","hospital admissions",2
"445",2024-11-17,"MT",3,"0.3",2024-11-13,"quantile","hospital admissions",2
"446",2024-11-17,"MT",3,"0.35",2024-11-13,"quantile","hospital admissions",2
"447",2024-11-17,"MT",4,"0.4",2024-11-13,"quantile","hospital admissions",2
"448",2024-11-17,"MT",4,"0.45",2024-11-13,"quantile","hospital admissions",2
"449",2024-11-17,"MT",4,"0.5",2024-11-13,"quantile","hospital admissions",2
"450",2024-11-17,"MT",5,"0.55",2024-11-13,"quantile","hospital admissions",2
"451",2024-11-17,"MT",5,"0.6",2024-11-13,"quantile","hospital admissions",2
"452",2024-11-17,"MT",5,"0.65",2024-11-13,"quantile","hospital admissions",2
"453",2024-11-17,"MT",6,"0.7",2024-11-13,"quantile","hospital admissions",2
"454",2024-11-17,"MT",6,"0.75",2024-11-13,"quantile","hospital admissions",2
"455",2024-11-17,"MT",7,"0.8",2024-11-13,"quantile","hospital admissions",2
"456",2024-11-17,"MT",7,"0.85",2024-11-13,"quantile","hospital admissions",2
"457",2024-11-17,"MT",8,"0.9",2024-11-13,"quantile","hospital admissions",2
"458",2024-11-17,"MT",10,"0.95",2024-11-13,"quantile","hospital admissions",2
"459",2024-11-17,"MT",11,"0.975",2024-11-13,"quantile","hospital admissions",2
"460",2024-11-17,"MT",12,"0.99",2024-11-13,"quantile","hospital admissions",2
"461",2024-11-17,"SK",28,"0.01",2024-11-13,"quantile","hospital admissions",2
"462",2024-11-17,"SK",30,"0.025",2024-11-13,"quantile","hospital admissions",2
"463",2024-11-17,"SK",32,"0.05",2024-11-13,"quantile","hospital admissions",2
"464",2024-11-17,"SK",35,"0.1",2024-11-13,"quantile","hospital admissions",2
"465",2024-11-17,"SK",37,"0.15",2024-11-13,"quantile","hospital admissions",2
"466",2024-11-17,"SK",38,"0.2",2024-11-13,"quantile","hospital admissions",2
"467",2024-11-17,"SK",39,"0.25",2024-11-13,"quantile","hospital admissions",2
"468",2024-11-17,"SK",40,"0.3",2024-11-13,"quantile","hospital admissions",2
"469",2024-11-17,"SK",41,"0.35",2024-11-13,"quantile","hospital admissions",2
"470",2024-11-17,"SK",42,"0.4",2024-11-13,"quantile","hospital admissions",2
"471",2024-11-17,"SK",43,"0.45",2024-11-13,"quantile","hospital admissions",2
"472",2024-11-17,"SK",44,"0.5",2024-11-13,"quantile","hospital admissions",2
"473",2024-11-17,"SK",45,"0.55",2024-11-13,"quantile","hospital admissions",2
"474",2024-11-17,"SK",46,"0.6",2024-11-13,"quantile","hospital admissions",2
"475",2024-11-17,"SK",48,"0.65",2024-11-13,"quantile","hospital admissions",2
"476",2024-11-17,"SK",49,"0.7",2024-11-13,"quantile","hospital admissions",2
"477",2024-11-17,"SK",50,"0.75",2024-11-13,"quantile","hospital admissions",2
"478",2024-11-17,"SK",51,"0.8",2024-11-13,"quantile","hospital admissions",2
"479",2024-11-17,"SK",53,"0.85",2024-11-13,"quantile","hospital admissions",2
"480",2024-11-17,"SK",55,"0.9",2024-11-13,"quantile","hospital admissions",2
"481",2024-11-17,"SK",59,"0.95",2024-11-13,"quantile","hospital admissions",2
"482",2024-11-17,"SK",61,"0.975",2024-11-13,"quantile","hospital admissions",2
"483",2024-11-17,"SK",65,"0.99",2024-11-13,"quantile","hospital admissions",2
"484",2024-11-24,"CY",14,"0.01",2024-11-13,"quantile","hospital admissions",3
"485",2024-11-24,"CY",16,"0.025",2024-11-13,"quantile","hospital admissions",3
"486",2024-11-24,"CY",17,"0.05",2024-11-13,"quantile","hospital admissions",3
"487",2024-11-24,"CY",19,"0.1",2024-11-13,"quantile","hospital admissions",3
"488",2024-11-24,"CY",20,"0.15",2024-11-13,"quantile","hospital admissions",3
"489",2024-11-24,"CY",21,"0.2",2024-11-13,"quantile","hospital admissions",3
"490",2024-11-24,"CY",22,"0.25",2024-11-13,"quantile","hospital admissions",3
"491",2024-11-24,"CY",23,"0.3",2024-11-13,"quantile","hospital admissions",3
"492",2024-11-24,"CY",24,"0.35",2024-11-13,"quantile","hospital admissions",3
"493",2024-11-24,"CY",25,"0.4",2024-11-13,"quantile","hospital admissions",3
"494",2024-11-24,"CY",25,"0.45",2024-11-13,"quantile","hospital admissions",3
"495",2024-11-24,"CY",26,"0.5",2024-11-13,"quantile","hospital admissions",3
"496",2024-11-24,"CY",27,"0.55",2024-11-13,"quantile","hospital admissions",3
"497",2024-11-24,"CY",28,"0.6",2024-11-13,"quantile","hospital admissions",3
"498",2024-11-24,"CY",28,"0.65",2024-11-13,"quantile","hospital admissions",3
"499",2024-11-24,"CY",29,"0.7",2024-11-13,"quantile","hospital admissions",3
"500",2024-11-24,"CY",30,"0.75",2024-11-13,"quantile","hospital admissions",3
"501",2024-11-24,"CY",31,"0.8",2024-11-13,"quantile","hospital admissions",3
"502",2024-11-24,"CY",32,"0.85",2024-11-13,"quantile","hospital admissions",3
"503",2024-11-24,"CY",34,"0.9",2024-11-13,"quantile","hospital admissions",3
"504",2024-11-24,"CY",36,"0.95",2024-11-13,"quantile","hospital admissions",3
"505",2024-11-24,"CY",38,"0.975",2024-11-13,"quantile","hospital admissions",3
"506",2024-11-24,"CY",40,"0.99",2024-11-13,"quantile","hospital admissions",3
"507",2024-11-24,"CZ",103,"0.01",2024-11-13,"quantile","hospital admissions",3
"508",2024-11-24,"CZ",109,"0.025",2024-11-13,"quantile","hospital admissions",3
"509",2024-11-24,"CZ",113,"0.05",2024-11-13,"quantile","hospital admissions",3
"510",2024-11-24,"CZ",118,"0.1",2024-11-13,"quantile","hospital admissions",3
"511",2024-11-24,"CZ",122,"0.15",2024-11-13,"quantile","hospital admissions",3
"512",2024-11-24,"CZ",125,"0.2",2024-11-13,"quantile","hospital admissions",3
"513",2024-11-24,"CZ",128,"0.25",2024-11-13,"quantile","hospital admissions",3
"514",2024-11-24,"CZ",131,"0.3",2024-11-13,"quantile","hospital admissions",3
"515",2024-11-24,"CZ",133,"0.35",2024-11-13,"quantile","hospital admissions",3
"516",2024-11-24,"CZ",135,"0.4",2024-11-13,"quantile","hospital admissions",3
"517",2024-11-24,"CZ",138,"0.45",2024-11-13,"quantile","hospital admissions",3
"518",2024-11-24,"CZ",140,"0.5",2024-11-13,"quantile","hospital admissions",3
"519",2024-11-24,"CZ",143,"0.55",2024-11-13,"quantile","hospital admissions",3
"520",2024-11-24,"CZ",145,"0.6",2024-11-13,"quantile","hospital admissions",3
"521",2024-11-24,"CZ",148,"0.65",2024-11-13,"quantile","hospital admissions",3
"522",2024-11-24,"CZ",151,"0.7",2024-11-13,"quantile","hospital admissions",3
"523",2024-11-24,"CZ",155,"0.75",2024-11-13,"quantile","hospital admissions",3
"524",2024-11-24,"CZ",160,"0.8",2024-11-13,"quantile","hospital admissions",3
"525",2024-11-24,"CZ",166,"0.85",2024-11-13,"quantile","hospital admissions",3
"526",2024-11-24,"CZ",173,"0.9",2024-11-13,"quantile","hospital admissions",3
"527",2024-11-24,"CZ",184,"0.95",2024-11-13,"quantile","hospital admissions",3
"528",2024-11-24,"CZ",195,"0.975",2024-11-13,"quantile","hospital admissions",3
"529",2024-11-24,"CZ",207,"0.99",2024-11-13,"quantile","hospital admissions",3
"530",2024-11-24,"GR",479,"0.01",2024-11-13,"quantile","hospital admissions",3
"531",2024-11-24,"GR",489,"0.025",2024-11-13,"quantile","hospital admissions",3
"532",2024-11-24,"GR",499,"0.05",2024-11-13,"quantile","hospital admissions",3
"533",2024-11-24,"GR",511,"0.1",2024-11-13,"quantile","hospital admissions",3
"534",2024-11-24,"GR",520,"0.15",2024-11-13,"quantile","hospital admissions",3
"535",2024-11-24,"GR",528,"0.2",2024-11-13,"quantile","hospital admissions",3
"536",2024-11-24,"GR",536,"0.25",2024-11-13,"quantile","hospital admissions",3
"537",2024-11-24,"GR",542,"0.3",2024-11-13,"quantile","hospital admissions",3
"538",2024-11-24,"GR",550,"0.35",2024-11-13,"quantile","hospital admissions",3
"539",2024-11-24,"GR",559,"0.4",2024-11-13,"quantile","hospital admissions",3
"540",2024-11-24,"GR",571,"0.45",2024-11-13,"quantile","hospital admissions",3
"541",2024-11-24,"GR",678,"0.5",2024-11-13,"quantile","hospital admissions",3
"542",2024-11-24,"GR",802,"0.55",2024-11-13,"quantile","hospital admissions",3
"543",2024-11-24,"GR",818,"0.6",2024-11-13,"quantile","hospital admissions",3
"544",2024-11-24,"GR",830,"0.65",2024-11-13,"quantile","hospital admissions",3
"545",2024-11-24,"GR",840.300000000001,"0.7",2024-11-13,"quantile","hospital admissions",3
"546",2024-11-24,"GR",850,"0.75",2024-11-13,"quantile","hospital admissions",3
"547",2024-11-24,"GR",859,"0.8",2024-11-13,"quantile","hospital admissions",3
"548",2024-11-24,"GR",870,"0.85",2024-11-13,"quantile","hospital admissions",3
"549",2024-11-24,"GR",882,"0.9",2024-11-13,"quantile","hospital admissions",3
"550",2024-11-24,"GR",900,"0.95",2024-11-13,"quantile","hospital admissions",3
"551",2024-11-24,"GR",914,"0.975",2024-11-13,"quantile","hospital admissions",3
"552",2024-11-24,"GR",931,"0.99",2024-11-13,"quantile","hospital admissions",3
"553",2024-11-24,"HU",24,"0.01",2024-11-13,"quantile","hospital admissions",3
"554",2024-11-24,"HU",26,"0.025",2024-11-13,"quantile","hospital admissions",3
"555",2024-11-24,"HU",28,"0.05",2024-11-13,"quantile","hospital admissions",3
"556",2024-11-24,"HU",30,"0.1",2024-11-13,"quantile","hospital admissions",3
"557",2024-11-24,"HU",32,"0.15",2024-11-13,"quantile","hospital admissions",3
"558",2024-11-24,"HU",33,"0.2",2024-11-13,"quantile","hospital admissions",3
"559",2024-11-24,"HU",34,"0.25",2024-11-13,"quantile","hospital admissions",3
"560",2024-11-24,"HU",35,"0.3",2024-11-13,"quantile","hospital admissions",3
"561",2024-11-24,"HU",36,"0.35",2024-11-13,"quantile","hospital admissions",3
"562",2024-11-24,"HU",37,"0.4",2024-11-13,"quantile","hospital admissions",3
"563",2024-11-24,"HU",38,"0.45",2024-11-13,"quantile","hospital admissions",3
"564",2024-11-24,"HU",39,"0.5",2024-11-13,"quantile","hospital admissions",3
"565",2024-11-24,"HU",39,"0.55",2024-11-13,"quantile","hospital admissions",3
"566",2024-11-24,"HU",40,"0.6",2024-11-13,"quantile","hospital admissions",3
"567",2024-11-24,"HU",41,"0.65",2024-11-13,"quantile","hospital admissions",3
"568",2024-11-24,"HU",42,"0.7",2024-11-13,"quantile","hospital admissions",3
"569",2024-11-24,"HU",43,"0.75",2024-11-13,"quantile","hospital admissions",3
"570",2024-11-24,"HU",44,"0.8",2024-11-13,"quantile","hospital admissions",3
"571",2024-11-24,"HU",46,"0.85",2024-11-13,"quantile","hospital admissions",3
"572",2024-11-24,"HU",47,"0.9",2024-11-13,"quantile","hospital admissions",3
"573",2024-11-24,"HU",50,"0.95",2024-11-13,"quantile","hospital admissions",3
"574",2024-11-24,"HU",53,"0.975",2024-11-13,"quantile","hospital admissions",3
"575",2024-11-24,"HU",56,"0.99",2024-11-13,"quantile","hospital admissions",3
"576",2024-11-24,"IE",125,"0.01",2024-11-13,"quantile","hospital admissions",3
"577",2024-11-24,"IE",130,"0.025",2024-11-13,"quantile","hospital admissions",3
"578",2024-11-24,"IE",135,"0.05",2024-11-13,"quantile","hospital admissions",3
"579",2024-11-24,"IE",141,"0.1",2024-11-13,"quantile","hospital admissions",3
"580",2024-11-24,"IE",145,"0.15",2024-11-13,"quantile","hospital admissions",3
"581",2024-11-24,"IE",149,"0.2",2024-11-13,"quantile","hospital admissions",3
"582",2024-11-24,"IE",152,"0.25",2024-11-13,"quantile","hospital admissions",3
"583",2024-11-24,"IE",155,"0.3",2024-11-13,"quantile","hospital admissions",3
"584",2024-11-24,"IE",157,"0.35",2024-11-13,"quantile","hospital admissions",3
"585",2024-11-24,"IE",160,"0.4",2024-11-13,"quantile","hospital admissions",3
"586",2024-11-24,"IE",162,"0.45",2024-11-13,"quantile","hospital admissions",3
"587",2024-11-24,"IE",164,"0.5",2024-11-13,"quantile","hospital admissions",3
"588",2024-11-24,"IE",167,"0.55",2024-11-13,"quantile","hospital admissions",3
"589",2024-11-24,"IE",169,"0.6",2024-11-13,"quantile","hospital admissions",3
"590",2024-11-24,"IE",172,"0.65",2024-11-13,"quantile","hospital admissions",3
"591",2024-11-24,"IE",174,"0.7",2024-11-13,"quantile","hospital admissions",3
"592",2024-11-24,"IE",177,"0.75",2024-11-13,"quantile","hospital admissions",3
"593",2024-11-24,"IE",180,"0.8",2024-11-13,"quantile","hospital admissions",3
"594",2024-11-24,"IE",184,"0.85",2024-11-13,"quantile","hospital admissions",3
"595",2024-11-24,"IE",188,"0.9",2024-11-13,"quantile","hospital admissions",3
"596",2024-11-24,"IE",194,"0.95",2024-11-13,"quantile","hospital admissions",3
"597",2024-11-24,"IE",200,"0.975",2024-11-13,"quantile","hospital admissions",3
"598",2024-11-24,"IE",207,"0.99",2024-11-13,"quantile","hospital admissions",3
"599",2024-11-24,"MT",0,"0.01",2024-11-13,"quantile","hospital admissions",3
"600",2024-11-24,"MT",0,"0.025",2024-11-13,"quantile","hospital admissions",3
"601",2024-11-24,"MT",1,"0.05",2024-11-13,"quantile","hospital admissions",3
"602",2024-11-24,"MT",1,"0.1",2024-11-13,"quantile","hospital admissions",3
"603",2024-11-24,"MT",2,"0.15",2024-11-13,"quantile","hospital admissions",3
"604",2024-11-24,"MT",2,"0.2",2024-11-13,"quantile","hospital admissions",3
"605",2024-11-24,"MT",3,"0.25",2024-11-13,"quantile","hospital admissions",3
"606",2024-11-24,"MT",3,"0.3",2024-11-13,"quantile","hospital admissions",3
"607",2024-11-24,"MT",4,"0.35",2024-11-13,"quantile","hospital admissions",3
"608",2024-11-24,"MT",4,"0.4",2024-11-13,"quantile","hospital admissions",3
"609",2024-11-24,"MT",4,"0.45",2024-11-13,"quantile","hospital admissions",3
"610",2024-11-24,"MT",5,"0.5",2024-11-13,"quantile","hospital admissions",3
"611",2024-11-24,"MT",5,"0.55",2024-11-13,"quantile","hospital admissions",3
"612",2024-11-24,"MT",6,"0.6",2024-11-13,"quantile","hospital admissions",3
"613",2024-11-24,"MT",6,"0.65",2024-11-13,"quantile","hospital admissions",3
"614",2024-11-24,"MT",7,"0.7",2024-11-13,"quantile","hospital admissions",3
"615",2024-11-24,"MT",7,"0.75",2024-11-13,"quantile","hospital admissions",3
"616",2024-11-24,"MT",8,"0.8",2024-11-13,"quantile","hospital admissions",3
"617",2024-11-24,"MT",9,"0.85",2024-11-13,"quantile","hospital admissions",3
"618",2024-11-24,"MT",10,"0.9",2024-11-13,"quantile","hospital admissions",3
"619",2024-11-24,"MT",11,"0.95",2024-11-13,"quantile","hospital admissions",3
"620",2024-11-24,"MT",13,"0.975",2024-11-13,"quantile","hospital admissions",3
"621",2024-11-24,"MT",15,"0.99",2024-11-13,"quantile","hospital admissions",3
"622",2024-11-24,"SK",23,"0.01",2024-11-13,"quantile","hospital admissions",3
"623",2024-11-24,"SK",25,"0.025",2024-11-13,"quantile","hospital admissions",3
"624",2024-11-24,"SK",27,"0.05",2024-11-13,"quantile","hospital admissions",3
"625",2024-11-24,"SK",29,"0.1",2024-11-13,"quantile","hospital admissions",3
"626",2024-11-24,"SK",31,"0.15",2024-11-13,"quantile","hospital admissions",3
"627",2024-11-24,"SK",32,"0.2",2024-11-13,"quantile","hospital admissions",3
"628",2024-11-24,"SK",34,"0.25",2024-11-13,"quantile","hospital admissions",3
"629",2024-11-24,"SK",35,"0.3",2024-11-13,"quantile","hospital admissions",3
"630",2024-11-24,"SK",36,"0.35",2024-11-13,"quantile","hospital admissions",3
"631",2024-11-24,"SK",37,"0.4",2024-11-13,"quantile","hospital admissions",3
"632",2024-11-24,"SK",38,"0.45",2024-11-13,"quantile","hospital admissions",3
"633",2024-11-24,"SK",39,"0.5",2024-11-13,"quantile","hospital admissions",3
"634",2024-11-24,"SK",40,"0.55",2024-11-13,"quantile","hospital admissions",3
"635",2024-11-24,"SK",41,"0.6",2024-11-13,"quantile","hospital admissions",3
"636",2024-11-24,"SK",42,"0.65",2024-11-13,"quantile","hospital admissions",3
"637",2024-11-24,"SK",43,"0.7",2024-11-13,"quantile","hospital admissions",3
"638",2024-11-24,"SK",44,"0.75",2024-11-13,"quantile","hospital admissions",3
"639",2024-11-24,"SK",46,"0.8",2024-11-13,"quantile","hospital admissions",3
"640",2024-11-24,"SK",48,"0.85",2024-11-13,"quantile","hospital admissions",3
"641",2024-11-24,"SK",50,"0.9",2024-11-13,"quantile","hospital admissions",3
"642",2024-11-24,"SK",53,"0.95",2024-11-13,"quantile","hospital admissions",3
"643",2024-11-24,"SK",55,"0.975",2024-11-13,"quantile","hospital admissions",3
"644",2024-11-24,"SK",58,"0.99",2024-11-13,"quantile","hospital admissions",3
"645",2024-12-01,"CY",15,"0.01",2024-11-13,"quantile","hospital admissions",4
"646",2024-12-01,"CY",16,"0.025",2024-11-13,"quantile","hospital admissions",4
"647",2024-12-01,"CY",18,"0.05",2024-11-13,"quantile","hospital admissions",4
"648",2024-12-01,"CY",20,"0.1",2024-11-13,"quantile","hospital admissions",4
"649",2024-12-01,"CY",21,"0.15",2024-11-13,"quantile","hospital admissions",4
"650",2024-12-01,"CY",22,"0.2",2024-11-13,"quantile","hospital admissions",4
"651",2024-12-01,"CY",23,"0.25",2024-11-13,"quantile","hospital admissions",4
"652",2024-12-01,"CY",24,"0.3",2024-11-13,"quantile","hospital admissions",4
"653",2024-12-01,"CY",25,"0.35",2024-11-13,"quantile","hospital admissions",4
"654",2024-12-01,"CY",26,"0.4",2024-11-13,"quantile","hospital admissions",4
"655",2024-12-01,"CY",26,"0.45",2024-11-13,"quantile","hospital admissions",4
"656",2024-12-01,"CY",27,"0.5",2024-11-13,"quantile","hospital admissions",4
"657",2024-12-01,"CY",28,"0.55",2024-11-13,"quantile","hospital admissions",4
"658",2024-12-01,"CY",28,"0.6",2024-11-13,"quantile","hospital admissions",4
"659",2024-12-01,"CY",29,"0.65",2024-11-13,"quantile","hospital admissions",4
"660",2024-12-01,"CY",30,"0.7",2024-11-13,"quantile","hospital admissions",4
"661",2024-12-01,"CY",31,"0.75",2024-11-13,"quantile","hospital admissions",4
"662",2024-12-01,"CY",32,"0.8",2024-11-13,"quantile","hospital admissions",4
"663",2024-12-01,"CY",33,"0.85",2024-11-13,"quantile","hospital admissions",4
"664",2024-12-01,"CY",35,"0.9",2024-11-13,"quantile","hospital admissions",4
"665",2024-12-01,"CY",37,"0.95",2024-11-13,"quantile","hospital admissions",4
"666",2024-12-01,"CY",39,"0.975",2024-11-13,"quantile","hospital admissions",4
"667",2024-12-01,"CY",41,"0.99",2024-11-13,"quantile","hospital admissions",4
"668",2024-12-01,"CZ",86,"0.01",2024-11-13,"quantile","hospital admissions",4
"669",2024-12-01,"CZ",91,"0.025",2024-11-13,"quantile","hospital admissions",4
"670",2024-12-01,"CZ",95,"0.05",2024-11-13,"quantile","hospital admissions",4
"671",2024-12-01,"CZ",100,"0.1",2024-11-13,"quantile","hospital admissions",4
"672",2024-12-01,"CZ",103,"0.15",2024-11-13,"quantile","hospital admissions",4
"673",2024-12-01,"CZ",106,"0.2",2024-11-13,"quantile","hospital admissions",4
"674",2024-12-01,"CZ",109,"0.25",2024-11-13,"quantile","hospital admissions",4
"675",2024-12-01,"CZ",111,"0.3",2024-11-13,"quantile","hospital admissions",4
"676",2024-12-01,"CZ",113,"0.35",2024-11-13,"quantile","hospital admissions",4
"677",2024-12-01,"CZ",116,"0.4",2024-11-13,"quantile","hospital admissions",4
"678",2024-12-01,"CZ",118,"0.45",2024-11-13,"quantile","hospital admissions",4
"679",2024-12-01,"CZ",121,"0.5",2024-11-13,"quantile","hospital admissions",4
"680",2024-12-01,"CZ",124,"0.55",2024-11-13,"quantile","hospital admissions",4
"681",2024-12-01,"CZ",127,"0.6",2024-11-13,"quantile","hospital admissions",4
"682",2024-12-01,"CZ",131,"0.65",2024-11-13,"quantile","hospital admissions",4
"683",2024-12-01,"CZ",135,"0.7",2024-11-13,"quantile","hospital admissions",4
"684",2024-12-01,"CZ",141,"0.75",2024-11-13,"quantile","hospital admissions",4
"685",2024-12-01,"CZ",146,"0.8",2024-11-13,"quantile","hospital admissions",4
"686",2024-12-01,"CZ",151,"0.85",2024-11-13,"quantile","hospital admissions",4
"687",2024-12-01,"CZ",159,"0.9",2024-11-13,"quantile","hospital admissions",4
"688",2024-12-01,"CZ",170,"0.95",2024-11-13,"quantile","hospital admissions",4
"689",2024-12-01,"CZ",180,"0.975",2024-11-13,"quantile","hospital admissions",4
"690",2024-12-01,"CZ",190.01,"0.99",2024-11-13,"quantile","hospital admissions",4
"691",2024-12-01,"GR",480,"0.01",2024-11-13,"quantile","hospital admissions",4
"692",2024-12-01,"GR",491,"0.025",2024-11-13,"quantile","hospital admissions",4
"693",2024-12-01,"GR",501,"0.05",2024-11-13,"quantile","hospital admissions",4
"694",2024-12-01,"GR",513,"0.1",2024-11-13,"quantile","hospital admissions",4
"695",2024-12-01,"GR",523,"0.15",2024-11-13,"quantile","hospital admissions",4
"696",2024-12-01,"GR",530,"0.2",2024-11-13,"quantile","hospital admissions",4
"697",2024-12-01,"GR",538,"0.25",2024-11-13,"quantile","hospital admissions",4
"698",2024-12-01,"GR",545,"0.3",2024-11-13,"quantile","hospital admissions",4
"699",2024-12-01,"GR",553,"0.35",2024-11-13,"quantile","hospital admissions",4
"700",2024-12-01,"GR",562,"0.4",2024-11-13,"quantile","hospital admissions",4
"701",2024-12-01,"GR",576,"0.45",2024-11-13,"quantile","hospital admissions",4
"702",2024-12-01,"GR",708.5,"0.5",2024-11-13,"quantile","hospital admissions",4
"703",2024-12-01,"GR",855.450000000001,"0.55",2024-11-13,"quantile","hospital admissions",4
"704",2024-12-01,"GR",873,"0.6",2024-11-13,"quantile","hospital admissions",4
"705",2024-12-01,"GR",885,"0.65",2024-11-13,"quantile","hospital admissions",4
"706",2024-12-01,"GR",896,"0.7",2024-11-13,"quantile","hospital admissions",4
"707",2024-12-01,"GR",907,"0.75",2024-11-13,"quantile","hospital admissions",4
"708",2024-12-01,"GR",918,"0.8",2024-11-13,"quantile","hospital admissions",4
"709",2024-12-01,"GR",928,"0.85",2024-11-13,"quantile","hospital admissions",4
"710",2024-12-01,"GR",942,"0.9",2024-11-13,"quantile","hospital admissions",4
"711",2024-12-01,"GR",959,"0.95",2024-11-13,"quantile","hospital admissions",4
"712",2024-12-01,"GR",974,"0.975",2024-11-13,"quantile","hospital admissions",4
"713",2024-12-01,"GR",993,"0.99",2024-11-13,"quantile","hospital admissions",4
"714",2024-12-01,"HU",18,"0.01",2024-11-13,"quantile","hospital admissions",4
"715",2024-12-01,"HU",20,"0.025",2024-11-13,"quantile","hospital admissions",4
"716",2024-12-01,"HU",22,"0.05",2024-11-13,"quantile","hospital admissions",4
"717",2024-12-01,"HU",24,"0.1",2024-11-13,"quantile","hospital admissions",4
"718",2024-12-01,"HU",25,"0.15",2024-11-13,"quantile","hospital admissions",4
"719",2024-12-01,"HU",26,"0.2",2024-11-13,"quantile","hospital admissions",4
"720",2024-12-01,"HU",27,"0.25",2024-11-13,"quantile","hospital admissions",4
"721",2024-12-01,"HU",28,"0.3",2024-11-13,"quantile","hospital admissions",4
"722",2024-12-01,"HU",29,"0.35",2024-11-13,"quantile","hospital admissions",4
"723",2024-12-01,"HU",29,"0.4",2024-11-13,"quantile","hospital admissions",4
"724",2024-12-01,"HU",30,"0.45",2024-11-13,"quantile","hospital admissions",4
"725",2024-12-01,"HU",31,"0.5",2024-11-13,"quantile","hospital admissions",4
"726",2024-12-01,"HU",32,"0.55",2024-11-13,"quantile","hospital admissions",4
"727",2024-12-01,"HU",32,"0.6",2024-11-13,"quantile","hospital admissions",4
"728",2024-12-01,"HU",33,"0.65",2024-11-13,"quantile","hospital admissions",4
"729",2024-12-01,"HU",34,"0.7",2024-11-13,"quantile","hospital admissions",4
"730",2024-12-01,"HU",35,"0.75",2024-11-13,"quantile","hospital admissions",4
"731",2024-12-01,"HU",36,"0.8",2024-11-13,"quantile","hospital admissions",4
"732",2024-12-01,"HU",37,"0.85",2024-11-13,"quantile","hospital admissions",4
"733",2024-12-01,"HU",39,"0.9",2024-11-13,"quantile","hospital admissions",4
"734",2024-12-01,"HU",41,"0.95",2024-11-13,"quantile","hospital admissions",4
"735",2024-12-01,"HU",44,"0.975",2024-11-13,"quantile","hospital admissions",4
"736",2024-12-01,"HU",46,"0.99",2024-11-13,"quantile","hospital admissions",4
"737",2024-12-01,"IE",128,"0.01",2024-11-13,"quantile","hospital admissions",4
"738",2024-12-01,"IE",133,"0.025",2024-11-13,"quantile","hospital admissions",4
"739",2024-12-01,"IE",138,"0.05",2024-11-13,"quantile","hospital admissions",4
"740",2024-12-01,"IE",144,"0.1",2024-11-13,"quantile","hospital admissions",4
"741",2024-12-01,"IE",149,"0.15",2024-11-13,"quantile","hospital admissions",4
"742",2024-12-01,"IE",152,"0.2",2024-11-13,"quantile","hospital admissions",4
"743",2024-12-01,"IE",155,"0.25",2024-11-13,"quantile","hospital admissions",4
"744",2024-12-01,"IE",158,"0.3",2024-11-13,"quantile","hospital admissions",4
"745",2024-12-01,"IE",161,"0.35",2024-11-13,"quantile","hospital admissions",4
"746",2024-12-01,"IE",163,"0.4",2024-11-13,"quantile","hospital admissions",4
"747",2024-12-01,"IE",166,"0.45",2024-11-13,"quantile","hospital admissions",4
"748",2024-12-01,"IE",168,"0.5",2024-11-13,"quantile","hospital admissions",4
"749",2024-12-01,"IE",171,"0.55",2024-11-13,"quantile","hospital admissions",4
"750",2024-12-01,"IE",173,"0.6",2024-11-13,"quantile","hospital admissions",4
"751",2024-12-01,"IE",176,"0.65",2024-11-13,"quantile","hospital admissions",4
"752",2024-12-01,"IE",179,"0.7",2024-11-13,"quantile","hospital admissions",4
"753",2024-12-01,"IE",181,"0.75",2024-11-13,"quantile","hospital admissions",4
"754",2024-12-01,"IE",184,"0.8",2024-11-13,"quantile","hospital admissions",4
"755",2024-12-01,"IE",188,"0.85",2024-11-13,"quantile","hospital admissions",4
"756",2024-12-01,"IE",193,"0.9",2024-11-13,"quantile","hospital admissions",4
"757",2024-12-01,"IE",199,"0.95",2024-11-13,"quantile","hospital admissions",4
"758",2024-12-01,"IE",204,"0.975",2024-11-13,"quantile","hospital admissions",4
"759",2024-12-01,"IE",211,"0.99",2024-11-13,"quantile","hospital admissions",4
"760",2024-12-01,"MT",0,"0.01",2024-11-13,"quantile","hospital admissions",4
"761",2024-12-01,"MT",0,"0.025",2024-11-13,"quantile","hospital admissions",4
"762",2024-12-01,"MT",1,"0.05",2024-11-13,"quantile","hospital admissions",4
"763",2024-12-01,"MT",2,"0.1",2024-11-13,"quantile","hospital admissions",4
"764",2024-12-01,"MT",2,"0.15",2024-11-13,"quantile","hospital admissions",4
"765",2024-12-01,"MT",3,"0.2",2024-11-13,"quantile","hospital admissions",4
"766",2024-12-01,"MT",3,"0.25",2024-11-13,"quantile","hospital admissions",4
"767",2024-12-01,"MT",4,"0.3",2024-11-13,"quantile","hospital admissions",4
"768",2024-12-01,"MT",4,"0.35",2024-11-13,"quantile","hospital admissions",4
"769",2024-12-01,"MT",5,"0.4",2024-11-13,"quantile","hospital admissions",4
"770",2024-12-01,"MT",5,"0.45",2024-11-13,"quantile","hospital admissions",4
"771",2024-12-01,"MT",6,"0.5",2024-11-13,"quantile","hospital admissions",4
"772",2024-12-01,"MT",6,"0.55",2024-11-13,"quantile","hospital admissions",4
"773",2024-12-01,"MT",7,"0.6",2024-11-13,"quantile","hospital admissions",4
"774",2024-12-01,"MT",7,"0.65",2024-11-13,"quantile","hospital admissions",4
"775",2024-12-01,"MT",8,"0.7",2024-11-13,"quantile","hospital admissions",4
"776",2024-12-01,"MT",9,"0.75",2024-11-13,"quantile","hospital admissions",4
"777",2024-12-01,"MT",9,"0.8",2024-11-13,"quantile","hospital admissions",4
"778",2024-12-01,"MT",10,"0.85",2024-11-13,"quantile","hospital admissions",4
"779",2024-12-01,"MT",12,"0.9",2024-11-13,"quantile","hospital admissions",4
"780",2024-12-01,"MT",14,"0.95",2024-11-13,"quantile","hospital admissions",4
"781",2024-12-01,"MT",16,"0.975",2024-11-13,"quantile","hospital admissions",4
"782",2024-12-01,"MT",18,"0.99",2024-11-13,"quantile","hospital admissions",4
"783",2024-12-01,"SK",18,"0.01",2024-11-13,"quantile","hospital admissions",4
"784",2024-12-01,"SK",21,"0.025",2024-11-13,"quantile","hospital admissions",4
"785",2024-12-01,"SK",23,"0.05",2024-11-13,"quantile","hospital admissions",4
"786",2024-12-01,"SK",25,"0.1",2024-11-13,"quantile","hospital admissions",4
"787",2024-12-01,"SK",27,"0.15",2024-11-13,"quantile","hospital admissions",4
"788",2024-12-01,"SK",28,"0.2",2024-11-13,"quantile","hospital admissions",4
"789",2024-12-01,"SK",29,"0.25",2024-11-13,"quantile","hospital admissions",4
"790",2024-12-01,"SK",30,"0.3",2024-11-13,"quantile","hospital admissions",4
"791",2024-12-01,"SK",31,"0.35",2024-11-13,"quantile","hospital admissions",4
"792",2024-12-01,"SK",32,"0.4",2024-11-13,"quantile","hospital admissions",4
"793",2024-12-01,"SK",33,"0.45",2024-11-13,"quantile","hospital admissions",4
"794",2024-12-01,"SK",34,"0.5",2024-11-13,"quantile","hospital admissions",4
"795",2024-12-01,"SK",35,"0.55",2024-11-13,"quantile","hospital admissions",4
"796",2024-12-01,"SK",36,"0.6",2024-11-13,"quantile","hospital admissions",4
"797",2024-12-01,"SK",38,"0.65",2024-11-13,"quantile","hospital admissions",4
"798",2024-12-01,"SK",39,"0.7",2024-11-13,"quantile","hospital admissions",4
"799",2024-12-01,"SK",40,"0.75",2024-11-13,"quantile","hospital admissions",4
"800",2024-12-01,"SK",41,"0.8",2024-11-13,"quantile","hospital admissions",4
"801",2024-12-01,"SK",43,"0.85",2024-11-13,"quantile","hospital admissions",4
"802",2024-12-01,"SK",45,"0.9",2024-11-13,"quantile","hospital admissions",4
"803",2024-12-01,"SK",48,"0.95",2024-11-13,"quantile","hospital admissions",4
"804",2024-12-01,"SK",51,"0.975",2024-11-13,"quantile","hospital admissions",4
"805",2024-12-01,"SK",54,"0.99",2024-11-13,"quantile","hospital admissions",4
