"origin_date","target","target_end_date","horizon","location","output_type","output_type_id","value"
2025-12-10,"hospital admissions",2025-12-07,1,"CZ","quantile","0.01",28.6193466474924
2025-12-10,"hospital admissions",2025-12-07,1,"CZ","quantile","0.025",29.4862695796436
2025-12-10,"hospital admissions",2025-12-07,1,"CZ","quantile","0.05",30.2528467343212
2025-12-10,"hospital admissions",2025-12-07,1,"CZ","quantile","0.1",31.1614279209239
2025-12-10,"hospital admissions",2025-12-07,1,"CZ","quantile","0.15",31.7898097281197
2025-12-10,"hospital admissions",2025-12-07,1,"CZ","quantile","0.2",32.2982527858923
2025-12-10,"hospital admissions",2025-12-07,1,"CZ","quantile","0.25",32.7409276474857
2025-12-10,"hospital admissions",2025-12-07,1,"CZ","quantile","0.3",33.1436317252959
2025-12-10,"hospital admissions",2025-12-07,1,"CZ","quantile","0.35",33.5212172361831
2025-12-10,"hospital admissions",2025-12-07,1,"CZ","quantile","0.4",33.8834857094575
2025-12-10,"hospital admissions",2025-12-07,1,"CZ","quantile","0.45",34.2377105746024
2025-12-10,"hospital admissions",2025-12-07,1,"CZ","quantile","0.5",34.589934675667
2025-12-10,"hospital admissions",2025-12-07,1,"CZ","quantile","0.55",34.9457823197574
2025-12-10,"hospital admissions",2025-12-07,1,"CZ","quantile","0.6",35.311112650165
2025-12-10,"hospital admissions",2025-12-07,1,"CZ","quantile","0.65",35.6927247729964
2025-12-10,"hospital admissions",2025-12-07,1,"CZ","quantile","0.7",36.0993505715834
2025-12-10,"hospital admissions",2025-12-07,1,"CZ","quantile","0.75",36.5433622940976
2025-12-10,"hospital admissions",2025-12-07,1,"CZ","quantile","0.8",37.0442199706084
2025-12-10,"hospital admissions",2025-12-07,1,"CZ","quantile","0.85",37.6367015436578
2025-12-10,"hospital admissions",2025-12-07,1,"CZ","quantile","0.9",38.3956596566463
2025-12-10,"hospital admissions",2025-12-07,1,"CZ","quantile","0.95",39.5487932548691
2025-12-10,"hospital admissions",2025-12-07,1,"CZ","quantile","0.975",40.5769735515445
2025-12-10,"hospital admissions",2025-12-07,1,"CZ","quantile","0.99",41.8061109362098
2025-12-10,"hospital admissions",2025-12-14,2,"CZ","quantile","0.01",30.5042507062511
2025-12-10,"hospital admissions",2025-12-14,2,"CZ","quantile","0.025",32.4213258967265
2025-12-10,"hospital admissions",2025-12-14,2,"CZ","quantile","0.05",34.1662083297017
2025-12-10,"hospital admissions",2025-12-14,2,"CZ","quantile","0.1",36.2948110341331
2025-12-10,"hospital admissions",2025-12-14,2,"CZ","quantile","0.15",37.8053945855595
2025-12-10,"hospital admissions",2025-12-14,2,"CZ","quantile","0.2",39.0506722319286
2025-12-10,"hospital admissions",2025-12-14,2,"CZ","quantile","0.25",40.151649104755
2025-12-10,"hospital admissions",2025-12-14,2,"CZ","quantile","0.3",41.1667892744037
2025-12-10,"hospital admissions",2025-12-14,2,"CZ","quantile","0.35",42.1303644635688
2025-12-10,"hospital admissions",2025-12-14,2,"CZ","quantile","0.4",43.0655496119472
2025-12-10,"hospital admissions",2025-12-14,2,"CZ","quantile","0.45",43.9901053647701
2025-12-10,"hospital admissions",2025-12-14,2,"CZ","quantile","0.5",44.9193797878997
2025-12-10,"hospital admissions",2025-12-14,2,"CZ","quantile","0.55",45.8682847835484
2025-12-10,"hospital admissions",2025-12-14,2,"CZ","quantile","0.6",46.8530112517086
2025-12-10,"hospital admissions",2025-12-14,2,"CZ","quantile","0.65",47.8930269467376
2025-12-10,"hospital admissions",2025-12-14,2,"CZ","quantile","0.7",49.014040591797
2025-12-10,"hospital admissions",2025-12-14,2,"CZ","quantile","0.75",50.2532455208825
2025-12-10,"hospital admissions",2025-12-14,2,"CZ","quantile","0.8",51.6700626443973
2025-12-10,"hospital admissions",2025-12-14,2,"CZ","quantile","0.85",53.3720307022081
2025-12-10,"hospital admissions",2025-12-14,2,"CZ","quantile","0.9",55.5933650854939
2025-12-10,"hospital admissions",2025-12-14,2,"CZ","quantile","0.95",59.0569097120293
2025-12-10,"hospital admissions",2025-12-14,2,"CZ","quantile","0.975",62.2352918864833
2025-12-10,"hospital admissions",2025-12-14,2,"CZ","quantile","0.99",66.1465413446818
2025-12-10,"hospital admissions",2025-12-21,3,"CZ","quantile","0.01",9.49319572495646
2025-12-10,"hospital admissions",2025-12-21,3,"CZ","quantile","0.025",11.7937380467733
2025-12-10,"hospital admissions",2025-12-21,3,"CZ","quantile","0.05",14.2135398917722
2025-12-10,"hospital admissions",2025-12-21,3,"CZ","quantile","0.1",17.6257905876355
2025-12-10,"hospital admissions",2025-12-21,3,"CZ","quantile","0.15",20.3796357191829
2025-12-10,"hospital admissions",2025-12-21,3,"CZ","quantile","0.2",22.8720355970566
2025-12-10,"hospital admissions",2025-12-21,3,"CZ","quantile","0.25",25.2518595400498
2025-12-10,"hospital admissions",2025-12-21,3,"CZ","quantile","0.3",27.5993216892232
2025-12-10,"hospital admissions",2025-12-21,3,"CZ","quantile","0.35",29.9689643184721
2025-12-10,"hospital admissions",2025-12-21,3,"CZ","quantile","0.4",32.4053803234018
2025-12-10,"hospital admissions",2025-12-21,3,"CZ","quantile","0.45",34.9510058569246
2025-12-10,"hospital admissions",2025-12-21,3,"CZ","quantile","0.5",37.6514346080422
2025-12-10,"hospital admissions",2025-12-21,3,"CZ","quantile","0.55",40.5605072954665
2025-12-10,"hospital admissions",2025-12-21,3,"CZ","quantile","0.6",43.7467640834916
2025-12-10,"hospital admissions",2025-12-21,3,"CZ","quantile","0.65",47.3032872600769
2025-12-10,"hospital admissions",2025-12-21,3,"CZ","quantile","0.7",51.3646872921962
2025-12-10,"hospital admissions",2025-12-21,3,"CZ","quantile","0.75",56.1396488759689
2025-12-10,"hospital admissions",2025-12-21,3,"CZ","quantile","0.8",61.9809514561141
2025-12-10,"hospital admissions",2025-12-21,3,"CZ","quantile","0.85",69.5611318856546
2025-12-10,"hospital admissions",2025-12-21,3,"CZ","quantile","0.9",80.4293300204159
2025-12-10,"hospital admissions",2025-12-21,3,"CZ","quantile","0.95",99.7380342151294
2025-12-10,"hospital admissions",2025-12-21,3,"CZ","quantile","0.975",120.201968402337
2025-12-10,"hospital admissions",2025-12-21,3,"CZ","quantile","0.99",149.331223027131
2025-12-10,"hospital admissions",2025-12-28,4,"CZ","quantile","0.01",11.2976521547348
2025-12-10,"hospital admissions",2025-12-28,4,"CZ","quantile","0.025",13.7142489956944
2025-12-10,"hospital admissions",2025-12-28,4,"CZ","quantile","0.05",16.2022291188592
2025-12-10,"hospital admissions",2025-12-28,4,"CZ","quantile","0.1",19.6358854787474
2025-12-10,"hospital admissions",2025-12-28,4,"CZ","quantile","0.15",22.3548192803572
2025-12-10,"hospital admissions",2025-12-28,4,"CZ","quantile","0.2",24.781811466281
2025-12-10,"hospital admissions",2025-12-28,4,"CZ","quantile","0.25",27.0728988464648
2025-12-10,"hospital admissions",2025-12-28,4,"CZ","quantile","0.3",29.3103284249463
2025-12-10,"hospital admissions",2025-12-28,4,"CZ","quantile","0.35",31.5483777988563
2025-12-10,"hospital admissions",2025-12-28,4,"CZ","quantile","0.4",33.829881954182
2025-12-10,"hospital admissions",2025-12-28,4,"CZ","quantile","0.45",36.1941823929831
2025-12-10,"hospital admissions",2025-12-28,4,"CZ","quantile","0.5",38.6822663836345
2025-12-10,"hospital admissions",2025-12-28,4,"CZ","quantile","0.55",41.3413878597392
2025-12-10,"hospital admissions",2025-12-28,4,"CZ","quantile","0.6",44.2306519012102
2025-12-10,"hospital admissions",2025-12-28,4,"CZ","quantile","0.65",47.4293081601394
2025-12-10,"hospital admissions",2025-12-28,4,"CZ","quantile","0.7",51.0508688568951
2025-12-10,"hospital admissions",2025-12-28,4,"CZ","quantile","0.75",55.2699487801561
2025-12-10,"hospital admissions",2025-12-28,4,"CZ","quantile","0.8",60.3796754168032
2025-12-10,"hospital admissions",2025-12-28,4,"CZ","quantile","0.85",66.9349062414135
2025-12-10,"hospital admissions",2025-12-28,4,"CZ","quantile","0.9",76.2032216063784
2025-12-10,"hospital admissions",2025-12-28,4,"CZ","quantile","0.95",92.3525844251121
2025-12-10,"hospital admissions",2025-12-28,4,"CZ","quantile","0.975",109.106793455786
2025-12-10,"hospital admissions",2025-12-28,4,"CZ","quantile","0.99",132.445017077938
2025-12-10,"hospital admissions",2025-12-07,1,"EE","quantile","0.01",1.23195899292558
2025-12-10,"hospital admissions",2025-12-07,1,"EE","quantile","0.025",1.69149983215426
2025-12-10,"hospital admissions",2025-12-07,1,"EE","quantile","0.05",2.22167568658875
2025-12-10,"hospital admissions",2025-12-07,1,"EE","quantile","0.1",3.04227391488654
2025-12-10,"hospital admissions",2025-12-07,1,"EE","quantile","0.15",3.76102417555338
2025-12-10,"hospital admissions",2025-12-07,1,"EE","quantile","0.2",4.45154218790972
2025-12-10,"hospital admissions",2025-12-07,1,"EE","quantile","0.25",5.14414644358721
2025-12-10,"hospital admissions",2025-12-07,1,"EE","quantile","0.3",5.85749876794669
2025-12-10,"hospital admissions",2025-12-07,1,"EE","quantile","0.35",6.60654162310041
2025-12-10,"hospital admissions",2025-12-07,1,"EE","quantile","0.4",7.40569247757827
2025-12-10,"hospital admissions",2025-12-07,1,"EE","quantile","0.45",8.27077150081057
2025-12-10,"hospital admissions",2025-12-07,1,"EE","quantile","0.5",9.22073755184476
2025-12-10,"hospital admissions",2025-12-07,1,"EE","quantile","0.55",10.2798150077859
2025-12-10,"hospital admissions",2025-12-07,1,"EE","quantile","0.6",11.4806280786592
2025-12-10,"hospital admissions",2025-12-07,1,"EE","quantile","0.65",12.8693658271542
2025-12-10,"hospital admissions",2025-12-07,1,"EE","quantile","0.7",14.515069378291
2025-12-10,"hospital admissions",2025-12-07,1,"EE","quantile","0.75",16.5279122459646
2025-12-10,"hospital admissions",2025-12-07,1,"EE","quantile","0.8",19.0994485531144
2025-12-10,"hospital admissions",2025-12-07,1,"EE","quantile","0.85",22.6060767044898
2025-12-10,"hospital admissions",2025-12-07,1,"EE","quantile","0.9",27.9468592831066
2025-12-10,"hospital admissions",2025-12-07,1,"EE","quantile","0.95",38.2693124443137
2025-12-10,"hospital admissions",2025-12-07,1,"EE","quantile","0.975",50.264268067776
2025-12-10,"hospital admissions",2025-12-07,1,"EE","quantile","0.99",69.0136615652241
2025-12-10,"hospital admissions",2025-12-14,2,"EE","quantile","0.01",1.67232508976951
2025-12-10,"hospital admissions",2025-12-14,2,"EE","quantile","0.025",1.90888877929561
2025-12-10,"hospital admissions",2025-12-14,2,"EE","quantile","0.05",2.13894356434251
2025-12-10,"hospital admissions",2025-12-14,2,"EE","quantile","0.1",2.43879852121499
2025-12-10,"hospital admissions",2025-12-14,2,"EE","quantile","0.15",2.66451250354746
2025-12-10,"hospital admissions",2025-12-14,2,"EE","quantile","0.2",2.85871011279622
2025-12-10,"hospital admissions",2025-12-14,2,"EE","quantile","0.25",3.03655616621541
2025-12-10,"hospital admissions",2025-12-14,2,"EE","quantile","0.3",3.20567718791796
2025-12-10,"hospital admissions",2025-12-14,2,"EE","quantile","0.35",3.37078991122824
2025-12-10,"hospital admissions",2025-12-14,2,"EE","quantile","0.4",3.53532255721641
2025-12-10,"hospital admissions",2025-12-14,2,"EE","quantile","0.45",3.70214972239739
2025-12-10,"hospital admissions",2025-12-14,2,"EE","quantile","0.5",3.87401613316207
2025-12-10,"hospital admissions",2025-12-14,2,"EE","quantile","0.55",4.05386116860809
2025-12-10,"hospital admissions",2025-12-14,2,"EE","quantile","0.6",4.24515748057139
2025-12-10,"hospital admissions",2025-12-14,2,"EE","quantile","0.65",4.45236914647446
2025-12-10,"hospital admissions",2025-12-14,2,"EE","quantile","0.7",4.68169441906516
2025-12-10,"hospital admissions",2025-12-14,2,"EE","quantile","0.75",4.94244142986003
2025-12-10,"hospital admissions",2025-12-14,2,"EE","quantile","0.8",5.24992056131221
2025-12-10,"hospital admissions",2025-12-14,2,"EE","quantile","0.85",5.63255041213683
2025-12-10,"hospital admissions",2025-12-14,2,"EE","quantile","0.9",6.15385029531801
2025-12-10,"hospital admissions",2025-12-14,2,"EE","quantile","0.95",7.01654837939275
2025-12-10,"hospital admissions",2025-12-14,2,"EE","quantile","0.975",7.8621662837465
2025-12-10,"hospital admissions",2025-12-14,2,"EE","quantile","0.99",8.97433225860916
2025-12-10,"hospital admissions",2025-12-21,3,"EE","quantile","0.01",6.80368953038605
2025-12-10,"hospital admissions",2025-12-21,3,"EE","quantile","0.025",7.42333454743041
2025-12-10,"hospital admissions",2025-12-21,3,"EE","quantile","0.05",8.00121667143398
2025-12-10,"hospital admissions",2025-12-21,3,"EE","quantile","0.1",8.72352810534346
2025-12-10,"hospital admissions",2025-12-21,3,"EE","quantile","0.15",9.24735681837654
2025-12-10,"hospital admissions",2025-12-21,3,"EE","quantile","0.2",9.68602267222714
2025-12-10,"hospital admissions",2025-12-21,3,"EE","quantile","0.25",10.0789060686416
2025-12-10,"hospital admissions",2025-12-21,3,"EE","quantile","0.3",10.4452904416944
2025-12-10,"hospital admissions",2025-12-21,3,"EE","quantile","0.35",10.7966787833595
2025-12-10,"hospital admissions",2025-12-21,3,"EE","quantile","0.4",11.1410361395816
2025-12-10,"hospital admissions",2025-12-21,3,"EE","quantile","0.45",11.4846560333083
2025-12-10,"hospital admissions",2025-12-21,3,"EE","quantile","0.5",11.8331737500976
2025-12-10,"hospital admissions",2025-12-21,3,"EE","quantile","0.55",12.1922677173697
2025-12-10,"hospital admissions",2025-12-21,3,"EE","quantile","0.6",12.5683104556609
2025-12-10,"hospital admissions",2025-12-21,3,"EE","quantile","0.65",12.9691735587997
2025-12-10,"hospital admissions",2025-12-21,3,"EE","quantile","0.7",13.4054674479005
2025-12-10,"hospital admissions",2025-12-21,3,"EE","quantile","0.75",13.8927776532867
2025-12-10,"hospital admissions",2025-12-21,3,"EE","quantile","0.8",14.4562949869499
2025-12-10,"hospital admissions",2025-12-21,3,"EE","quantile","0.85",15.1420566709118
2025-12-10,"hospital admissions",2025-12-21,3,"EE","quantile","0.9",16.0513039344976
2025-12-10,"hospital admissions",2025-12-21,3,"EE","quantile","0.95",17.5003386047418
2025-12-10,"hospital admissions",2025-12-21,3,"EE","quantile","0.975",18.8626822764534
2025-12-10,"hospital admissions",2025-12-21,3,"EE","quantile","0.99",20.5805982731335
2025-12-10,"hospital admissions",2025-12-28,4,"EE","quantile","0.01",4.17285389023722
2025-12-10,"hospital admissions",2025-12-28,4,"EE","quantile","0.025",4.69117771052563
2025-12-10,"hospital admissions",2025-12-28,4,"EE","quantile","0.05",5.18817453967653
2025-12-10,"hospital admissions",2025-12-28,4,"EE","quantile","0.1",5.8268732657991
2025-12-10,"hospital admissions",2025-12-28,4,"EE","quantile","0.15",6.30165144175836
2025-12-10,"hospital admissions",2025-12-28,4,"EE","quantile","0.2",6.70643077122744
2025-12-10,"hospital admissions",2025-12-28,4,"EE","quantile","0.25",7.07435489231117
2025-12-10,"hospital admissions",2025-12-28,4,"EE","quantile","0.3",7.42193294427243
2025-12-10,"hospital admissions",2025-12-28,4,"EE","quantile","0.35",7.75924197118548
2025-12-10,"hospital admissions",2025-12-28,4,"EE","quantile","0.4",8.09347932150154
2025-12-10,"hospital admissions",2025-12-28,4,"EE","quantile","0.45",8.43055508622681
2025-12-10,"hospital admissions",2025-12-28,4,"EE","quantile","0.5",8.77599002962059
2025-12-10,"hospital admissions",2025-12-28,4,"EE","quantile","0.55",9.13557888090027
2025-12-10,"hospital admissions",2025-12-28,4,"EE","quantile","0.6",9.51605581982401
2025-12-10,"hospital admissions",2025-12-28,4,"EE","quantile","0.65",9.92596973854044
2025-12-10,"hospital admissions",2025-12-28,4,"EE","quantile","0.7",10.3770812237579
2025-12-10,"hospital admissions",2025-12-28,4,"EE","quantile","0.75",10.8869292214485
2025-12-10,"hospital admissions",2025-12-28,4,"EE","quantile","0.8",11.4842013027898
2025-12-10,"hospital admissions",2025-12-28,4,"EE","quantile","0.85",12.2218757593659
2025-12-10,"hospital admissions",2025-12-28,4,"EE","quantile","0.9",13.2177237236406
2025-12-10,"hospital admissions",2025-12-28,4,"EE","quantile","0.95",14.8449132562918
2025-12-10,"hospital admissions",2025-12-28,4,"EE","quantile","0.975",16.4176259678234
2025-12-10,"hospital admissions",2025-12-28,4,"EE","quantile","0.99",18.4569129487593
2025-12-10,"hospital admissions",2025-12-07,1,"IE","quantile","0.01",27.6233118554879
2025-12-10,"hospital admissions",2025-12-07,1,"IE","quantile","0.025",33.7821674177608
2025-12-10,"hospital admissions",2025-12-07,1,"IE","quantile","0.05",40.1667273884098
2025-12-10,"hospital admissions",2025-12-07,1,"IE","quantile","0.1",49.0391518721767
2025-12-10,"hospital admissions",2025-12-07,1,"IE","quantile","0.15",56.1077915352324
2025-12-10,"hospital admissions",2025-12-07,1,"IE","quantile","0.2",62.4455367729395
2025-12-10,"hospital admissions",2025-12-07,1,"IE","quantile","0.25",68.450336038645
2025-12-10,"hospital admissions",2025-12-07,1,"IE","quantile","0.3",74.3333715860481
2025-12-10,"hospital admissions",2025-12-07,1,"IE","quantile","0.35",80.2353052933286
2025-12-10,"hospital admissions",2025-12-07,1,"IE","quantile","0.4",86.2683867488757
2025-12-10,"hospital admissions",2025-12-07,1,"IE","quantile","0.45",92.5368917604396
2025-12-10,"hospital admissions",2025-12-07,1,"IE","quantile","0.5",99.1505564650646
2025-12-10,"hospital admissions",2025-12-07,1,"IE","quantile","0.55",106.236903577679
2025-12-10,"hospital admissions",2025-12-07,1,"IE","quantile","0.6",113.956377507663
2025-12-10,"hospital admissions",2025-12-07,1,"IE","quantile","0.65",122.52502575259
2025-12-10,"hospital admissions",2025-12-07,1,"IE","quantile","0.7",132.253288631632
2025-12-10,"hospital admissions",2025-12-07,1,"IE","quantile","0.75",143.619935507428
2025-12-10,"hospital admissions",2025-12-07,1,"IE","quantile","0.8",157.430512337146
2025-12-10,"hospital admissions",2025-12-07,1,"IE","quantile","0.85",175.21332738892
2025-12-10,"hospital admissions",2025-12-07,1,"IE","quantile","0.9",200.469063432349
2025-12-10,"hospital admissions",2025-12-07,1,"IE","quantile","0.95",244.750655244287
2025-12-10,"hospital admissions",2025-12-07,1,"IE","quantile","0.975",291.006575325995
2025-12-10,"hospital admissions",2025-12-07,1,"IE","quantile","0.99",355.889000521091
2025-12-10,"hospital admissions",2025-12-14,2,"IE","quantile","0.01",80.7979582251894
2025-12-10,"hospital admissions",2025-12-14,2,"IE","quantile","0.025",85.8320649042822
2025-12-10,"hospital admissions",2025-12-14,2,"IE","quantile","0.05",90.411838132215
2025-12-10,"hospital admissions",2025-12-14,2,"IE","quantile","0.1",95.9961198038676
2025-12-10,"hospital admissions",2025-12-14,2,"IE","quantile","0.15",99.9573890685512
2025-12-10,"hospital admissions",2025-12-14,2,"IE","quantile","0.2",103.221937882214
2025-12-10,"hospital admissions",2025-12-14,2,"IE","quantile","0.25",106.107470428429
2025-12-10,"hospital admissions",2025-12-14,2,"IE","quantile","0.3",108.767448551125
2025-12-10,"hospital admissions",2025-12-14,2,"IE","quantile","0.35",111.291803270909
2025-12-10,"hospital admissions",2025-12-14,2,"IE","quantile","0.4",113.741320812879
2025-12-10,"hospital admissions",2025-12-14,2,"IE","quantile","0.45",116.162559873584
2025-12-10,"hospital admissions",2025-12-14,2,"IE","quantile","0.5",118.595727696861
2025-12-10,"hospital admissions",2025-12-14,2,"IE","quantile","0.55",121.079861215648
2025-12-10,"hospital admissions",2025-12-14,2,"IE","quantile","0.6",123.657317564361
2025-12-10,"hospital admissions",2025-12-14,2,"IE","quantile","0.65",126.37899840396
2025-12-10,"hospital admissions",2025-12-14,2,"IE","quantile","0.7",129.312094889648
2025-12-10,"hospital admissions",2025-12-14,2,"IE","quantile","0.75",132.553783170573
2025-12-10,"hospital admissions",2025-12-14,2,"IE","quantile","0.8",136.259277015294
2025-12-10,"hospital admissions",2025-12-14,2,"IE","quantile","0.85",140.709423875629
2025-12-10,"hospital admissions",2025-12-14,2,"IE","quantile","0.9",146.51578268668
2025-12-10,"hospital admissions",2025-12-14,2,"IE","quantile","0.95",155.565321074215
2025-12-10,"hospital admissions",2025-12-14,2,"IE","quantile","0.975",163.865877439077
2025-12-10,"hospital admissions",2025-12-14,2,"IE","quantile","0.99",174.075520432683
2025-12-10,"hospital admissions",2025-12-21,3,"IE","quantile","0.01",73.0370242458434
2025-12-10,"hospital admissions",2025-12-21,3,"IE","quantile","0.025",79.4312232352571
2025-12-10,"hospital admissions",2025-12-21,3,"IE","quantile","0.05",85.3765687204698
2025-12-10,"hospital admissions",2025-12-21,3,"IE","quantile","0.1",92.7855387955277
2025-12-10,"hospital admissions",2025-12-21,3,"IE","quantile","0.15",98.1442494654721
2025-12-10,"hospital admissions",2025-12-21,3,"IE","quantile","0.2",102.62305446819
2025-12-10,"hospital admissions",2025-12-21,3,"IE","quantile","0.25",106.628013590617
2025-12-10,"hospital admissions",2025-12-21,3,"IE","quantile","0.3",110.357619390526
2025-12-10,"hospital admissions",2025-12-21,3,"IE","quantile","0.35",113.930007105427
2025-12-10,"hospital admissions",2025-12-21,3,"IE","quantile","0.4",117.426724451291
2025-12-10,"hospital admissions",2025-12-21,3,"IE","quantile","0.45",120.911952449282
2025-12-10,"hospital admissions",2025-12-21,3,"IE","quantile","0.5",124.442902359718
2025-12-10,"hospital admissions",2025-12-21,3,"IE","quantile","0.55",128.076965378639
2025-12-10,"hospital admissions",2025-12-21,3,"IE","quantile","0.6",131.878292782781
2025-12-10,"hospital admissions",2025-12-21,3,"IE","quantile","0.65",135.925875378732
2025-12-10,"hospital admissions",2025-12-21,3,"IE","quantile","0.7",140.32593339033
2025-12-10,"hospital admissions",2025-12-21,3,"IE","quantile","0.75",145.234215908464
2025-12-10,"hospital admissions",2025-12-21,3,"IE","quantile","0.8",150.902114811935
2025-12-10,"hospital admissions",2025-12-21,3,"IE","quantile","0.85",157.788520795184
2025-12-10,"hospital admissions",2025-12-21,3,"IE","quantile","0.9",166.901395936678
2025-12-10,"hospital admissions",2025-12-21,3,"IE","quantile","0.95",181.385082345168
2025-12-10,"hospital admissions",2025-12-21,3,"IE","quantile","0.975",194.961569480609
2025-12-10,"hospital admissions",2025-12-21,3,"IE","quantile","0.99",212.029941082815
2025-12-10,"hospital admissions",2025-12-28,4,"IE","quantile","0.01",55.8934858734517
2025-12-10,"hospital admissions",2025-12-28,4,"IE","quantile","0.025",64.2998843349966
2025-12-10,"hospital admissions",2025-12-28,4,"IE","quantile","0.05",72.5343435678012
2025-12-10,"hospital admissions",2025-12-28,4,"IE","quantile","0.1",83.3452495468486
2025-12-10,"hospital admissions",2025-12-28,4,"IE","quantile","0.15",91.5356038441312
2025-12-10,"hospital admissions",2025-12-28,4,"IE","quantile","0.2",98.6153299583236
2025-12-10,"hospital admissions",2025-12-28,4,"IE","quantile","0.25",105.123935344224
2025-12-10,"hospital admissions",2025-12-28,4,"IE","quantile","0.3",111.334154269892
2025-12-10,"hospital admissions",2025-12-28,4,"IE","quantile","0.35",117.415873450536
2025-12-10,"hospital admissions",2025-12-28,4,"IE","quantile","0.4",123.493737533256
2025-12-10,"hospital admissions",2025-12-28,4,"IE","quantile","0.45",129.673421781217
2025-12-10,"hospital admissions",2025-12-28,4,"IE","quantile","0.5",136.056969580173
2025-12-10,"hospital admissions",2025-12-28,4,"IE","quantile","0.55",142.754765911648
2025-12-10,"hospital admissions",2025-12-28,4,"IE","quantile","0.6",149.898281006799
2025-12-10,"hospital admissions",2025-12-28,4,"IE","quantile","0.65",157.657550272693
2025-12-10,"hospital admissions",2025-12-28,4,"IE","quantile","0.7",166.269722824364
2025-12-10,"hospital admissions",2025-12-28,4,"IE","quantile","0.75",176.092142200773
2025-12-10,"hospital admissions",2025-12-28,4,"IE","quantile","0.8",187.714212173333
2025-12-10,"hospital admissions",2025-12-28,4,"IE","quantile","0.85",202.232772756509
2025-12-10,"hospital admissions",2025-12-28,4,"IE","quantile","0.9",222.106227673296
2025-12-10,"hospital admissions",2025-12-28,4,"IE","quantile","0.95",255.210126138888
2025-12-10,"hospital admissions",2025-12-28,4,"IE","quantile","0.975",287.893192387357
2025-12-10,"hospital admissions",2025-12-28,4,"IE","quantile","0.99",331.192422194813
2025-12-10,"hospital admissions",2025-12-07,1,"LT","quantile","0.01",22.2671512328212
2025-12-10,"hospital admissions",2025-12-07,1,"LT","quantile","0.025",23.4724089215102
2025-12-10,"hospital admissions",2025-12-07,1,"LT","quantile","0.05",24.5610488458126
2025-12-10,"hospital admissions",2025-12-07,1,"LT","quantile","0.1",25.8789915485315
2025-12-10,"hospital admissions",2025-12-07,1,"LT","quantile","0.15",26.8079267286415
2025-12-10,"hospital admissions",2025-12-07,1,"LT","quantile","0.2",27.5699388579736
2025-12-10,"hospital admissions",2025-12-07,1,"LT","quantile","0.25",28.2409166205905
2025-12-10,"hospital admissions",2025-12-07,1,"LT","quantile","0.3",28.8573809334081
2025-12-10,"hospital admissions",2025-12-07,1,"LT","quantile","0.35",29.4406328838914
2025-12-10,"hospital admissions",2025-12-07,1,"LT","quantile","0.4",30.0049784793897
2025-12-10,"hospital admissions",2025-12-07,1,"LT","quantile","0.45",30.5612836756786
2025-12-10,"hospital admissions",2025-12-07,1,"LT","quantile","0.5",31.1188380247775
2025-12-10,"hospital admissions",2025-12-07,1,"LT","quantile","0.55",31.686564291244
2025-12-10,"hospital admissions",2025-12-07,1,"LT","quantile","0.6",32.2740468111822
2025-12-10,"hospital admissions",2025-12-07,1,"LT","quantile","0.65",32.8927059357543
2025-12-10,"hospital admissions",2025-12-07,1,"LT","quantile","0.7",33.5575179967647
2025-12-10,"hospital admissions",2025-12-07,1,"LT","quantile","0.75",34.2900371479546
2025-12-10,"hospital admissions",2025-12-07,1,"LT","quantile","0.8",35.1245639317864
2025-12-10,"hospital admissions",2025-12-07,1,"LT","quantile","0.85",36.1229754846248
2025-12-10,"hospital admissions",2025-12-07,1,"LT","quantile","0.9",37.4196219430075
2025-12-10,"hospital admissions",2025-12-07,1,"LT","quantile","0.95",39.4275540141452
2025-12-10,"hospital admissions",2025-12-07,1,"LT","quantile","0.975",41.2561864975396
2025-12-10,"hospital admissions",2025-12-07,1,"LT","quantile","0.99",43.4892667628253
2025-12-10,"hospital admissions",2025-12-14,2,"LT","quantile","0.01",10.8251201962139
2025-12-10,"hospital admissions",2025-12-14,2,"LT","quantile","0.025",13.347661085777
2025-12-10,"hospital admissions",2025-12-14,2,"LT","quantile","0.05",15.9825654317845
2025-12-10,"hospital admissions",2025-12-14,2,"LT","quantile","0.1",19.6722358481858
2025-12-10,"hospital admissions",2025-12-14,2,"LT","quantile","0.15",22.6316445342553
2025-12-10,"hospital admissions",2025-12-14,2,"LT","quantile","0.2",25.2980829361776
2025-12-10,"hospital admissions",2025-12-14,2,"LT","quantile","0.25",27.8346683399209
2025-12-10,"hospital admissions",2025-12-14,2,"LT","quantile","0.3",30.3286396865154
2025-12-10,"hospital admissions",2025-12-14,2,"LT","quantile","0.35",32.8387222475412
2025-12-10,"hospital admissions",2025-12-14,2,"LT","quantile","0.4",35.4123699781122
2025-12-10,"hospital admissions",2025-12-14,2,"LT","quantile","0.45",38.0942239483553
2025-12-10,"hospital admissions",2025-12-14,2,"LT","quantile","0.5",40.9317781054159
2025-12-10,"hospital admissions",2025-12-14,2,"LT","quantile","0.55",43.9806953710982
2025-12-10,"hospital admissions",2025-12-14,2,"LT","quantile","0.6",47.3114468166505
2025-12-10,"hospital admissions",2025-12-14,2,"LT","quantile","0.65",51.019355937226
2025-12-10,"hospital admissions",2025-12-14,2,"LT","quantile","0.7",55.2418597137384
2025-12-10,"hospital admissions",2025-12-14,2,"LT","quantile","0.75",60.1915007001576
2025-12-10,"hospital admissions",2025-12-14,2,"LT","quantile","0.8",66.2267754872082
2025-12-10,"hospital admissions",2025-12-14,2,"LT","quantile","0.85",74.0295499222385
2025-12-10,"hospital admissions",2025-12-14,2,"LT","quantile","0.9",85.1662450471033
2025-12-10,"hospital admissions",2025-12-14,2,"LT","quantile","0.95",104.827379936085
2025-12-10,"hospital admissions",2025-12-14,2,"LT","quantile","0.975",125.520901984565
2025-12-10,"hospital admissions",2025-12-14,2,"LT","quantile","0.99",154.770610256779
2025-12-10,"hospital admissions",2025-12-21,3,"LT","quantile","0.01",4.67007204893552
2025-12-10,"hospital admissions",2025-12-21,3,"LT","quantile","0.025",6.79624947248899
2025-12-10,"hospital admissions",2025-12-21,3,"LT","quantile","0.05",9.38451063335802
2025-12-10,"hospital admissions",2025-12-21,3,"LT","quantile","0.1",13.6140314216429
2025-12-10,"hospital admissions",2025-12-21,3,"LT","quantile","0.15",17.4984956385371
2025-12-10,"hospital admissions",2025-12-21,3,"LT","quantile","0.2",21.3619826079182
2025-12-10,"hospital admissions",2025-12-21,3,"LT","quantile","0.25",25.3496335867684
2025-12-10,"hospital admissions",2025-12-21,3,"LT","quantile","0.3",29.5612258482958
2025-12-10,"hospital admissions",2025-12-21,3,"LT","quantile","0.35",34.0860722471828
2025-12-10,"hospital admissions",2025-12-21,3,"LT","quantile","0.4",39.018525325559
2025-12-10,"hospital admissions",2025-12-21,3,"LT","quantile","0.45",44.4690519535804
2025-12-10,"hospital admissions",2025-12-21,3,"LT","quantile","0.5",50.5760086942654
2025-12-10,"hospital admissions",2025-12-21,3,"LT","quantile","0.55",57.5216368028836
2025-12-10,"hospital admissions",2025-12-21,3,"LT","quantile","0.6",65.5568767425161
2025-12-10,"hospital admissions",2025-12-21,3,"LT","quantile","0.65",75.0433384313978
2025-12-10,"hospital admissions",2025-12-21,3,"LT","quantile","0.7",86.5299926521782
2025-12-10,"hospital admissions",2025-12-21,3,"LT","quantile","0.75",100.90609975434
2025-12-10,"hospital admissions",2025-12-21,3,"LT","quantile","0.8",119.742287145869
2025-12-10,"hospital admissions",2025-12-21,3,"LT","quantile","0.85",146.180146469795
2025-12-10,"hospital admissions",2025-12-21,3,"LT","quantile","0.9",187.889433792252
2025-12-10,"hospital admissions",2025-12-21,3,"LT","quantile","0.95",272.569636859916
2025-12-10,"hospital admissions",2025-12-21,3,"LT","quantile","0.975",376.37415545101
2025-12-10,"hospital admissions",2025-12-21,3,"LT","quantile","0.99",547.728734940065
2025-12-10,"hospital admissions",2025-12-28,4,"LT","quantile","0.01",2.88906828602699
2025-12-10,"hospital admissions",2025-12-28,4,"LT","quantile","0.025",4.53015385488141
2025-12-10,"hospital admissions",2025-12-28,4,"LT","quantile","0.05",6.67005099031733
2025-12-10,"hospital admissions",2025-12-28,4,"LT","quantile","0.1",10.4193607403302
2025-12-10,"hospital admissions",2025-12-28,4,"LT","quantile","0.15",14.0778906536254
2025-12-10,"hospital admissions",2025-12-28,4,"LT","quantile","0.2",17.8817917609262
2025-12-10,"hospital admissions",2025-12-28,4,"LT","quantile","0.25",21.9545833835736
2025-12-10,"hospital admissions",2025-12-28,4,"LT","quantile","0.3",26.3968726079647
2025-12-10,"hospital admissions",2025-12-28,4,"LT","quantile","0.35",31.3119182490224
2025-12-10,"hospital admissions",2025-12-28,4,"LT","quantile","0.4",36.8194759924311
2025-12-10,"hospital admissions",2025-12-28,4,"LT","quantile","0.45",43.0684645726453
2025-12-10,"hospital admissions",2025-12-28,4,"LT","quantile","0.5",50.2529734311065
2025-12-10,"hospital admissions",2025-12-28,4,"LT","quantile","0.55",58.635973298
2025-12-10,"hospital admissions",2025-12-28,4,"LT","quantile","0.6",68.5876501660868
2025-12-10,"hospital admissions",2025-12-28,4,"LT","quantile","0.65",80.6517607315974
2025-12-10,"hospital admissions",2025-12-28,4,"LT","quantile","0.7",95.6689595837015
2025-12-10,"hospital admissions",2025-12-28,4,"LT","quantile","0.75",115.026611735068
2025-12-10,"hospital admissions",2025-12-28,4,"LT","quantile","0.8",141.225296236013
2025-12-10,"hospital admissions",2025-12-28,4,"LT","quantile","0.85",179.384923551537
2025-12-10,"hospital admissions",2025-12-28,4,"LT","quantile","0.9",242.372003581044
2025-12-10,"hospital admissions",2025-12-28,4,"LT","quantile","0.95",378.611998968743
2025-12-10,"hospital admissions",2025-12-28,4,"LT","quantile","0.975",557.455976014219
2025-12-10,"hospital admissions",2025-12-28,4,"LT","quantile","0.99",874.109258988937
2025-12-10,"hospital admissions",2025-12-07,1,"LV","quantile","0.01",11.8159830636199
2025-12-10,"hospital admissions",2025-12-07,1,"LV","quantile","0.025",13.4995428347994
2025-12-10,"hospital admissions",2025-12-07,1,"LV","quantile","0.05",15.1381416931885
2025-12-10,"hospital admissions",2025-12-07,1,"LV","quantile","0.1",17.2756807733645
2025-12-10,"hospital admissions",2025-12-07,1,"LV","quantile","0.15",18.8858896288893
2025-12-10,"hospital admissions",2025-12-07,1,"LV","quantile","0.2",20.2720089879911
2025-12-10,"hospital admissions",2025-12-07,1,"LV","quantile","0.25",21.5419774703548
2025-12-10,"hospital admissions",2025-12-07,1,"LV","quantile","0.3",22.7501102111277
2025-12-10,"hospital admissions",2025-12-07,1,"LV","quantile","0.35",23.9300262905192
2025-12-10,"hospital admissions",2025-12-07,1,"LV","quantile","0.4",25.106186806547
2025-12-10,"hospital admissions",2025-12-07,1,"LV","quantile","0.45",26.299128429529
2025-12-10,"hospital admissions",2025-12-07,1,"LV","quantile","0.5",27.5284853854785
2025-12-10,"hospital admissions",2025-12-07,1,"LV","quantile","0.55",28.8153088285471
2025-12-10,"hospital admissions",2025-12-07,1,"LV","quantile","0.6",30.1844925100646
2025-12-10,"hospital admissions",2025-12-07,1,"LV","quantile","0.65",31.6680599686068
2025-12-10,"hospital admissions",2025-12-07,1,"LV","quantile","0.7",33.3104983046558
2025-12-10,"hospital admissions",2025-12-07,1,"LV","quantile","0.75",35.1786417315392
2025-12-10,"hospital admissions",2025-12-07,1,"LV","quantile","0.8",37.3824571638372
2025-12-10,"hospital admissions",2025-12-07,1,"LV","quantile","0.85",40.1261218036181
2025-12-10,"hospital admissions",2025-12-07,1,"LV","quantile","0.9",43.8661444119121
2025-12-10,"hospital admissions",2025-12-07,1,"LV","quantile","0.95",50.0601409986463
2025-12-10,"hospital admissions",2025-12-07,1,"LV","quantile","0.975",56.1365312064481
2025-12-10,"hospital admissions",2025-12-07,1,"LV","quantile","0.99",64.1349520846669
2025-12-10,"hospital admissions",2025-12-14,2,"LV","quantile","0.01",11.0980677715038
2025-12-10,"hospital admissions",2025-12-14,2,"LV","quantile","0.025",12.8601841834743
2025-12-10,"hospital admissions",2025-12-14,2,"LV","quantile","0.05",14.5979059444597
2025-12-10,"hospital admissions",2025-12-14,2,"LV","quantile","0.1",16.8947606892955
2025-12-10,"hospital admissions",2025-12-14,2,"LV","quantile","0.15",18.6452927231478
2025-12-10,"hospital admissions",2025-12-14,2,"LV","quantile","0.2",20.165032608634
2025-12-10,"hospital admissions",2025-12-14,2,"LV","quantile","0.25",21.5671818687084
2025-12-10,"hospital admissions",2025-12-14,2,"LV","quantile","0.3",22.9092535436496
2025-12-10,"hospital admissions",2025-12-14,2,"LV","quantile","0.35",24.2273210810859
2025-12-10,"hospital admissions",2025-12-14,2,"LV","quantile","0.4",25.5480912243187
2025-12-10,"hospital admissions",2025-12-14,2,"LV","quantile","0.45",26.8944435868235
2025-12-10,"hospital admissions",2025-12-14,2,"LV","quantile","0.5",28.2887036456314
2025-12-10,"hospital admissions",2025-12-14,2,"LV","quantile","0.55",29.7552448470223
2025-12-10,"hospital admissions",2025-12-14,2,"LV","quantile","0.6",31.3233089284032
2025-12-10,"hospital admissions",2025-12-14,2,"LV","quantile","0.65",33.0309220434243
2025-12-10,"hospital admissions",2025-12-14,2,"LV","quantile","0.7",34.9313325475935
2025-12-10,"hospital admissions",2025-12-14,2,"LV","quantile","0.75",37.1050218253797
2025-12-10,"hospital admissions",2025-12-14,2,"LV","quantile","0.8",39.6850711566775
2025-12-10,"hospital admissions",2025-12-14,2,"LV","quantile","0.85",42.919720587538
2025-12-10,"hospital admissions",2025-12-14,2,"LV","quantile","0.9",47.3668001972586
2025-12-10,"hospital admissions",2025-12-14,2,"LV","quantile","0.95",54.8195581609483
2025-12-10,"hospital admissions",2025-12-14,2,"LV","quantile","0.975",62.227005658185
2025-12-10,"hospital admissions",2025-12-14,2,"LV","quantile","0.99",72.1072145554152
2025-12-10,"hospital admissions",2025-12-21,3,"LV","quantile","0.01",17.8345223152981
2025-12-10,"hospital admissions",2025-12-21,3,"LV","quantile","0.025",19.133146814514
2025-12-10,"hospital admissions",2025-12-21,3,"LV","quantile","0.05",20.3254196607365
2025-12-10,"hospital admissions",2025-12-21,3,"LV","quantile","0.1",21.7925315872961
2025-12-10,"hospital admissions",2025-12-21,3,"LV","quantile","0.15",22.8417550498432
2025-12-10,"hospital admissions",2025-12-21,3,"LV","quantile","0.2",23.7115562027615
2025-12-10,"hospital admissions",2025-12-21,3,"LV","quantile","0.25",24.4841176214578
2025-12-10,"hospital admissions",2025-12-21,3,"LV","quantile","0.3",25.1993302418759
2025-12-10,"hospital admissions",2025-12-21,3,"LV","quantile","0.35",25.8807178881061
2025-12-10,"hospital admissions",2025-12-21,3,"LV","quantile","0.4",26.5443168654595
2025-12-10,"hospital admissions",2025-12-21,3,"LV","quantile","0.45",27.2025469993572
2025-12-10,"hospital admissions",2025-12-21,3,"LV","quantile","0.5",27.8662753391832
2025-12-10,"hospital admissions",2025-12-21,3,"LV","quantile","0.55",28.5461983136182
2025-12-10,"hospital admissions",2025-12-21,3,"LV","quantile","0.6",29.2540699093906
2025-12-10,"hospital admissions",2025-12-21,3,"LV","quantile","0.65",30.0041638967068
2025-12-10,"hospital admissions",2025-12-21,3,"LV","quantile","0.7",30.8154738171867
2025-12-10,"hospital admissions",2025-12-21,3,"LV","quantile","0.75",31.7156335092355
2025-12-10,"hospital admissions",2025-12-21,3,"LV","quantile","0.8",32.7489809036123
2025-12-10,"hospital admissions",2025-12-21,3,"LV","quantile","0.85",33.9960436308285
2025-12-10,"hospital admissions",2025-12-21,3,"LV","quantile","0.9",35.6328175167975
2025-12-10,"hospital admissions",2025-12-21,3,"LV","quantile","0.95",38.2048348442824
2025-12-10,"hospital admissions",2025-12-21,3,"LV","quantile","0.975",40.5855507620999
2025-12-10,"hospital admissions",2025-12-21,3,"LV","quantile","0.99",43.5407961901552
2025-12-10,"hospital admissions",2025-12-28,4,"LV","quantile","0.01",8.98050345830439
2025-12-10,"hospital admissions",2025-12-28,4,"LV","quantile","0.025",10.3795860113213
2025-12-10,"hospital admissions",2025-12-28,4,"LV","quantile","0.05",11.7560043999689
2025-12-10,"hospital admissions",2025-12-28,4,"LV","quantile","0.1",13.5709477889805
2025-12-10,"hospital admissions",2025-12-28,4,"LV","quantile","0.15",14.9512576400793
2025-12-10,"hospital admissions",2025-12-28,4,"LV","quantile","0.2",16.1477373585923
2025-12-10,"hospital admissions",2025-12-28,4,"LV","quantile","0.25",17.2502355861025
2025-12-10,"hospital admissions",2025-12-28,4,"LV","quantile","0.3",18.3043186929608
2025-12-10,"hospital admissions",2025-12-28,4,"LV","quantile","0.35",19.338495905364
2025-12-10,"hospital admissions",2025-12-28,4,"LV","quantile","0.4",20.3738055825581
2025-12-10,"hospital admissions",2025-12-28,4,"LV","quantile","0.45",21.4282042249534
2025-12-10,"hospital admissions",2025-12-28,4,"LV","quantile","0.5",22.5191484535172
2025-12-10,"hospital admissions",2025-12-28,4,"LV","quantile","0.55",23.6656344016458
2025-12-10,"hospital admissions",2025-12-28,4,"LV","quantile","0.6",24.8903939431759
2025-12-10,"hospital admissions",2025-12-28,4,"LV","quantile","0.65",26.2229311707168
2025-12-10,"hospital admissions",2025-12-28,4,"LV","quantile","0.7",27.7045027229866
2025-12-10,"hospital admissions",2025-12-28,4,"LV","quantile","0.75",29.3973983451042
2025-12-10,"hospital admissions",2025-12-28,4,"LV","quantile","0.8",31.4045265791811
2025-12-10,"hospital admissions",2025-12-28,4,"LV","quantile","0.85",33.9176850054506
2025-12-10,"hospital admissions",2025-12-28,4,"LV","quantile","0.9",37.3674746198139
2025-12-10,"hospital admissions",2025-12-28,4,"LV","quantile","0.95",43.136428825502
2025-12-10,"hospital admissions",2025-12-28,4,"LV","quantile","0.975",48.8566737168925
2025-12-10,"hospital admissions",2025-12-28,4,"LV","quantile","0.99",56.4681088789754
2025-12-10,"hospital admissions",2025-12-07,1,"MT","quantile","0.01",3.19398057100274
2025-12-10,"hospital admissions",2025-12-07,1,"MT","quantile","0.025",3.34832211098166
2025-12-10,"hospital admissions",2025-12-07,1,"MT","quantile","0.05",3.48701670320567
2025-12-10,"hospital admissions",2025-12-07,1,"MT","quantile","0.1",3.65406775282505
2025-12-10,"hospital admissions",2025-12-07,1,"MT","quantile","0.15",3.7712744238006
2025-12-10,"hospital admissions",2025-12-07,1,"MT","quantile","0.2",3.86710205260665
2025-12-10,"hospital admissions",2025-12-07,1,"MT","quantile","0.25",3.95125188191238
2025-12-10,"hospital admissions",2025-12-07,1,"MT","quantile","0.3",4.02838045975364
2025-12-10,"hospital admissions",2025-12-07,1,"MT","quantile","0.35",4.10119489567245
2025-12-10,"hospital admissions",2025-12-07,1,"MT","quantile","0.4",4.1715052891073
2025-12-10,"hospital admissions",2025-12-07,1,"MT","quantile","0.45",4.24067848349868
2025-12-10,"hospital admissions",2025-12-07,1,"MT","quantile","0.5",4.30987478172247
2025-12-10,"hospital admissions",2025-12-07,1,"MT","quantile","0.55",4.38020017466696
2025-12-10,"hospital admissions",2025-12-07,1,"MT","quantile","0.6",4.45283401237216
2025-12-10,"hospital admissions",2025-12-07,1,"MT","quantile","0.65",4.52917286465161
2025-12-10,"hospital admissions",2025-12-07,1,"MT","quantile","0.7",4.61103930467961
2025-12-10,"hospital admissions",2025-12-07,1,"MT","quantile","0.75",4.70104695657549
2025-12-10,"hospital admissions",2025-12-07,1,"MT","quantile","0.8",4.80334379114891
2025-12-10,"hospital admissions",2025-12-07,1,"MT","quantile","0.85",4.9253961782521
2025-12-10,"hospital admissions",2025-12-07,1,"MT","quantile","0.9",5.08338156011654
2025-12-10,"hospital admissions",2025-12-07,1,"MT","quantile","0.95",5.32690899273612
2025-12-10,"hospital admissions",2025-12-07,1,"MT","quantile","0.975",5.54756084344631
2025-12-10,"hospital admissions",2025-12-07,1,"MT","quantile","0.99",5.8156335710883
2025-12-10,"hospital admissions",2025-12-14,2,"MT","quantile","0.01",0.295746663824938
2025-12-10,"hospital admissions",2025-12-14,2,"MT","quantile","0.025",0.426825742532888
2025-12-10,"hospital admissions",2025-12-14,2,"MT","quantile","0.05",0.58517240742472
2025-12-10,"hospital admissions",2025-12-14,2,"MT","quantile","0.1",0.841926896166531
2025-12-10,"hospital admissions",2025-12-14,2,"MT","quantile","0.15",1.07614267441409
2025-12-10,"hospital admissions",2025-12-14,2,"MT","quantile","0.2",1.30794220543611
2025-12-10,"hospital admissions",2025-12-14,2,"MT","quantile","0.25",1.54621419329945
2025-12-10,"hospital admissions",2025-12-14,2,"MT","quantile","0.3",1.79696463834649
2025-12-10,"hospital admissions",2025-12-14,2,"MT","quantile","0.35",2.06548382165421
2025-12-10,"hospital admissions",2025-12-14,2,"MT","quantile","0.4",2.35729293267486
2025-12-10,"hospital admissions",2025-12-14,2,"MT","quantile","0.45",2.67880279129175
2025-12-10,"hospital admissions",2025-12-14,2,"MT","quantile","0.5",3.0379985961228
2025-12-10,"hospital admissions",2025-12-14,2,"MT","quantile","0.55",3.4453583145602
2025-12-10,"hospital admissions",2025-12-14,2,"MT","quantile","0.6",3.91526879927108
2025-12-10,"hospital admissions",2025-12-14,2,"MT","quantile","0.65",4.46841334378133
2025-12-10,"hospital admissions",2025-12-14,2,"MT","quantile","0.7",5.13612525983635
2025-12-10,"hospital admissions",2025-12-14,2,"MT","quantile","0.75",5.96905364731489
2025-12-10,"hospital admissions",2025-12-14,2,"MT","quantile","0.8",7.05645511834117
2025-12-10,"hospital admissions",2025-12-14,2,"MT","quantile","0.85",8.57640505248909
2025-12-10,"hospital admissions",2025-12-14,2,"MT","quantile","0.9",10.9622765492677
2025-12-10,"hospital admissions",2025-12-14,2,"MT","quantile","0.95",15.7721644987703
2025-12-10,"hospital admissions",2025-12-14,2,"MT","quantile","0.975",21.6234274326435
2025-12-10,"hospital admissions",2025-12-14,2,"MT","quantile","0.99",31.207234430571
2025-12-10,"hospital admissions",2025-12-21,3,"MT","quantile","0.01",0.18860022590967
2025-12-10,"hospital admissions",2025-12-21,3,"MT","quantile","0.025",0.301825456339951
2025-12-10,"hospital admissions",2025-12-21,3,"MT","quantile","0.05",0.452262810509346
2025-12-10,"hospital admissions",2025-12-21,3,"MT","quantile","0.1",0.720919540078639
2025-12-10,"hospital admissions",2025-12-21,3,"MT","quantile","0.15",0.987437991582971
2025-12-10,"hospital admissions",2025-12-21,3,"MT","quantile","0.2",1.26792478203256
2025-12-10,"hospital admissions",2025-12-21,3,"MT","quantile","0.25",1.57126197367126
2025-12-10,"hospital admissions",2025-12-21,3,"MT","quantile","0.3",1.90504293447789
2025-12-10,"hospital admissions",2025-12-21,3,"MT","quantile","0.35",2.2773232214762
2025-12-10,"hospital admissions",2025-12-21,3,"MT","quantile","0.4",2.69763684895793
2025-12-10,"hospital admissions",2025-12-21,3,"MT","quantile","0.45",3.17798970504494
2025-12-10,"hospital admissions",2025-12-21,3,"MT","quantile","0.5",3.73416177585511
2025-12-10,"hospital admissions",2025-12-21,3,"MT","quantile","0.55",4.38766813691115
2025-12-10,"hospital admissions",2025-12-21,3,"MT","quantile","0.6",5.16895525565044
2025-12-10,"hospital admissions",2025-12-21,3,"MT","quantile","0.65",6.12296227288224
2025-12-10,"hospital admissions",2025-12-21,3,"MT","quantile","0.7",7.3195012647203
2025-12-10,"hospital admissions",2025-12-21,3,"MT","quantile","0.75",8.87437257561658
2025-12-10,"hospital admissions",2025-12-21,3,"MT","quantile","0.8",10.9974695390876
2025-12-10,"hospital admissions",2025-12-21,3,"MT","quantile","0.85",14.121356770873
2025-12-10,"hospital admissions",2025-12-21,3,"MT","quantile","0.9",19.3419145869404
2025-12-10,"hospital admissions",2025-12-21,3,"MT","quantile","0.95",30.8315515762913
2025-12-10,"hospital admissions",2025-12-21,3,"MT","quantile","0.975",46.1987677823704
2025-12-10,"hospital admissions",2025-12-21,3,"MT","quantile","0.99",73.933973838058
2025-12-10,"hospital admissions",2025-12-28,4,"MT","quantile","0.01",1.81414273491537
2025-12-10,"hospital admissions",2025-12-28,4,"MT","quantile","0.025",2.22359848181335
2025-12-10,"hospital admissions",2025-12-28,4,"MT","quantile","0.05",2.6489409167514
2025-12-10,"hospital admissions",2025-12-28,4,"MT","quantile","0.1",3.24125902713473
2025-12-10,"hospital admissions",2025-12-28,4,"MT","quantile","0.15",3.71402669920509
2025-12-10,"hospital admissions",2025-12-28,4,"MT","quantile","0.2",4.1384783729555
2025-12-10,"hospital admissions",2025-12-28,4,"MT","quantile","0.25",4.54107619499698
2025-12-10,"hospital admissions",2025-12-28,4,"MT","quantile","0.3",4.9358924489166
2025-12-10,"hospital admissions",2025-12-28,4,"MT","quantile","0.35",5.33232701972337
2025-12-10,"hospital admissions",2025-12-28,4,"MT","quantile","0.4",5.73790663459041
2025-12-10,"hospital admissions",2025-12-28,4,"MT","quantile","0.45",6.15964742811409
2025-12-10,"hospital admissions",2025-12-28,4,"MT","quantile","0.5",6.6049551249214
2025-12-10,"hospital admissions",2025-12-28,4,"MT","quantile","0.55",7.08245605147929
2025-12-10,"hospital admissions",2025-12-28,4,"MT","quantile","0.6",7.6030223181454
2025-12-10,"hospital admissions",2025-12-28,4,"MT","quantile","0.65",8.18131221901103
2025-12-10,"hospital admissions",2025-12-28,4,"MT","quantile","0.7",8.83840818124005
2025-12-10,"hospital admissions",2025-12-28,4,"MT","quantile","0.75",9.60684875763342
2025-12-10,"hospital admissions",2025-12-28,4,"MT","quantile","0.8",10.5414184322704
2025-12-10,"hospital admissions",2025-12-28,4,"MT","quantile","0.85",11.7461277840471
2025-12-10,"hospital admissions",2025-12-28,4,"MT","quantile","0.9",13.4594093952406
2025-12-10,"hospital admissions",2025-12-28,4,"MT","quantile","0.95",16.4690091524301
2025-12-10,"hospital admissions",2025-12-28,4,"MT","quantile","0.975",19.619293932351
2025-12-10,"hospital admissions",2025-12-28,4,"MT","quantile","0.99",24.0474089290778
2025-12-10,"hospital admissions",2025-12-07,1,"PL","quantile","0.01",5.23223807965583
2025-12-10,"hospital admissions",2025-12-07,1,"PL","quantile","0.025",7.14885959854737
2025-12-10,"hospital admissions",2025-12-07,1,"PL","quantile","0.05",9.35010780719416
2025-12-10,"hospital admissions",2025-12-07,1,"PL","quantile","0.1",12.7416514248554
2025-12-10,"hospital admissions",2025-12-07,1,"PL","quantile","0.15",15.7004067039986
2025-12-10,"hospital admissions",2025-12-07,1,"PL","quantile","0.2",18.5346594545794
2025-12-10,"hospital admissions",2025-12-07,1,"PL","quantile","0.25",21.3706354121462
2025-12-10,"hospital admissions",2025-12-07,1,"PL","quantile","0.3",24.2853978401834
2025-12-10,"hospital admissions",2025-12-07,1,"PL","quantile","0.35",27.3400933169904
2025-12-10,"hospital admissions",2025-12-07,1,"PL","quantile","0.4",30.5932445051731
2025-12-10,"hospital admissions",2025-12-07,1,"PL","quantile","0.45",34.1086725369945
2025-12-10,"hospital admissions",2025-12-07,1,"PL","quantile","0.5",37.9625289906332
2025-12-10,"hospital admissions",2025-12-07,1,"PL","quantile","0.55",42.2518233684286
2025-12-10,"hospital admissions",2025-12-07,1,"PL","quantile","0.6",47.1069228084316
2025-12-10,"hospital admissions",2025-12-07,1,"PL","quantile","0.65",52.7120954071164
2025-12-10,"hospital admissions",2025-12-07,1,"PL","quantile","0.7",59.3423923646862
2025-12-10,"hospital admissions",2025-12-07,1,"PL","quantile","0.75",67.4361608614394
2025-12-10,"hospital admissions",2025-12-07,1,"PL","quantile","0.8",77.7545231352279
2025-12-10,"hospital admissions",2025-12-07,1,"PL","quantile","0.85",91.7908455834859
2025-12-10,"hospital admissions",2025-12-07,1,"PL","quantile","0.9",113.105715994818
2025-12-10,"hospital admissions",2025-12-07,1,"PL","quantile","0.95",154.132298480645
2025-12-10,"hospital admissions",2025-12-07,1,"PL","quantile","0.975",201.592098361745
2025-12-10,"hospital admissions",2025-12-07,1,"PL","quantile","0.99",275.437314859239
2025-12-10,"hospital admissions",2025-12-14,2,"PL","quantile","0.01",12.9555708035831
2025-12-10,"hospital admissions",2025-12-14,2,"PL","quantile","0.025",15.3843062372429
2025-12-10,"hospital admissions",2025-12-14,2,"PL","quantile","0.05",17.8343138939401
2025-12-10,"hospital admissions",2025-12-14,2,"PL","quantile","0.1",21.147064738182
2025-12-10,"hospital admissions",2025-12-14,2,"PL","quantile","0.15",23.7232008200576
2025-12-10,"hospital admissions",2025-12-14,2,"PL","quantile","0.2",25.9926557139359
2025-12-10,"hospital admissions",2025-12-14,2,"PL","quantile","0.25",28.1119067893922
2025-12-10,"hospital admissions",2025-12-14,2,"PL","quantile","0.3",30.1619184722309
2025-12-10,"hospital admissions",2025-12-14,2,"PL","quantile","0.35",32.1947738357362
2025-12-10,"hospital admissions",2025-12-14,2,"PL","quantile","0.4",34.2502998641693
2025-12-10,"hospital admissions",2025-12-14,2,"PL","quantile","0.45",36.3638720734133
2025-12-10,"hospital admissions",2025-12-14,2,"PL","quantile","0.5",38.571235758987
2025-12-10,"hospital admissions",2025-12-14,2,"PL","quantile","0.55",40.9125910731351
2025-12-10,"hospital admissions",2025-12-14,2,"PL","quantile","0.6",43.4372905894394
2025-12-10,"hospital admissions",2025-12-14,2,"PL","quantile","0.65",46.2106128021301
2025-12-10,"hospital admissions",2025-12-14,2,"PL","quantile","0.7",49.3251193336748
2025-12-10,"hospital admissions",2025-12-14,2,"PL","quantile","0.75",52.9220674755775
2025-12-10,"hospital admissions",2025-12-14,2,"PL","quantile","0.8",57.2369458645855
2025-12-10,"hospital admissions",2025-12-14,2,"PL","quantile","0.85",62.7124577016392
2025-12-10,"hospital admissions",2025-12-14,2,"PL","quantile","0.9",70.3520912426762
2025-12-10,"hospital admissions",2025-12-14,2,"PL","quantile","0.95",83.4200988511744
2025-12-10,"hospital admissions",2025-12-14,2,"PL","quantile","0.975",96.7050580658476
2025-12-10,"hospital admissions",2025-12-14,2,"PL","quantile","0.99",114.834016233688
2025-12-10,"hospital admissions",2025-12-21,3,"PL","quantile","0.01",9.06653513173
2025-12-10,"hospital admissions",2025-12-21,3,"PL","quantile","0.025",11.5292160748601
2025-12-10,"hospital admissions",2025-12-21,3,"PL","quantile","0.05",14.1760026427942
2025-12-10,"hospital admissions",2025-12-21,3,"PL","quantile","0.1",17.9901343758272
2025-12-10,"hospital admissions",2025-12-21,3,"PL","quantile","0.15",21.1277034047524
2025-12-10,"hospital admissions",2025-12-21,3,"PL","quantile","0.2",24.0071901673499
2025-12-10,"hospital admissions",2025-12-21,3,"PL","quantile","0.25",26.7883515150151
2025-12-10,"hospital admissions",2025-12-21,3,"PL","quantile","0.3",29.5594563154743
2025-12-10,"hospital admissions",2025-12-21,3,"PL","quantile","0.35",32.3825546729401
2025-12-10,"hospital admissions",2025-12-21,3,"PL","quantile","0.4",35.3103116882815
2025-12-10,"hospital admissions",2025-12-21,3,"PL","quantile","0.45",38.394652430429
2025-12-10,"hospital admissions",2025-12-21,3,"PL","quantile","0.5",41.6930157760241
2025-12-10,"hospital admissions",2025-12-21,3,"PL","quantile","0.55",45.2747311008896
2025-12-10,"hospital admissions",2025-12-21,3,"PL","quantile","0.6",49.2294596503573
2025-12-10,"hospital admissions",2025-12-21,3,"PL","quantile","0.65",53.6803714857117
2025-12-10,"hospital admissions",2025-12-21,3,"PL","quantile","0.7",58.8071561921722
2025-12-10,"hospital admissions",2025-12-21,3,"PL","quantile","0.75",64.890426853084
2025-12-10,"hospital admissions",2025-12-21,3,"PL","quantile","0.8",72.4077891824221
2025-12-10,"hospital admissions",2025-12-21,3,"PL","quantile","0.85",82.2762195775986
2025-12-10,"hospital admissions",2025-12-21,3,"PL","quantile","0.9",96.6256020208222
2025-12-10,"hospital admissions",2025-12-21,3,"PL","quantile","0.95",122.623253416462
2025-12-10,"hospital admissions",2025-12-21,3,"PL","quantile","0.975",150.774133576197
2025-12-10,"hospital admissions",2025-12-21,3,"PL","quantile","0.99",191.727880523649
2025-12-10,"hospital admissions",2025-12-28,4,"PL","quantile","0.01",4.45852095582922
2025-12-10,"hospital admissions",2025-12-28,4,"PL","quantile","0.025",6.1504665811131
2025-12-10,"hospital admissions",2025-12-28,4,"PL","quantile","0.05",8.11096648176959
2025-12-10,"hospital admissions",2025-12-28,4,"PL","quantile","0.1",11.1587264106519
2025-12-10,"hospital admissions",2025-12-28,4,"PL","quantile","0.15",13.8384763182462
2025-12-10,"hospital admissions",2025-12-28,4,"PL","quantile","0.2",16.4201895010924
2025-12-10,"hospital admissions",2025-12-28,4,"PL","quantile","0.25",19.0156981817309
2025-12-10,"hospital admissions",2025-12-28,4,"PL","quantile","0.3",21.6943916810579
2025-12-10,"hospital admissions",2025-12-28,4,"PL","quantile","0.35",24.5123201684928
2025-12-10,"hospital admissions",2025-12-28,4,"PL","quantile","0.4",27.5239838030407
2025-12-10,"hospital admissions",2025-12-28,4,"PL","quantile","0.45",30.789534696519
2025-12-10,"hospital admissions",2025-12-28,4,"PL","quantile","0.5",34.3813533072829
2025-12-10,"hospital admissions",2025-12-28,4,"PL","quantile","0.55",38.3921831522143
2025-12-10,"hospital admissions",2025-12-28,4,"PL","quantile","0.6",42.9471788567766
2025-12-10,"hospital admissions",2025-12-28,4,"PL","quantile","0.65",48.2238093789101
2025-12-10,"hospital admissions",2025-12-28,4,"PL","quantile","0.7",54.4876976786736
2025-12-10,"hospital admissions",2025-12-28,4,"PL","quantile","0.75",62.1632423875911
2025-12-10,"hospital admissions",2025-12-28,4,"PL","quantile","0.8",71.9892699875096
2025-12-10,"hospital admissions",2025-12-28,4,"PL","quantile","0.85",85.4196248239863
2025-12-10,"hospital admissions",2025-12-28,4,"PL","quantile","0.9",105.933008099547
2025-12-10,"hospital admissions",2025-12-28,4,"PL","quantile","0.95",145.738175332999
2025-12-10,"hospital admissions",2025-12-28,4,"PL","quantile","0.975",192.193135211912
2025-12-10,"hospital admissions",2025-12-28,4,"PL","quantile","0.99",265.127710949687
2025-12-10,"hospital admissions",2025-12-07,1,"PT","quantile","0.01",8.29069717793954
2025-12-10,"hospital admissions",2025-12-07,1,"PT","quantile","0.025",9.41492980980614
2025-12-10,"hospital admissions",2025-12-07,1,"PT","quantile","0.05",10.5030279829059
2025-12-10,"hospital admissions",2025-12-07,1,"PT","quantile","0.1",11.9145055606634
2025-12-10,"hospital admissions",2025-12-07,1,"PT","quantile","0.15",12.9724901478052
2025-12-10,"hospital admissions",2025-12-07,1,"PT","quantile","0.2",13.8799503427559
2025-12-10,"hospital admissions",2025-12-07,1,"PT","quantile","0.25",14.7088965200378
2025-12-10,"hospital admissions",2025-12-07,1,"PT","quantile","0.3",15.4954234573339
2025-12-10,"hospital admissions",2025-12-07,1,"PT","quantile","0.35",16.2617530050625
2025-12-10,"hospital admissions",2025-12-07,1,"PT","quantile","0.4",17.0239393027838
2025-12-10,"hospital admissions",2025-12-07,1,"PT","quantile","0.45",17.7953478369814
2025-12-10,"hospital admissions",2025-12-07,1,"PT","quantile","0.5",18.5886459571891
2025-12-10,"hospital admissions",2025-12-07,1,"PT","quantile","0.55",19.4173084834927
2025-12-10,"hospital admissions",2025-12-07,1,"PT","quantile","0.6",20.2971681451672
2025-12-10,"hospital admissions",2025-12-07,1,"PT","quantile","0.65",21.2484938379123
2025-12-10,"hospital admissions",2025-12-07,1,"PT","quantile","0.7",22.2993427364634
2025-12-10,"hospital admissions",2025-12-07,1,"PT","quantile","0.75",23.4917526308653
2025-12-10,"hospital admissions",2025-12-07,1,"PT","quantile","0.8",24.8947402540285
2025-12-10,"hospital admissions",2025-12-07,1,"PT","quantile","0.85",26.6361935591975
2025-12-10,"hospital admissions",2025-12-07,1,"PT","quantile","0.9",29.001434995552
2025-12-10,"hospital admissions",2025-12-07,1,"PT","quantile","0.95",32.8988706003735
2025-12-10,"hospital admissions",2025-12-07,1,"PT","quantile","0.975",36.7010445645412
2025-12-10,"hospital admissions",2025-12-07,1,"PT","quantile","0.99",41.6777686008305
2025-12-10,"hospital admissions",2025-12-14,2,"PT","quantile","0.01",15.3762575706711
2025-12-10,"hospital admissions",2025-12-14,2,"PT","quantile","0.025",16.2862671277923
2025-12-10,"hospital admissions",2025-12-14,2,"PT","quantile","0.05",17.11188735657
2025-12-10,"hospital admissions",2025-12-14,2,"PT","quantile","0.1",18.1158526296322
2025-12-10,"hospital admissions",2025-12-14,2,"PT","quantile","0.15",18.8262931994863
2025-12-10,"hospital admissions",2025-12-14,2,"PT","quantile","0.2",19.4107469663966
2025-12-10,"hospital admissions",2025-12-14,2,"PT","quantile","0.25",19.9265953261195
2025-12-10,"hospital admissions",2025-12-14,2,"PT","quantile","0.3",20.4015159432786
2025-12-10,"hospital admissions",2025-12-14,2,"PT","quantile","0.35",20.8516989030034
2025-12-10,"hospital admissions",2025-12-14,2,"PT","quantile","0.4",21.2880604568735
2025-12-10,"hospital admissions",2025-12-14,2,"PT","quantile","0.45",21.7189348559941
2025-12-10,"hospital admissions",2025-12-14,2,"PT","quantile","0.5",22.1514916724098
2025-12-10,"hospital admissions",2025-12-14,2,"PT","quantile","0.55",22.5926633403672
2025-12-10,"hospital admissions",2025-12-14,2,"PT","quantile","0.6",23.0499431503826
2025-12-10,"hospital admissions",2025-12-14,2,"PT","quantile","0.65",23.5323071561409
2025-12-10,"hospital admissions",2025-12-14,2,"PT","quantile","0.7",24.0515746318598
2025-12-10,"hospital admissions",2025-12-14,2,"PT","quantile","0.75",24.6248079655461
2025-12-10,"hospital admissions",2025-12-14,2,"PT","quantile","0.8",25.279222080547
2025-12-10,"hospital admissions",2025-12-14,2,"PT","quantile","0.85",26.0640041092226
2025-12-10,"hospital admissions",2025-12-14,2,"PT","quantile","0.9",27.0861434647697
2025-12-10,"hospital admissions",2025-12-14,2,"PT","quantile","0.95",28.6753046632488
2025-12-10,"hospital admissions",2025-12-14,2,"PT","quantile","0.975",30.1289779580913
2025-12-10,"hospital admissions",2025-12-14,2,"PT","quantile","0.99",31.9120944129337
2025-12-10,"hospital admissions",2025-12-21,3,"PT","quantile","0.01",19.3268527415081
2025-12-10,"hospital admissions",2025-12-21,3,"PT","quantile","0.025",20.1141948404141
2025-12-10,"hospital admissions",2025-12-21,3,"PT","quantile","0.05",20.8169602231339
2025-12-10,"hospital admissions",2025-12-21,3,"PT","quantile","0.1",21.6577312250907
2025-12-10,"hospital admissions",2025-12-21,3,"PT","quantile","0.15",22.2440970610964
2025-12-10,"hospital admissions",2025-12-21,3,"PT","quantile","0.2",22.7214237622914
2025-12-10,"hospital admissions",2025-12-21,3,"PT","quantile","0.25",23.1390823989369
2025-12-10,"hospital admissions",2025-12-21,3,"PT","quantile","0.3",23.5206916207808
2025-12-10,"hospital admissions",2025-12-21,3,"PT","quantile","0.35",23.879925151361
2025-12-10,"hospital admissions",2025-12-21,3,"PT","quantile","0.4",24.2258745649207
2025-12-10,"hospital admissions",2025-12-21,3,"PT","quantile","0.45",24.565354070878
2025-12-10,"hospital admissions",2025-12-21,3,"PT","quantile","0.5",24.9040955371459
2025-12-10,"hospital admissions",2025-12-21,3,"PT","quantile","0.55",25.2475080446142
2025-12-10,"hospital admissions",2025-12-21,3,"PT","quantile","0.6",25.6013037985992
2025-12-10,"hospital admissions",2025-12-21,3,"PT","quantile","0.65",25.9721908922291
2025-12-10,"hospital admissions",2025-12-21,3,"PT","quantile","0.7",26.368866380414
2025-12-10,"hospital admissions",2025-12-21,3,"PT","quantile","0.75",26.8037411263891
2025-12-10,"hospital admissions",2025-12-21,3,"PT","quantile","0.8",27.2964397395114
2025-12-10,"hospital admissions",2025-12-21,3,"PT","quantile","0.85",27.8821825322821
2025-12-10,"hospital admissions",2025-12-21,3,"PT","quantile","0.9",28.6370704335257
2025-12-10,"hospital admissions",2025-12-21,3,"PT","quantile","0.95",29.7936859116465
2025-12-10,"hospital admissions",2025-12-21,3,"PT","quantile","0.975",30.8346408814304
2025-12-10,"hospital admissions",2025-12-21,3,"PT","quantile","0.99",32.0907900949264
2025-12-10,"hospital admissions",2025-12-28,4,"PT","quantile","0.01",18.6076679840575
2025-12-10,"hospital admissions",2025-12-28,4,"PT","quantile","0.025",19.3567345551339
2025-12-10,"hospital admissions",2025-12-28,4,"PT","quantile","0.05",20.0250479993023
2025-12-10,"hospital admissions",2025-12-28,4,"PT","quantile","0.1",20.8242581067028
2025-12-10,"hospital admissions",2025-12-28,4,"PT","quantile","0.15",21.3814246898383
2025-12-10,"hospital admissions",2025-12-28,4,"PT","quantile","0.2",21.8348558332588
2025-12-10,"hospital admissions",2025-12-28,4,"PT","quantile","0.25",22.2315151584716
2025-12-10,"hospital admissions",2025-12-28,4,"PT","quantile","0.3",22.5938648668309
2025-12-10,"hospital admissions",2025-12-28,4,"PT","quantile","0.35",22.9349057716613
2025-12-10,"hospital admissions",2025-12-28,4,"PT","quantile","0.4",23.2632789877739
2025-12-10,"hospital admissions",2025-12-28,4,"PT","quantile","0.45",23.5854580691522
2025-12-10,"hospital admissions",2025-12-28,4,"PT","quantile","0.5",23.9068851926455
2025-12-10,"hospital admissions",2025-12-28,4,"PT","quantile","0.55",24.2326927863173
2025-12-10,"hospital admissions",2025-12-28,4,"PT","quantile","0.6",24.5682975265313
2025-12-10,"hospital admissions",2025-12-28,4,"PT","quantile","0.65",24.9200570215787
2025-12-10,"hospital admissions",2025-12-28,4,"PT","quantile","0.7",25.296210408578
2025-12-10,"hospital admissions",2025-12-28,4,"PT","quantile","0.75",25.7085113425812
2025-12-10,"hospital admissions",2025-12-28,4,"PT","quantile","0.8",26.175540794905
2025-12-10,"hospital admissions",2025-12-28,4,"PT","quantile","0.85",26.7306396980162
2025-12-10,"hospital admissions",2025-12-28,4,"PT","quantile","0.9",27.4458353659366
2025-12-10,"hospital admissions",2025-12-28,4,"PT","quantile","0.95",28.541212966593
2025-12-10,"hospital admissions",2025-12-28,4,"PT","quantile","0.975",29.5266310537253
2025-12-10,"hospital admissions",2025-12-28,4,"PT","quantile","0.99",30.7152492243527
2025-12-10,"hospital admissions",2025-12-07,1,"SK","quantile","0.01",2.37921630585769
2025-12-10,"hospital admissions",2025-12-07,1,"SK","quantile","0.025",2.88803015205606
2025-12-10,"hospital admissions",2025-12-07,1,"SK","quantile","0.05",3.41185582283434
2025-12-10,"hospital admissions",2025-12-07,1,"SK","quantile","0.1",4.13476175906234
2025-12-10,"hospital admissions",2025-12-07,1,"SK","quantile","0.15",4.70717598713884
2025-12-10,"hospital admissions",2025-12-07,1,"SK","quantile","0.2",5.21811678249805
2025-12-10,"hospital admissions",2025-12-07,1,"SK","quantile","0.25",5.70043754055683
2025-12-10,"hospital admissions",2025-12-07,1,"SK","quantile","0.3",6.1714547160597
2025-12-10,"hospital admissions",2025-12-07,1,"SK","quantile","0.35",6.64259551071475
2025-12-10,"hospital admissions",2025-12-07,1,"SK","quantile","0.4",7.12287759085604
2025-12-10,"hospital admissions",2025-12-07,1,"SK","quantile","0.45",7.62058270289314
2025-12-10,"hospital admissions",2025-12-07,1,"SK","quantile","0.5",8.1443386077843
2025-12-10,"hospital admissions",2025-12-07,1,"SK","quantile","0.55",8.70409179249033
2025-12-10,"hospital admissions",2025-12-07,1,"SK","quantile","0.6",9.31228292388418
2025-12-10,"hospital admissions",2025-12-07,1,"SK","quantile","0.65",9.98559241658669
2025-12-10,"hospital admissions",2025-12-07,1,"SK","quantile","0.7",10.7479118635737
2025-12-10,"hospital admissions",2025-12-07,1,"SK","quantile","0.75",11.6359930069099
2025-12-10,"hospital admissions",2025-12-07,1,"SK","quantile","0.8",12.7115306389314
2025-12-10,"hospital admissions",2025-12-07,1,"SK","quantile","0.85",14.0913047524623
2025-12-10,"hospital admissions",2025-12-07,1,"SK","quantile","0.9",16.0420975193715
2025-12-10,"hospital admissions",2025-12-07,1,"SK","quantile","0.95",19.4411061904554
2025-12-10,"hospital admissions",2025-12-07,1,"SK","quantile","0.975",22.9672987697251
2025-12-10,"hospital admissions",2025-12-07,1,"SK","quantile","0.99",27.8790336107479
2025-12-10,"hospital admissions",2025-12-14,2,"SK","quantile","0.01",1.47280195123426
2025-12-10,"hospital admissions",2025-12-14,2,"SK","quantile","0.025",1.88744298136914
2025-12-10,"hospital admissions",2025-12-14,2,"SK","quantile","0.05",2.3362921253391
2025-12-10,"hospital admissions",2025-12-14,2,"SK","quantile","0.1",2.98779276530433
2025-12-10,"hospital admissions",2025-12-14,2,"SK","quantile","0.15",3.52714783094935
2025-12-10,"hospital admissions",2025-12-14,2,"SK","quantile","0.2",4.02443715396811
2025-12-10,"hospital admissions",2025-12-14,2,"SK","quantile","0.25",4.50658498707562
2025-12-10,"hospital admissions",2025-12-14,2,"SK","quantile","0.3",4.98860334723962
2025-12-10,"hospital admissions",2025-12-14,2,"SK","quantile","0.35",5.4811703574801
2025-12-10,"hospital admissions",2025-12-14,2,"SK","quantile","0.4",5.99346560321442
2025-12-10,"hospital admissions",2025-12-14,2,"SK","quantile","0.45",6.53464546246522
2025-12-10,"hospital admissions",2025-12-14,2,"SK","quantile","0.5",7.11493269906794
2025-12-10,"hospital admissions",2025-12-14,2,"SK","quantile","0.55",7.74675039419334
2025-12-10,"hospital admissions",2025-12-14,2,"SK","quantile","0.6",8.44624306930474
2025-12-10,"hospital admissions",2025-12-14,2,"SK","quantile","0.65",9.23566756927787
2025-12-10,"hospital admissions",2025-12-14,2,"SK","quantile","0.7",10.1475831587768
2025-12-10,"hospital admissions",2025-12-14,2,"SK","quantile","0.75",11.2329552105297
2025-12-10,"hospital admissions",2025-12-14,2,"SK","quantile","0.8",12.5787197999483
2025-12-10,"hospital admissions",2025-12-14,2,"SK","quantile","0.85",14.3521819153922
2025-12-10,"hospital admissions",2025-12-14,2,"SK","quantile","0.9",16.9430316252573
2025-12-10,"hospital admissions",2025-12-14,2,"SK","quantile","0.95",21.6677815086666
2025-12-10,"hospital admissions",2025-12-14,2,"SK","quantile","0.975",26.8205544813571
2025-12-10,"hospital admissions",2025-12-14,2,"SK","quantile","0.99",34.3714015790399
2025-12-10,"hospital admissions",2025-12-21,3,"SK","quantile","0.01",6.39641477836291
2025-12-10,"hospital admissions",2025-12-21,3,"SK","quantile","0.025",6.57963982818143
2025-12-10,"hospital admissions",2025-12-21,3,"SK","quantile","0.05",6.74141603828453
2025-12-10,"hospital admissions",2025-12-21,3,"SK","quantile","0.1",6.93287646672395
2025-12-10,"hospital admissions",2025-12-21,3,"SK","quantile","0.15",7.06511653017757
2025-12-10,"hospital admissions",2025-12-21,3,"SK","quantile","0.2",7.17201340807228
2025-12-10,"hospital admissions",2025-12-21,3,"SK","quantile","0.25",7.26500947618472
2025-12-10,"hospital admissions",2025-12-21,3,"SK","quantile","0.3",7.34955003576391
2025-12-10,"hospital admissions",2025-12-21,3,"SK","quantile","0.35",7.42876739095151
2025-12-10,"hospital admissions",2025-12-21,3,"SK","quantile","0.4",7.50472628671751
2025-12-10,"hospital admissions",2025-12-21,3,"SK","quantile","0.45",7.57895655330195
2025-12-10,"hospital admissions",2025-12-21,3,"SK","quantile","0.5",7.65272674239042
2025-12-10,"hospital admissions",2025-12-21,3,"SK","quantile","0.55",7.72721497765844
2025-12-10,"hospital admissions",2025-12-21,3,"SK","quantile","0.6",7.80364591009126
2025-12-10,"hospital admissions",2025-12-21,3,"SK","quantile","0.65",7.88343792605899
2025-12-10,"hospital admissions",2025-12-21,3,"SK","quantile","0.7",7.96840980858909
2025-12-10,"hospital admissions",2025-12-21,3,"SK","quantile","0.75",8.06113560975738
2025-12-10,"hospital admissions",2025-12-21,3,"SK","quantile","0.8",8.16566050026928
2025-12-10,"hospital admissions",2025-12-21,3,"SK","quantile","0.85",8.28920886775883
2025-12-10,"hospital admissions",2025-12-21,3,"SK","quantile","0.9",8.44732008060304
2025-12-10,"hospital admissions",2025-12-21,3,"SK","quantile","0.95",8.68722924992478
2025-12-10,"hospital admissions",2025-12-21,3,"SK","quantile","0.975",8.90082559578101
2025-12-10,"hospital admissions",2025-12-21,3,"SK","quantile","0.99",9.15578939499078
2025-12-10,"hospital admissions",2025-12-28,4,"SK","quantile","0.01",3.04141677074739
2025-12-10,"hospital admissions",2025-12-28,4,"SK","quantile","0.025",3.31373053678321
2025-12-10,"hospital admissions",2025-12-28,4,"SK","quantile","0.05",3.56735822681148
2025-12-10,"hospital admissions",2025-12-28,4,"SK","quantile","0.1",3.88395976472075
2025-12-10,"hospital admissions",2025-12-28,4,"SK","quantile","0.15",4.11329510164739
2025-12-10,"hospital admissions",2025-12-28,4,"SK","quantile","0.2",4.30518319818922
2025-12-10,"hospital admissions",2025-12-28,4,"SK","quantile","0.25",4.47692470952934
2025-12-10,"hospital admissions",2025-12-28,4,"SK","quantile","0.3",4.63698486185076
2025-12-10,"hospital admissions",2025-12-28,4,"SK","quantile","0.35",4.79040830179066
2025-12-10,"hospital admissions",2025-12-28,4,"SK","quantile","0.4",4.94068337104728
2025-12-10,"hospital admissions",2025-12-28,4,"SK","quantile","0.45",5.09056161125216
2025-12-10,"hospital admissions",2025-12-28,4,"SK","quantile","0.5",5.24250196158316
2025-12-10,"hospital admissions",2025-12-28,4,"SK","quantile","0.55",5.39897734592842
2025-12-10,"hospital admissions",2025-12-28,4,"SK","quantile","0.6",5.56275817597627
2025-12-10,"hospital admissions",2025-12-28,4,"SK","quantile","0.65",5.7372618544707
2025-12-10,"hospital admissions",2025-12-28,4,"SK","quantile","0.7",5.92709004580052
2025-12-10,"hospital admissions",2025-12-28,4,"SK","quantile","0.75",6.13899687852751
2025-12-10,"hospital admissions",2025-12-28,4,"SK","quantile","0.8",6.38389252024469
2025-12-10,"hospital admissions",2025-12-28,4,"SK","quantile","0.85",6.68170557619265
2025-12-10,"hospital admissions",2025-12-28,4,"SK","quantile","0.9",7.07623880835422
2025-12-10,"hospital admissions",2025-12-28,4,"SK","quantile","0.95",7.70425201782117
2025-12-10,"hospital admissions",2025-12-28,4,"SK","quantile","0.975",8.29392327231384
2025-12-10,"hospital admissions",2025-12-28,4,"SK","quantile","0.99",9.0365210981754
2025-12-10,"hospital admissions",2025-12-07,1,"CZ","median","",34.589934675667
2025-12-10,"hospital admissions",2025-12-14,2,"CZ","median","",44.9193797878997
2025-12-10,"hospital admissions",2025-12-21,3,"CZ","median","",37.6514346080422
2025-12-10,"hospital admissions",2025-12-28,4,"CZ","median","",38.6822663836345
2025-12-10,"hospital admissions",2025-12-07,1,"EE","median","",9.22073755184476
2025-12-10,"hospital admissions",2025-12-14,2,"EE","median","",3.87401613316207
2025-12-10,"hospital admissions",2025-12-21,3,"EE","median","",11.8331737500976
2025-12-10,"hospital admissions",2025-12-28,4,"EE","median","",8.77599002962059
2025-12-10,"hospital admissions",2025-12-07,1,"IE","median","",99.1505564650646
2025-12-10,"hospital admissions",2025-12-14,2,"IE","median","",118.595727696861
2025-12-10,"hospital admissions",2025-12-21,3,"IE","median","",124.442902359718
2025-12-10,"hospital admissions",2025-12-28,4,"IE","median","",136.056969580173
2025-12-10,"hospital admissions",2025-12-07,1,"LT","median","",31.1188380247775
2025-12-10,"hospital admissions",2025-12-14,2,"LT","median","",40.9317781054159
2025-12-10,"hospital admissions",2025-12-21,3,"LT","median","",50.5760086942654
2025-12-10,"hospital admissions",2025-12-28,4,"LT","median","",50.2529734311065
2025-12-10,"hospital admissions",2025-12-07,1,"LV","median","",27.5284853854785
2025-12-10,"hospital admissions",2025-12-14,2,"LV","median","",28.2887036456314
2025-12-10,"hospital admissions",2025-12-21,3,"LV","median","",27.8662753391832
2025-12-10,"hospital admissions",2025-12-28,4,"LV","median","",22.5191484535172
2025-12-10,"hospital admissions",2025-12-07,1,"MT","median","",4.30987478172247
2025-12-10,"hospital admissions",2025-12-14,2,"MT","median","",3.0379985961228
2025-12-10,"hospital admissions",2025-12-21,3,"MT","median","",3.73416177585511
2025-12-10,"hospital admissions",2025-12-28,4,"MT","median","",6.6049551249214
2025-12-10,"hospital admissions",2025-12-07,1,"PL","median","",37.9625289906332
2025-12-10,"hospital admissions",2025-12-14,2,"PL","median","",38.571235758987
2025-12-10,"hospital admissions",2025-12-21,3,"PL","median","",41.6930157760241
2025-12-10,"hospital admissions",2025-12-28,4,"PL","median","",34.3813533072829
2025-12-10,"hospital admissions",2025-12-07,1,"PT","median","",18.5886459571891
2025-12-10,"hospital admissions",2025-12-14,2,"PT","median","",22.1514916724098
2025-12-10,"hospital admissions",2025-12-21,3,"PT","median","",24.9040955371459
2025-12-10,"hospital admissions",2025-12-28,4,"PT","median","",23.9068851926455
2025-12-10,"hospital admissions",2025-12-07,1,"SK","median","",8.1443386077843
2025-12-10,"hospital admissions",2025-12-14,2,"SK","median","",7.11493269906794
2025-12-10,"hospital admissions",2025-12-21,3,"SK","median","",7.65272674239042
2025-12-10,"hospital admissions",2025-12-28,4,"SK","median","",5.24250196158316
